абстр	30	астр, абстракт	карьеристлъи:senses[0].comment:абстр. || колонизаторлъи:senses[0].comment:абстр имя || нотариуслъи:senses[0].comment:абстр имя
ххам	13	мхах, хам, ахам, охам, храм, хлам, мхам	бадис:senses[0].comment:ххам || габардин#1:senses[0].comment:ххам || гъараман:senses[0].comment:ххам
яркожёлтый	12	ярко жёлтый, ярковатый	кантӏогьил:senses[0].examples[0].ru:сделать яркожёлтым; покрасить в яркожёлтый цвет || кантӏогьилаб:senses[0].text:яркожёлтый; жёлтый как марена || кантӏогьилаб:senses[0].examples[0].ru:яркожёлтый цвет
родп	11	род, прод, роди, рода, роде, подп, роды, роду	афгъаназул:senses[1].text:афганский родп. || габанидул:senses[2].text:пеньковый; родп. || демобилизациялъул:senses[1].text:демобилизационный родп.
хинкалы	10	лысинка	буцизе:senses[0].examples[2].ru:замесив кукурузную муку, приготовили хинкалы || гӏисинхинкӏал:senses[0].text:мелкие хинкалы || лъахь-лъахьи:senses[0].examples[1].ru:когда лиса начала пробовать хинкалы, начиненные углём, она стала жаловаться на шум во рту
указат	10	указа, указать, указан, указав, указал, указам, указах, указ ат, указка, укатка, указ	гъобеле:senses[0].comment:указат.; ниже говорящего || гъовго:senses[0].comment:указат. Ⅰ || гъойго:senses[0].comment:указат. Ⅱ; о женщине, находящейся ниже говорящего
Ахмед	10	Ах мед, Архимед	авадан:senses[0].examples[1].ru:сегодня Ахмед, кажется, в весёлом настроении || агьа:senses[0].examples[2].ru:Ахмед — ваш родственник? — Да || адаб-хъатир:senses[0].examples[1].ru:Ахмед — очень уважительный [к людям] человек
хинкал	9	хитринка	базе:senses[27].examples[1].ru:сварить хинкал || вехьасул:senses[1].examples[4].ru:чабанский хинкал || гвенегадул:senses[1].examples[2].ru:хинкал из просяной муки
тухум	9	тух ум, тухлым	асилаб:senses[0].examples[2].ru:благородный тухум || аслу-тухум:senses[0].text:происхождение, род, тухум || бег:senses[0].examples[0].ru:тухум беков
распрашивать	9	расспрашивать, раскрашивать, спрашивать, распрыскивать, запрашивать, напрашиваться	гьикъа-бакъаризе:senses[0].text:опрашивать, распрашивать кого-либо || гьикъа-бакъи:senses[1].examples[0].ru:опрашивать, распрашивать || гьикъа-бакъизе:senses[0].text:распрашивать, выспрашивать, разузнавать; опросить, опрашивать; спросить, спрашивать; распросить, распрашивать
чарыки	8	чарки, арыки, чарочки	вехьасул:senses[1].examples[5].ru:чарыки, поршни || гвагӏ-гвагӏараб:senses[1].examples[0].ru:грубые чарыки || тӏомохьит:senses[0].examples[0].ru:чабанские чарыки
урбеч	8	уберечь	барсизе:senses[1].examples[0].comment:на урбеч || габанихьон:senses[1].examples[2].ru:урбеч из конопляных семян || ракъикквезе:senses[0].examples[0].ru:покушаешь урбеч с маслом и мёдом, насытишься надолго
кумган	8	курган	бер#1:senses[0].examples[36].comment:гулгун кумган || бесизе:senses[0].examples[0].ru:кумган пропускает || бурбутӏи:senses[0].text:кувшинчик с носиком для воды, кумган
кулин	8	нулик, кули, клин, клину, кулан, кулон, кулис, кулик, кузин, кулич, инулин	гуляш:senses[0].comment:кулин. || долма:senses[0].comment:кулин. || жаркой:senses[0].comment:кулин
взымать	8	вздымать, взимать, изымать, взывать, вымазать, вымазывать	бахъизе:senses[19].text:взымать; содрать, сдирать || бахъизе:senses[19].examples[0].ru:взымать штраф || бахъизе:senses[19].examples[1].ru:взымать дань
беспредельничать	8	беспредельность, пробездельничать, побездельничать, бездельничать	зани:senses[1].examples[1].ru:выйти из рамок приличия; загибать; переборщить; беспредельничать; свалить межевой знак [стоячий камень] || канлъи:senses[1].examples[8].ru:беспредельничать || ракӏ:senses[1].examples[162].ru:лишиться благонравия, беспредельничать; потерять голову
яркокрасный	7	ярко красный, раскоканный	канчӏбагӏар:senses[0].examples[0].ru:(с)делать яркокрасным, (по)красить в яркокрасный цвет || канчӏбагӏараб:senses[0].text:яркокрасный || канчӏбагӏараб:senses[0].examples[0].ru:яркокрасный цвет
сах	7	ах, саха, асах, сахо, осах, снах, стах, свах, псах, усах, сих, сох, сан, сап, пах	сахӏ:senses[0].text:сах || сахӏ:senses[0].examples[0].ru:куда посыпал сах, оттуда не высыпишь кали || сахӏ:senses[0].examples[1].ru:взайми взяла у соседки один сах муки
распросы	7	расспросы, распр осы, расспрос	гьикъа-бакъи:senses[1].text:опрос; распросы || гьикъари:senses[1].text:приветствие при встрече, распросы о здоровье, о житьё-бытьё || гьикъ-бакъ:senses[0].text:опрос, распросы; допрос
подхвостник	7	подхвостье	магъакь:senses[0].text:пахва, подхвостник || магъакь:senses[0].examples[0].ru:подхвостник осла || магъакь:senses[0].examples[1].ru:ему осёл и бык нипочём, а ослиный подхвостник дорог
музыкалияб	7	музыкальный	накъира:senses[0].comment:музыкалияб алат || ноктюрн:senses[0].comment:музыкалияб лирикияб асар || оратория:senses[0].comment:музыкалияб асар
Магомед	7	Магомет, Магом ед, Магометанка	басра:senses[0].examples[4].ru:Долгой тебе жизни, Алил Магомед, Не издевайся оттого, что я в руках твоих || бецаризе:senses[0].examples[1].ru:Магомед хорошо косит || гъарин:senses[0].examples[3].ru:слушай, Магомед, где ты был целый день?
Гасан	7	Ганса, Гаван, Га сан, Гас ан, Сарган, Ганс	балагьизе:senses[4].examples[1].ru:Гасан побежал, не обращая внимания ни на кого || гъалатӏлъизе:senses[0].examples[0].ru:в этом деле Гасан ошибся || гъоркьисаялдаса:senses[0].examples[0].ru:над этой книгой Гасан работает с прошлого года
Асма	7	Алма, Сама, Асам, Аса, Астма, Басма, Масса, Масс	анибехун:senses[0].examples[3].ru:Асма говорила, что придёт сюда || бацӏцӏадаб:senses[5].examples[3].ru:Асма — девочка опрятная || бессаризе:senses[0].examples[0].ru:Асма умеет ткать
ярлыга	6	ярлыка	вехьасул:senses[1].examples[3].ru:ярлыга || иргъахъ:senses[0].text:ярлыга || иргъахъ:senses[0].examples[0].ru:чабанская ярлыга
яркожёлтым	6	ярко жёлтым, ярковатым	кантӏогьил:senses[0].examples[0].ru:сделать яркожёлтым; покрасить в яркожёлтый цвет || кантӏогьиллъизабизе:senses[0].text:понудительная форма (с)делать яркожёлтым; (по)красить в яркожёлтый цвет || кантӏогьиллъизе:senses[0].text:становиться, стать яркожёлтым; принимать, принять яркожёлтый цвет, (по)желтеть
ханша	6	хана, ханжа, Чанша, хан ша	бика:senses[0].text:жена хана, ханша || бика:senses[0].examples[0].ru:ханша || хан:senses[0].examples[4].ru:жена хана, ханша
уразы	6	разы, уреазы, указы, зразы, фразы, у разы	рамазан:senses[0].comment:святой месяц у мусульман — месяц уразы
собств	6	удобств	апанди:senses[0].comment:титул духовных лиц, прибавляется к собств. имени через дефис || дибир:senses[3].comment:Д прописная буква; имя собств. муж || зиярат:senses[3].comment:собств. имя жен.
собст	6	сост, особист	базарган:senses[1].comment:имя собст. муж. || гӏагараб:senses[3].comment:имя собст. муж. || магьди:senses[1].comment:имя собст. муж.
раздасться	6	раздастся, раздаться, раздаваться, раздавиться, раздаиваться, разрастаться	бахъине:senses[2].text:раздаваться, раздасться || вагъгъан:senses[0].examples[0].ru:раздасться — о шуме, гвалте || гьаракь:senses[0].examples[2].ru:раздасться — о звуке, о голосе
рабадан	6	раба дан, сарабанда, барабан	кӏалбиччазе:senses[0].comment:каждый вечер в месяц рабадан с наступлением темноты || кӏалкквезе:senses[0].examples[0].comment:в месяц рабадан лунного календаря || кӏалккинамоцӏ:senses[0].text:рабадан
повидимому	6	по видимому, подводимому, подсудимому, пуповидному, подвидовому	духъ:senses[0].examples[4].ru:повидимому, чтобы было || духъ:senses[0].examples[5].ru:повидимому, это годится || духъ:senses[0].examples[6].ru:повидимому, он уехал, чтобы не возвращаться
корн	6	крон, кон, корни, корон, корне, корня, корню, кори, кора, коре, керн, корт, корр, корп, копн	автомат:senses[0].examples[1].ru:автомат для поп-корна || баркаман:senses[1].text:безропотный, покорный, беспомощный || барсизе:senses[1].examples[1].ru:поджарить зерно (кукурузы и злаковых) на поп-корн
джамаат	6	диамат	бихха-хочизе:senses[0].examples[0].ru:из-за этого джамаат не станет волноваться || гъоркь:senses[0].examples[33].ru:грубиян подводит целый джамаат || данделъизабизе:senses[0].examples[0].ru:собрать джамаат
вспылчивый	6	вспыльчивый, вспыльчив	манзилкъокъаб:senses[0].text:вспылчивый, раздражительный || манзилкъокъаб:senses[0].examples[0].ru:он человек очень вспылчивый || хехаб:senses[4].text:горячий, вспылчивый
байрама	6	бай рама, байрачный	кӏалбиччанкъоялъ:senses[0].text:в день разговения, в день уразы-байрама || кӏалбиччанкъоялъ:senses[0].examples[0].ru:в день уразы-байрама подобает посещать стариков || кӏалбиччансордо:senses[0].text:ночь накануне дня разговения; ночь накануне уразы-байрама
Расул	6	Расу, Разул, Рас ул, Рассудил	анлъабилеб:senses[0].examples[3].ru:их шестого брата зовут Расул || ккезе:senses[8].examples[0].ru:Расул Гамзатов является выдающимся поэтом || кӏудияб:senses[1].examples[3].ru:Расул Гамзатов — великий поэт
яркозелёный	5	ярко зелёный, вечнозелёный	канчӏгӏурччин:senses[0].examples[1].ru:луга приняли яркозелёный (светлозелёный) цвет || канчӏгӏурччинаб:senses[0].text:яркозелёный, светлозелёный || канчӏгӏурччинлъи:senses[1].text:яркозелёный, светлозелёный цвет
червиветь	5	зачервиветь, червивость, зачервивеет, черстветь	борохь:senses[1].examples[1].ru:червиветь || жилла:senses[0].examples[0].ru:червиветь || къвекӏ:senses[0].examples[0].ru:(за)червиветь
хурджины	5	сурдины	лага:senses[3].examples[3].ru:хомяк, да сгниют его кишки, полностью загрыз мои хурджины || хулжал:senses[0].text:хурджины, чересседельные сумки, перемётные сумы; кому-либо, принимать участие в ком-либо || хулжал:senses[0].examples[0].ru:взвалить хурджины на плечо
химикияб	5	микрохимия	углерод:senses[0].comment:химикияб элемент || фосфор:senses[0].comment:химикияб элемент || фтор:senses[0].comment:химикияб элемент, газ
уразу	5	разу, уреазу, урезу, урану, сразу, указу, зразу, фразу, у разу	ахту:senses[0].examples[3].ru:когда совершаешь намаз или держишь уразу, нельзя глотать слюну || кӏалкквей:senses[1].examples[0].ru:вознаграждение за пост, уразу || кӏалкквезе:senses[0].text:поститься, держать уразу
уль	5	ул, ль, ульи, улье, нуль, руль, пуль, куль, улья, буль, гуль, улью, иль, аль, ель	авал#1:senses[0].examples[3].ru:не женись на той, о ком говорит мама [твоя], а женись на той, о ком говорят аульчане || адаб:senses[1].text:приличие; нравственность, мораль; культура поведения || алхӏам:senses[0].comment:одна из сур Корана, начинающаяся словом аль-хамд-уль-иллахи “слава Аллаху”
тухума	5	тух ума, тумака	аслу-тухум:senses[0].examples[0].ru:человек известного тухума || ачу:senses[0].examples[0].ru:эти два тухума страшно ненавидят друг друга; между этими двумя тухумами большой гнев || кьибил#3:senses[0].examples[1].ru:девушка из гордой фамилии; дочь человека из гордого тухума
сумах	5	Сумах, сума, умах, сумках, суммах, сомах, сурах, супах, пумах, суках, судах, думах, сушах, шумах, с умах	сумахъ:senses[0].text:сумах || сумахъ:senses[0].examples[0].ru:красивый сумах || сумахъ:senses[0].examples[1].ru:маленький сумах
скем	5	сем, кем, скуем, сеем, стем, ткем, суем, скеб, схем, съем, с кем, скетчем	барщи#1:senses[1].text:прекращение общения, ссора; скем-либо (из-за обиды). || гъунуб:senses[1].text:рядом; близко; скем-чем-либо к кому-чему-либо || дандчӏвазе:senses[1].text:встречать, встретить кого-что-либо; скем-чем-либо
сидетельство	5	свидетельство, свидетельств, сиятельство, издевательство, доносительство	свидетельство:senses[0].text:сидетельство || свидетельство:senses[0].examples[0].ru:сидетельство о рождении [ребёнка] || свидетельство:senses[0].examples[1].ru:сидетельство о смерти
светлосерый	5	светло серый, светловолосый, светлокрылый, светлоголовый, светлотный	канчӏцӏахӏил:senses[0].examples[0].ru:(с)делать светлосерым; (по)красить в светлосерый цвет || канчӏцӏахӏилаб:senses[0].text:светлосерый || канчӏцӏахӏиллъи:senses[1].text:светлосерый цвет
светлозелёный	5	светло зелёный, вечнозелёный, осветлённый, светлотный, возвеселённый	канчӏгӏурччин:senses[0].examples[1].ru:луга приняли яркозелёный (светлозелёный) цвет || канчӏгӏурччинаб:senses[0].text:яркозелёный, светлозелёный || канчӏгӏурччинлъи:senses[1].text:яркозелёный, светлозелёный цвет
рить	5	роить, брить, рать, нить, вить, лить, пить, рыть, ритм, шить, бить, жить, мирить, ширить, тырить	бухъардизе:senses[0].text:копать, рить; рыть землю рогами || бухъаризе:senses[0].text:копать, рить; заниматься копкой || гъуй:senses[0].examples[2].ru:(вы)рить колодец
распросить	5	расспросить, рас просить, распроститься, распространить, распростирать, испросить	гьикъа-бакъизе:senses[0].text:распрашивать, выспрашивать, разузнавать; опросить, опрашивать; спросить, спрашивать; распросить, распрашивать || гьикъизе:senses[0].text:спрашивать, спросить кого-что-либо у кого-либо; опрашивать, опросить кого-либо; распрашивать, распросить кого-либо; задавать вопрос кому-либо || лъазабизе:senses[1].examples[1].ru:распросить и разузнать
рамадан	5	рамазан, рама дан, адамантан, намаран, адамант	дагьалъги:senses[0].examples[0].comment:призыв к предутренней трапезе в месяц рамадан; аульский певец, играя на бубне, пел эти слова, подходя к каждым воротам, чтобы разбудить людей || лъабмоцӏ:senses[0].comment:у мусульман: раджаб, шаабан и рамадан || лъабмоцӏил:senses[0].comment:месяцев раджаб, шаабан и рамадан
разо	5	роза, раз, разно, разор, разов, разок, разом, рази, раза, разе, рано, разр, разв, разл, разы	бихъ-бихъизе:senses[0].text:(разо)рваться (на части); разрушаться, разрушиться || бихъ-бихъизе:senses[1].text:(разо)рвать что-либо (на части); разрывать, раздирать || бихъ-бихъизе:senses[1].examples[0].ru:(разо)рвать бумагу
ослабиться	5	осклабиться, ославиться, осла биться, ослабить, ослабляться, расслабиться, ослабителя	гьартизе:senses[0].text:провисать, провиснуть, отвиснуть; свисать, свешиваться, свеситься; ослабляться, ослабиться; становиться слабым, не тугим || тамахлъизе:senses[2].examples[1].ru:ослабиться от усталости || тантикълъизе:senses[0].text:ослабиться
наибом	5	набобом	жахӏабго:senses[0].examples[2].ru:назначив наибом, Идриса оставили в своем ауле || наиб:senses[0].examples[0].ru:Хаджи Мурат был храбрым наибом войска имама Шамиля || наиб:senses[0].examples[1].ru:назначить наибом
ложат	5	ложа, вложат, сложат, уложат, лежат, лопат, пожат, ложам, дожат, лощат, ложах, лож ат	баркала:senses[0].examples[3].ru:спасибо в карман не ложат || ботека:senses[0].comment:туго набитая подушка цилиндрической формы для поперечных краёв дивана, тахты и тому подобное; их ложат и в гостиной для знатных гостей || бурукь#1:senses[0].comment:для её изготовления в сыворотку ложат на несколько дней сушёный сычуг недельного телёнка или ягнёнка и немного кураги
кутан	5	тукан, окутан, укутан, уткан, кнута, кусан, сутан, кутай, кутал, кулан, путан, кутая, бутан, кутаю, куранта	къо-къо:senses[0].examples[1].ru:на кутан отправились по двадцать человек || охолиса:senses[0].examples[1].ru:весной он отправился на кутан || хъутан:senses[0].text:кутан (с жильём для чабанов), зимнее пастбище
кремнёвка	5	кремнёвый	жазаир:senses[0].text:кремнёвка || жазаир:senses[0].examples[0].ru:кремнёвка || мачӏу#2:senses[0].examples[0].ru:кремнёвое ружьё; кремнёвка
кошара	5	кошмара, ковара, комара, ко шара, кош ара, коша	гӏиял:senses[1].examples[0].ru:овчарня, кошара || гӏиял:senses[1].examples[5].ru:загон, кошара || къайи:senses[3].text:стойбище отары, место гуртования; кошара
избитком	5	избитом, избытком, из битком, избит ком, битком	тӏад:senses[0].examples[58].ru:с избитком || чӏабатӏхӏалаб:senses[0].text:с избитком серы, изобилующий серой || чӏандахӏалаб:senses[0].text:изобилующий вздором, с избитком пустословия
джамаата	5	диамата	данделъи:senses[1].examples[1].ru:сход аульского джамаата || дандечӏезе:senses[0].examples[1].ru:нельзя выступать против джамаата || исанаялдаса:senses[0].examples[1].ru:на сходе джамаата вынесли решение не употреблять спиртного на территории аула, начиная с нынешнего года
взайми	5	займи, взаймы, в займи	базе:senses[28].text:посыпать, давать взайми || базе:senses[28].examples[0].ru:давать (посыпать) взайми мерку пшеницы || базе:senses[28].examples[1].ru:давать взайми банку муки
бутень	5	бутен, бутена, бутене, бутены, бутену, трутень	къачи:senses[0].text:бутень || къвали:senses[0].text:бутень || къвали:senses[0].examples[4].ru:наткнулся на поле, где бутень можно выкопать
бугеб	5	бугель	панно:senses[1].text:накъиш-сурат тӏад гьабураб ва сверун рамка бугеб къоно || пансион:senses[0].text:пансион (1. квана-гьекъейги бугеб гьоркьохъеб цӏалул идара 2. общежитие || параллель:senses[0].text:параллель (1. киса-кибего бащадаб манзилалъ бугеб мухъ
бешмета	5	бешамель	бекӏикӏичӏ:senses[0].comment:для застёгивания бешмета || гужгат:senses[0].examples[0].ru:подол бешмета || гужгат:senses[0].examples[1].ru:рукав бешмета
бешмет	5	бешамель	букъизе#2:senses[0].examples[0].ru:сшить бешмет || гужгат:senses[0].text:бешмет || гӏорогинабизе:senses[0].examples[0].ru:он испачкал свой бешмет
беспокойствие	5	беспокойстве, беспокойств, спокойствие	кӏвар:senses[0].text:забота, беспокойствие о ком-чём-либо || тӏагӏам:senses[1].examples[7].ru:причинить беспокойствие || тӏагӏам:senses[2].examples[2].ru:беспокоить, причинить беспокойствие
безворсый	5	безворсовый, безволосый	давагьин:senses[0].text:ковёр безворсый || давагьин:senses[0].examples[0].ru:(со)ткать безворсый ковёр || давагьин:senses[0].examples[1].ru:стелить безворсый ковёр
аробщик	5	гардеробщик	гьакихъан:senses[0].text:аробщик, подводчик || гьокочи:senses[0].text:аробщик, подводчик; возница, кучер || гьокочи:senses[0].examples[0].ru:аробщик огрел волов кнутом
альчики	5	пальчики, мальчики, зальчики, канальчики, бокальчики, кинжальчики, кинжальчик	бекӏ:senses[1].examples[0].ru:играть в альчики || бекӏ:senses[1].examples[1].ru:играть в альчики || гӏалу:senses[0].examples[0].ru:играть в альчики
альчик	5	пальчик, мальчик, зальчик, Нальчик, аль чик, канальчик	бахине#1:senses[4].examples[1].ru:я выиграл этот альчик || бекӏ:senses[1].text:альчик, астрагал, бабки, игральная косточка || бекӏ:senses[1].examples[2].ru:кукурузные зёрна с альчик
алхамд	5	алхимия	алхӏам:senses[0].text:алхамд || алхӏам:senses[0].examples[0].ru:большой алхамд || алхӏам:senses[0].examples[1].ru:читать алхамд
яркоголубой	4	ярко голубой, голубоглазой	канчӏхъахӏил:senses[0].examples[0].ru:(с)делать яркоголубым, светлоголубым; (по)красить в яркоголубой, светлоголубой цвет || канчӏхъахӏиллъи:senses[1].text:яркоголубой, светлоголубой цвет || канчӏхъахӏиллъизабизе:senses[0].text:понудительная форма (с)делать яркоголубым, светлоголубым; (по)красить в яркоголубой, светлоголубой цвет
чирикание	4	чириканье, чирикавшие, чирикающие	чӏир-чӏиди:senses[1].text:щебетание, чирикание || чӏирчӏири:senses[0].text:щебет, писк, чирикание || чӏирчӏири:senses[0].examples[0].ru:меня разбудило чирикание птиц
четырмя	4	четырьмя, четырем	ункъабго:senses[0].examples[6].ru:умереть, уйти из жизни, уснуть навеки; четырмя плитами накрыться || ункъабго:senses[0].examples[7].ru:негодовать, быть недовольным; не соглашаться; махнуть четырмя [конечностями] || ункъо:senses[0].examples[5].ru:предложение с четырмя словами
ураза	4	раза, уреаза, уреза, урана, указа, зраза, фраза, у раза, ура за, зараз	кӏалкквей:senses[1].text:пост, ураза || паризаяб:senses[0].examples[1].comment:ураза
унти	4	унт, унии, унта, унте, уйти, унты, унту, учти, унт и	невралгия:senses[0].comment:нервабазул унти || паралич:senses[0].comment:палиж унти || ревматизм:senses[0].comment:гьуразул унти
тутже	4	туже, тут же	буссаризе:senses[0].text:периодически, неоднократно возвращаться; часто ходить куда-либо к кому-либо и тутже возвращаться || гордо:senses[0].examples[8].ru:то, что вошло через окно, из окна же и выходит; то, что получено без труда, тутже уходит от человека || гӏадалъ:senses[0].examples[3].ru:он тутже отправился обратно, словно его ударили палкой по голове
тощать	4	отощать, топать, тощ ать, истощать, ощущать	азине:senses[0].text:(по)худеть, исхудать; осунуться; (о)тощать, истощаться, истощиться; быть худым, тощим || биине:senses[5].text:(по)худеть, таять, высыхать; тощать || къадарлъизе:senses[1].text:(по)худеть, (ис)тощать, становиться худым, тощим; чахнуть
таркалы	4	татарка	гъабу:senses[0].examples[2].ru:поднять виноградную лозу на таркалы || гъабу:senses[0].examples[6].ru:установить таркалы для винограной лозы || мичил:senses[0].text:таркалы
тариката	4	татарника, фабриката, старикашка, викариата	тӏарикъат:senses[0].examples[1].ru:устаз, наставник тариката || тӏарикъатчи:senses[0].text:последователь тариката || тӏарикъатчӏужу:senses[0].text:последовательница тариката
сычуг	4	сычу	бурукь#1:senses[0].comment:для её изготовления в сыворотку ложат на несколько дней сушёный сычуг недельного телёнка или ягнёнка и немного кураги || махьа:senses[0].text:сычуг || махьа:senses[0].examples[1].ru:как кошка, съевшая сычуг
сурат	4	Сурат, сура, сутра, аурат, сурам, сушат, бурат, сучат, сурах, сур ат, сурикат	панно:senses[0].text:панно (1. ригьзабазул тӏадехунисеб гьумераб рахъалда рекӏинабураб сурат || проекция:senses[0].text:проекция (1. геометрияб кӏагӏидаялъ сурат бахъи || фотография:senses[0].comment:сурат
спортлото	4	спорт лото, спорото, мотоспорт	спортлото:senses[0].text:спортлото || спортлото:senses[0].examples[0].ru:билет спортлото || спортлото:senses[0].examples[1].ru:тираж спортлото
спортивияб	4	спортивно	спортзал:senses[0].comment:спортивияб зал || спортклуб:senses[0].comment:спортивияб клуб || спортлото:senses[0].comment:спортивияб лото
союзн	4	союз, союза, союзе, союзы, союзу	гьединлъидал:senses[0].comment:союзн. сл. || гьединлъидалин:senses[0].comment:союзн. сл. || гьединлъидалха:senses[0].comment:союзн. сл.
состояни	4	состоянии, состояние, состояний, состояния, состоянию, состояли, состоя ни, достоянии, достояние, стоянии, стояние	жен:senses[0].examples[3].ru:он в таком состояни, как будто скончался его джин-двойник || загӏип:senses[0].text:слабо; немощно; истощённо; в слабом, немощном, истощённом состояни || чӏвазе:senses[20].examples[82].ru:в угнетённом состояни; словно то поле, которое пострадало от града
смушка	4	сушка, мушка, сушкам, смешка, слушка, с мушка, см ушка	бухаритахта:senses[0].text:каракулевая смушка || кӏургӏ-кӏургӏараб:senses[1].examples[2].ru:смушка, каракулевая шкурка || суртахта:senses[0].text:смушка сур
сдасться	4	сдастся, сдаться, сдаваться, даться	къо:senses[4].examples[4].ru:сдасться, уступить, не выдержать испытания; оплошать при затрудениях || къуват:senses[0].examples[4].ru:сдасться; силу сломать || хъахӏаб:senses[4].examples[4].ru:выкинуть белый флаг, сдасться
светлозелёным	4	светло зелёным, вечнозелёным, осветлённым, светлотным, возвеселённым	канчӏгӏурччин:senses[0].examples[0].ru:(с)делать яркозелёным, светлозелёным || канчӏгӏурччинлъизабизе:senses[0].text:понудительная форма (с)делать яркозелёным, светлозелёным; (по)красить в яркозелёный, светлозелёный цвет || канчӏгӏурччинлъизе:senses[0].text:становиться, стать яркозелёным, светлозелёным; принимать, принять яркозелёный, светлозелёный цвет
светлоголубой	4	светло голубой, светлоголовой, светлоголовый, светлогорской, светловолосой	канчӏхъахӏил:senses[0].examples[0].ru:(с)делать яркоголубым, светлоголубым; (по)красить в яркоголубой, светлоголубой цвет || канчӏхъахӏиллъи:senses[1].text:яркоголубой, светлоголубой цвет || канчӏхъахӏиллъизабизе:senses[0].text:понудительная форма (с)делать яркоголубым, светлоголубым; (по)красить в яркоголубой, светлоголубой цвет
савок	4	ставок, славок, сивок, совок, севок, санок, салок, лавок, самок, садок, давок, шавок, сачок, авокадо	буххаро:senses[0].text:черпак, савок || рахъубахъ:senses[0].text:савок || ччумучч:senses[0].text:савок
румяну	4	румян, румяную, румянцу, румяна, румяно, румыну, румянь, румяня, румяню, румян у	багӏар:senses[0].examples[0].ru:румянить, наложить румяну || багӏар:senses[0].examples[2].ru:нанести румяну || басар:senses[0].examples[0].ru:наложить румяну
разн	4	раз, ран, разно, рази, раза, разе, разр, разв, разл, разы, разя, разд, разу	базе:senses[30].text:с деепричастие др. глагола выступает в роли вспомогательный глагол глагола с общим значением завершённости действиия в разн. || долда:senses[0].text:переводится формами разн. падежей || пластинка:senses[0].comment:в; разн.
разговеться	4	разгореться, разговориться, разгораться, разгоняться, разреветься	кӏал:senses[0].examples[16].ru:разговеться вечером после дневного поста; испортить пост || кӏал:senses[0].examples[22].ru:разговеться || кӏалбиччазе:senses[0].text:разговеться
пятдесять	4	пят десять, пятьдесят, пятьюдесятью, десять	щуцӏали:senses[0].text:пятдесять || щуцӏали:senses[0].examples[0].ru:пятдесять дней || щуцӏалиялда:senses[0].text:пятдесять
пропольщица	4	подпольщица, полольщица, прогульщица, поливальщица	чӏарадухъан:senses[0].text:пропольщица || юхъарухъан:senses[0].text:пропольщица || юхъарухъан:senses[0].examples[0].ru:сегодня пропольщица прополола польностью маленькое поле
последный	4	последний, последней, подледный, последовый, послеполетный, поседланный, посоленный	ахирияб:senses[0].text:последный, заключительный, конечный, окончательный || къвачӏакӏутӏ:senses[0].examples[0].ru:этот наш брат последный ребёнок в семье || кӏибекизе:senses[1].examples[0].ru:даже последный кусок хлеба переломи надвое и угощай товарища
понудить	4	поудить, понурить, посудить, побудить, по нудить, подзудить, нудить	къеркьезабизе:senses[0].text:заставить кого-либо бороться, понудить кого-либо к борьбе || кьуризабизе:senses[0].text:попросить, понудить кого-либо крутить, вращать что-либо || кьуризабизе:senses[1].text:попросить, понудить кого-либо скручивать, сучить что-либо
плитообразный	4	пластообразный, полипообразный, китообразный, щитообразный	гважимахӏаб:senses[0].text:плитообразный и продолговатый || гважимахӏаб:senses[0].examples[0].ru:плитообразный и продолговатый камень || къономахӏаб:senses[0].text:плитообразный
одным	4	оным, родным, водным, йодным, модным, годным, модны, одним, одном, очным, диодным, анодным, плодным, сходным	гьаву:senses[0].comment:слово, которое проигравший в игре чижики должен нараспев произносить одным выдохом, не перерываясь в течение определённого времени || кулум:senses[0].comment:с одным остриём || цо:senses[3].examples[13].ru:одным выстрелом
обманивать	4	обменивать, обмакивать, обманывать, обмахивать, обзванивать, оболванивать, отуманивать, подманивать	бахинабизе#1:senses[6].text:разыгрывать, разыграть кого-либо обманивать, обмануть в шутку || рекӏкӏ:senses[0].examples[0].ru:обманивать; предать, подводить, подвести; устроить подвох || хоно:senses[1].examples[8].ru:обманивать, обдурить, давать пустые обещания, кормить завтраками; набивать яйца за пазуху
ньюхать	4	нюхать	сунтӏ:senses[0].examples[0].ru:(по)ньюхать ньюхательный табак || сунтӏизабизе:senses[0].text:заставлять, заставить кого-либо ньюхать что-либо; дать кому-либо понюхать что-либо || сунтӏизабизе:senses[0].examples[0].ru:дать ньюхать табак
нукеры	4	кернеры	нукар:senses[0].examples[1].ru:записаться в нукеры || нукар:senses[0].examples[2].ru:Оружие выдели, И в нукеры запиши || нукар:senses[0].examples[3].ru:нукеры приехали в село верхом
нукер	4	нумер	нукар:senses[0].text:нукер || нукар:senses[0].examples[0].ru:нукер хана || хан:senses[0].examples[6].ru:нукер, телохранитель, воин хана
насипать	4	написать, налипать, накипать, насыпать, нащипать, наступать	цӏезабизе:senses[0].text:заполнять, заполнить; наполнять, наполнить; набивать, набить что-либо; насипать, насипать что-либо во что-либо дополна; наливать, налить что-либо чем-либо || цӏезабизе:senses[0].text:заполнять, заполнить; наполнять, наполнить; набивать, набить что-либо; насипать, насипать что-либо во что-либо дополна; наливать, налить что-либо чем-либо || цӏезе:senses[1].text:заполнять, заполнить; наполнять, наполнить; набивать, набить что-либо; насипать, насипать что-либо во что-либо дополна; наливать, налить что-либо чем-либо
нагинаясь	4	нагибаясь, начинаясь, налагаясь	къулизе:senses[0].examples[1].ru:смотреть нагинаясь || къушизе:senses[0].examples[0].ru:бандит шёл, нагинаясь, чтобы его никто не видел, и добрался до берега речки || къуш-къушиялда:senses[0].text:нагинаясь, чтобы не заметили; спрятавшись; укрывшись от чужого глаза
мучать	4	умчать, мучат, мчать, мучить, мучась, мычать, мужать, улучать	бизар:senses[0].examples[0].ru:надоедать, надоесть; мучать долгими разговорами || бох:senses[0].examples[11].ru:мучать ноги || къакъазе:senses[0].text:оказывать давление на кого-либо; приструнить кого-либо; мучать
музыцировать	4	музицировать, мумифицировать, мутировать	бакънагъине:senses[0].text:музыцировать || макънагъине:senses[0].text:музыцировать || музыка:senses[0].examples[1].ru:музыцировать
мовлюд	4	молодцов	мавлид:senses[0].text:мовлюд || мавлид:senses[0].examples[0].ru:провести мовлюд || мавлид:senses[0].examples[1].ru:(про)читать мовлюд
масл	4	мал, масла, масло, масле, масел, масля, маслу, маслю, масс, засл, маслил	узданлъи:senses[0].text:масл. || хӏачазаби:senses[0].text:масл. понудительная форма || ццидаллъи:senses[0].text:масл.
масдар	4	армада	глаголияб:senses[0].examples[0].ru:отглагольное имя; масдар || масдар:senses[0].text:масдар, отглагольное имя || цӏунцӏрахинаби:senses[0].text:масдар понудительной формы
малошерстный	4	мало шерстный, белошерстный, разношерстный	гарцӏаб:senses[0].text:малошерстный || гарцӏаб:senses[0].examples[0].ru:малошерстный баран || гурцӏаб#2:senses[0].text:малошерстный
кумыки	4	кумыкский	лъарагӏ#2:senses[0].examples[2].ru:кумыкский народ, кумыки || лъарагӏал:senses[0].text:кумыки || лъарагӏлъи:senses[1].text:территория, где в основном живут кумыки, Кумыкия
коровый	4	коровы, ковровый, копровый, корковый, кордовый, коровий, коровой, коновый, корявый, кодовый, коростовый, окороковый, корольковый, костровый	гӏакатохтир:senses[0].text:коновал, ветеринар; коровый врач || гӏакдал:senses[1].text:коровый || ГӀачинух:senses[0].text:Млечный Путь; коровый путь
козеножка	4	козе ножка, корненожка	хъалиян:senses[0].text:козеножка, самокрутка || хъалиян:senses[0].examples[0].ru:толстая козеножка || хъалиян:senses[0].examples[1].ru:тонкая козеножка
кадий	4	кидай, кадмий, кадит, карий, радий, кадил, калий, кадим, кадивший	ахӏкамал:senses[0].examples[1].ru:кадий обязан добиваться исполнения установлений шариата || къади:senses[0].text:кадий; мусульманский судья, выносящий решение в соответствии с шариатом || къади:senses[0].examples[0].ru:сельский кадий
иступление	4	исступление, вступление, искупление, иступленные, поступление, наступление, отступление	жазму:senses[0].text:наитие, экстаз, иступление || хӏал:senses[3].examples[24].ru:иступление || хӏалбачӏин:senses[1].text:иступление
идара	4	дара, лидара, удара, и дара, рапида, радар	архив:senses[0].comment:идара || консультация:senses[0].comment:идара || орган:senses[0].comment:идара, учреждение
зельё	4	зелье, зелья, бельё, зелью, зельц	рокьи:senses[0].examples[20].ru:зельё; трава любви || хер:senses[2].text:зельё, отрава, яд || хер-махх:senses[0].text:зельё, отрава, яд
запятнять	4	запятнать, заполнять, запаять, заснять, занять	лъезе:senses[5].examples[20].ru:запятнять || тӏанкӏ:senses[2].examples[0].ru:запятнять, запятнить || тӏанкӏ:senses[2].examples[1].ru:запятнять честь
галдибер	4	белиберда	гъалдибер:senses[0].text:галдибер || гъалдибер:senses[0].examples[0].ru:из старой древесины новый галдибер || гъалдибер:senses[0].examples[6].ru:кладя на галдибер, на спине осла таскали камень для строительства дома
газыри	4	газики	гьодораб:senses[0].examples[5].ru:полые газыри || рорцалаби:senses[0].text:газыри || рорцалаби:senses[0].examples[0].ru:серебряные газыри
вывыхнуть	4	вывихнуть, высохнуть, выдохнуть, выпихнуть, вытряхнуть	борчӏаризе:senses[3].text:вывыхнуть || борчӏизе:senses[4].text:вывыхнуть || къуркьизе:senses[2].text:вывыхнуть
воздасть	4	воздаст, воздать, воздавать, воссоздать, возрастать	бецӏизе:senses[1].text:воздасть должное, отблагодарить || бецӏизе:senses[1].examples[0].ru:воздасть должное за добро || жаза:senses[0].examples[1].ru:воздасть
вакуфное	4	вакуумное	вакъпу:senses[0].text:вакуф (имущество, завещанное на богоугодное дело, благотворительные цели); вакуфное имущество || вакъпуялул:senses[1].examples[0].ru:вакуфное дерево || вакъпуялул:senses[1].examples[1].ru:вакуфное поле
бутеня	4	бутен, бутена, бутене, бутены, бутену, бутен я	къвали:senses[0].examples[0].ru:выкопать клубни бутеня || къвали:senses[0].examples[1].ru:стебель бутеня || къвали:senses[0].examples[3].ru:пирожки с начинкой из бутеня
бестолку	4	бес толку, бестолков, столкут, столку	мерхьине:senses[4].text:гулять бестолку || мерхьине:senses[4].examples[0].ru:гулять бестолку по улицам || чӏалгӏаде:senses[0].text:напрасно, понапрасну; попусту, впустую, зря, даром, тщетно; без цели, без надобности; без пользы; безрезультатно; бестолку
асар	4	аса, раса, астр, асам, агар, асах, ас ар, сарос	ноктюрн:senses[0].comment:музыкалияб лирикияб асар || оратория:senses[0].comment:музыкалияб асар || симфония:senses[0].comment:музыкалияб асар
аробщика	4	обрубщика	гьакихъанлъи:senses[0].text:профессия, занятие аробщика, подводчика || гьокочилъи:senses[0].text:профессия, работа аробщика || кирачи:senses[0].examples[0].ru:подвода аробщика
аджаме	4	аджарцем	гӏажам:senses[0].examples[0].ru:книга на аджаме || гӏажам:senses[0].examples[1].ru:письменность на аджаме || гӏажам:senses[0].examples[3].ru:он умеет читать на аджаме
агач	4	ага, чага, агат, агар, агав	тӏамур:senses[0].text:агач-комуз || тӏамур:senses[0].examples[0].ru:играть на агач-комузе || тӏамурчи:senses[0].text:агач-комузист
Чупан	4	Жупан, Чулан, Чужан	аваданаб:senses[0].examples[3].ru:Чупан очень жизнерадостный человек || бичӏизе:senses[2].examples[7].ru:Чупан не разлучается с той девушкой || гьабудизе:senses[0].examples[2].ru:Чупан разбогател от того, что трудился
Махмуд	4	Драхма	илагьи:senses[0].examples[1].ru:Махмуд из Кахабросо пел песни о страстной любви || лирикияб:senses[0].examples[2].ru:Махмуд из Кахабросо является классиком аварской лирической поэзии || роль:senses[0].examples[2].ru:Махмуд Абдулхаликов выступил в роли Ходжи Насреддина
Гасана	4	Гавана, Гайана, Га сана, Ананаса, Саргана, Ганса, Ананас	бацӏцӏалъи:senses[2].examples[0].ru:Гасана все уважают за его честность || бугъизе:senses[1].examples[0].ru:всю трудную работу сваливать на Гасана некрасиво || гурхӏизе:senses[0].examples[5].ru:Гасана не оставят из-за жалости к нему, Гусейна не оставят из-за страха перед ним
Варис	4	Вари, Парис, Ларис, Вари с, Варись, Свари, Варит, Варил, Варим	варис:senses[1].text:Варис || гьабудухъан:senses[0].examples[1].ru:Варис — настоящий работяга || гӏадин:senses[0].examples[1].ru:если бы учился, как Варис, и ты стал бы учителем
яркокрасным	3	ярко красным, раскоканным	канчӏбагӏар:senses[0].examples[0].ru:(с)делать яркокрасным, (по)красить в яркокрасный цвет || канчӏбагӏарлъизабизе:senses[0].text:понудительная форма (с)делать яркокрасным, (по)красить в яркокрасный цвет || канчӏбагӏарлъизе:senses[0].text:становиться, стать яркокрасным; принимать, принять яркокрасный цвет
яркозелёным	3	ярко зелёным, вечнозелёным	канчӏгӏурччин:senses[0].examples[0].ru:(с)делать яркозелёным, светлозелёным || канчӏгӏурччинлъизабизе:senses[0].text:понудительная форма (с)делать яркозелёным, светлозелёным; (по)красить в яркозелёный, светлозелёный цвет || канчӏгӏурччинлъизе:senses[0].text:становиться, стать яркозелёным, светлозелёным; принимать, принять яркозелёный, светлозелёный цвет
яркоголубым	3	ярко голубым, ямкоголовым	канчӏхъахӏил:senses[0].examples[0].ru:(с)делать яркоголубым, светлоголубым; (по)красить в яркоголубой, светлоголубой цвет || канчӏхъахӏиллъизабизе:senses[0].text:понудительная форма (с)делать яркоголубым, светлоголубым; (по)красить в яркоголубой, светлоголубой цвет || канчӏхъахӏиллъизе:senses[0].text:становиться, стать яркоголубым, светлоголубым; принимать, принять яркоголубой, светлоголубой цвет
языцех	3	язычных	кӏалзухъ:senses[0].examples[0].ru:быть на устах; стать притчей во языцех || кӏалзухъ:senses[0].examples[2].ru:Если ты станешь притчей во языцех за то, что со мной поговорила, Усы-то я ношу не для того, чтобы губе было тепло || тавуш:senses[0].examples[0].ru:быть притчей во языцех
щигат	3	мигать	ратӏал:senses[0].examples[0].ru:от ратля сметаны получишь щигат (1,2 кг) масла || ратӏал:senses[0].examples[1].ru:ратль ему не доступен, а на щигат он не согласен || щигат:senses[0].text:щигат
чтобь	3	чтоб, чтобы	бетӏергьанчихвад:senses[0].text:то (та), кому желают, чтобы хозяин умер; чтобь твой хозяин умер || бетӏеркъотӏ:senses[0].text:тот (та), кому желают, чтобы голову отрубили; чтобь тебе голову отрубили; да отсекут тебе голову || гъоркьмес:senses[0].examples[0].ru:чтобь тебя в подземелье забрали
чонгуре	3	огуречные	бачине:senses[6].examples[2].ru:поиграй нам на чонгуре || гаргадизабизе:senses[1].examples[0].ru:блестяще играть на чонгуре; завтавлять чонгур разговаривать || ругьунлъизе:senses[0].examples[2].ru:он научился играть на чонгуре
чонгур	3	кенгуру	агъачхъумуз:senses[0].text:комуз, чонгур; деревянный комуз || гаргадизабизе:senses[1].examples[0].ru:блестяще играть на чонгуре; завтавлять чонгур разговаривать || чагур:senses[0].text:чагур, чонгур
чихание	3	чиханий, чиханье, чихающие	ченхъезабизе:senses[0].text:вызывать, вызвать чихание || ченхъезабизе:senses[0].examples[0].ru:нюхательный табак вызывает чихание || ченхъей:senses[1].text:чихание
чагъир	3	чага	ликёр:senses[0].comment:чагъир || портвейн:senses[0].comment:чагъир || шампанское:senses[0].comment:чагъир
чагура	3	рагу	чагур:senses[0].examples[2].ru:гриф чагура || чагур:senses[0].examples[3].ru:струны чагура || чӏва#1:senses[0].examples[1].ru:струна чагура, чонгура
чабрецовый	3	багрецовый	ташкӏодул:senses[1].text:чабрецовый || ташкӏодул:senses[1].examples[0].ru:чабрецовый запах || ташкӏодул:senses[1].examples[1].ru:чабрецовый чай
чабанка	3	чабана, чабан ка, чабан, кабанчика, банка, кабана	гъазма:senses[0].text:лачуга, землянка, чабанка || гӏиявехь:senses[0].examples[3].ru:хижина чабана, чабанка || хъощ:senses[0].examples[0].ru:хижина чабана, чабанка
цапка	3	цепка, тапка, лапка, папка, цыпка, шапка, цацка, цапфа, цап ка, кацапа, кацап	хъесеро:senses[0].text:тяпка, цапка || хъинцӏи:senses[0].text:тяпка, цапка || хъусаро:senses[0].text:цапка
хромец	3	хроме	ахъсахъ:senses[0].text:хромой человек, хромец || рекъаб:senses[0].examples[1].ru:хромой человек, хромец || рекъуч:senses[0].text:хромец
хлебавши	3	хлебавшие, хлебавший, хлебавшим, хлебавших, хлеба вши	гъванща:senses[0].examples[12].ru:пришлось уйти не солоно хлебавши || гӏеч:senses[0].examples[13].comment:т. е. вернулся ни с чем, не солоно хлебавши || хъвархъвадулев:senses[0].examples[0].ru:оставаться ни с чем, потерпеть неудачу; возвращаться не солоно хлебавши
хевсурский	3	хрущевский	хевсур:senses[0].text:хевсурский || хевсур:senses[0].examples[0].ru:хевсурский танец || хевсуразул:senses[1].text:хевсурский
хасаб	3	басах, хамса	орган:senses[1].comment:хасаб газета, журнал || пергамент:senses[1].text:хасаб кагътил сорт || планетарий:senses[1].text:планетал хьвадулеб куц бихьизабизе бараб хасаб мина
хап	3	пах, ха, храп, хоп, хан, хат, сап, хай, хал, лап, пап, кап, хая, хам, хау	хапун:senses[0].text:хвать, хап, цап || хапун:senses[0].examples[1].ru:хап за рога быка || хъвапан:senses[0].text:хап, бац
финно	3	финн, финнов, финном, финна, финне, винно, финны, финну, чинно, фин но, финн о, фирменно	финно-угорал:senses[0].text:финно-угоры || финно-угоразул:senses[1].text:финно-угорский || финно-угоразул:senses[1].examples[0].ru:финно-угорские языки
устаз	3	уста, стаз, стазу, устав, устал, устам, устаю, устах, у стаз, ус таз, уст аз	тӏарикъат:senses[0].examples[1].ru:устаз, наставник тариката || устар:senses[1].text:устаз, наставник || устар:senses[1].examples[0].ru:устаз тариката
умыкать	3	утыкать, умывать, смыкать, хмыкать, отмыкать	хъамизе:senses[1].text:похищать, похитить кого-что-либо; умыкать, умыкнуть || хъамизе:senses[1].examples[1].ru:умыкать, увезти || яс:senses[1].examples[2].ru:умыкать девушку
тикание	3	икание, тиканий, тиканье, натекание, катание	кьаби:senses[1].text:тикание || кьаби:senses[1].examples[0].ru:тикание часов || кьаби:senses[1].examples[1].ru:слышно было тикание стареньких часов
тастар	3	татар, тартар, та стар, староста, тарантас, старост, стар	тастар:senses[0].text:тастар || тастар:senses[0].examples[0].ru:белый тастар || тастар:senses[0].examples[1].ru:надеть тастар
таманча	3	атаман	маузер:senses[0].comment:таманча || наган:senses[0].comment:таманча || револьвер:senses[0].comment:таманча
сурьмить	3	сурьмило	кухӏлу:senses[0].examples[0].ru:сурьмить глаза || сурма:senses[0].examples[0].ru:сурьмить, наложить сурьму || сурма:senses[0].examples[1].ru:сурьмить брови
сумашедший	3	сумасшедший, сума шедший, сумасшествий	гӏабдалхана:senses[0].text:сумашедший дом || гӏадалаб:senses[0].examples[0].ru:сумашедший || далухана:senses[0].text:дом для умалишённых, сумашедший дом
сочет	3	счет, сочтет, сечет, сочен, сонет, совет, сосет, почет, кочет, хочет, со чет, сочетает	хъвазе:senses[6].examples[2].ru:в сочет. с дательным падежом кружиться, вертеться вокруг с намерением съесть || хьолбохъ:senses[1].text:в сочет. с местный падеж около, рядом, поблизости кого-чего-либо || эбелаб:senses[0].comment:в сочет. с названиями животных
сотрицательное	3	отрицательное, с отрицательное, отрицательность, сотрясательное, нарицательное, порицательное	кибго:senses[1].text:нигде; сотрицательное (местоимение) глаголом. || кидаго:senses[1].text:никогда; сотрицательное (местоимение) глаголом. || расги:senses[1].text:ничего; сотрицательное
соседы	3	сосед, соседи, соседа, соседе, соседу, сосуды, со седы, домоседы, седы	бечедаб:senses[0].examples[6].ru:богатые соседы || рукъ:senses[0].examples[17].ru:самые близкие соседы; соседы, у которых дома смыкаются || рукъ:senses[0].examples[17].ru:самые близкие соседы; соседы, у которых дома смыкаются
скирдовать	3	заскирдовать, скицировать, маскировать, скандировать	бижагъ:senses[0].examples[0].ru:метать сено в стог, сметать стог сена; скирдовать сено || гӏари:senses[0].examples[0].ru:скирдовать, копнить, метать стог || хер:senses[1].examples[4].ru:скирдовать сено
сират	3	ситар, сирот, пират, сирая, сир ат, сатира	сиратӏ:senses[0].text:сират || сиратӏ:senses[0].examples[0].ru:пройти сират || сиратӏ:senses[0].examples[1].ru:мост сират
сидорову	3	поздорову	алмас:senses[4].examples[0].ru:[выдрать] как сидорову козу; как Алмас овцу || бакине:senses[0].examples[1].ru:отлупить как сидорову козу; отлупить как бакринца || тӏил:senses[3].examples[7].ru:сечь как сидорову козу; сделать так, чтобы [от него] палкой пахло
свёртивание	3	свёртывание, ввёртывание, сваривание, привёртывание, навёртывание	бети:senses[1].text:свёртивание || бети:senses[1].examples[0].ru:свёртивание крови || бети:senses[1].examples[1].ru:свёртивание молока
светлосерым	3	светло серым, светловолосым, светлокрылым, светлоголовым, светлотным	канчӏцӏахӏил:senses[0].examples[0].ru:(с)делать светлосерым; (по)красить в светлосерый цвет || канчӏцӏахӏиллъизабизе:senses[0].text:(с)делать светлосерым, (по)красить в светлосерый цвет || канчӏцӏахӏиллъизе:senses[0].text:становиться, стать светлосерым; принимать, принять светлосерый цвет
светлокоричневый	3	светло коричневый, светлоокрашенный	канчӏсурмалъи:senses[1].text:светлокоричневый цвет || канчӏсурмалъизабизе:senses[0].text:(с)делать светлокоричневым, (по)красить в светлокоричневый цвет || канчӏсурмияб:senses[0].text:светлокоричневый
светлоголубым	3	светло голубым, светлоголовым, светловолосым	канчӏхъахӏил:senses[0].examples[0].ru:(с)делать яркоголубым, светлоголубым; (по)красить в яркоголубой, светлоголубой цвет || канчӏхъахӏиллъизабизе:senses[0].text:понудительная форма (с)делать яркоголубым, светлоголубым; (по)красить в яркоголубой, светлоголубой цвет || канчӏхъахӏиллъизе:senses[0].text:становиться, стать яркоголубым, светлоголубым; принимать, принять яркоголубой, светлоголубой цвет
санитарияб	3	санитария, санитар	сантехника:senses[0].comment:санитарияб техника || санузел:senses[0].comment:санитарияб узел — ванная, туалет || санчасть:senses[0].comment:санитарияб часть
рыхлять	3	рыхлят, рыхлить, рыхл ять	бухъизе:senses[1].text:(про)полоть, (раз)рыхлять || гьацлъизабизе:senses[0].text:(раз)рыхлять, разрыхлить || гьобогьине:senses[0].text:(раз)рыхлять, (раз)рыхлить что-либо
роток	3	рокот, росток, проток, кроток, отрок, ротик, ноток, ротор, соток, ротой, лоток, поток, моток, робок, ротою	кӏал:senses[0].examples[80].ru:держать язык за зубами; повесить замок на роток || кӏал:senses[0].examples[81].ru:повесь-ка, дружок, замок на свой роток || чӏезабизе:senses[4].examples[4].comment:на чужой роток не накинешь платок
расук	3	русак, расу, красу, расу к, рассудок	расукӏ:senses[1].text:расук || расукӏ:senses[1].examples[0].ru:сварить расук || расукӏ:senses[1].examples[1].ru:начинить расук
расствор	3	раствор, рас створ, расстройство, расстройств, рабкорство, рабство	гьецӏо-хӏарщ:senses[0].text:камень и расствор || деби:senses[0].examples[6].ru:расствор белой глины || цӏамулъим:senses[0].text:расствор соли, рассол
разнуздать	3	разнузданность, взнуздать, разузнать, разузнавать	бахъизе:senses[6].examples[7].ru:вытаскивать изо рта; разнуздать || кӏалдиб:senses[1].examples[3].ru:разнуздать || кӏалдиб:senses[1].examples[4].ru:разнуздать коня
размелчать	3	размечать, размельчать, размельчат, размельчить, разметать, размешать, размещать	хъуризе:senses[1].text:(рас)толочь, истолочь; (раз)дробить, размелчать, размельчить что-либо; становиться, стать толчённым, размельчённым || хъур-хъуризе:senses[1].text:(рас)толочь, истолочь; крошить, (раз)дробить, размелчать, размельчить что-либо || чухӏизе:senses[0].text:размелчать, размельчить, измелчать, измелчить; (по)толочь, истолочь, растолочь что-либо
радиопрограмма	3	радио программа, радиограмма, микропрограмма, подпрограмма, микропрограмм	радиопрограмма:senses[0].text:радиопрограмма || радиопрограмма:senses[0].examples[0].ru:радиопрограмма передач на аварском языке || радиопрограмма:senses[0].examples[1].ru:музыкальная радиопрограмма
рабадана	3	раба дана, барабана, сарабанда, шарабана, барабан	кӏалбиччай:senses[2].comment:по истечение месяца рабадана || кӏалбиччазе:senses[1].comment:по истечение месяца рабадана || лайлатулкъадир:senses[0].comment:27 число месяца рабадана
пушинька	3	пушинка, паинька	хӏули#1:senses[0].text:пух, пушок, пушинька || хӏули#1:senses[0].examples[0].ru:пушистый, похожий на пух; мягкий, лёгкий как пушок, как пушинька || хӏули#1:senses[0].examples[2].ru:лёгкий как пушинька
протезировать	3	протежировать, протезирование, протестировать, приватизировать, прогнозировать	гӏус:senses[0].examples[10].ru:вставить, протезировать зубы || протез:senses[0].examples[2].ru:протезировать || протез:senses[0].examples[3].ru:протезировать руку
проредить	3	пробредить, процедить, проследить, предупредить, проездить, повредить	бахъизе:senses[6].examples[3].ru:вынуть, выдернуть (из однородной массы); проредить (посевы); исключить || лъедер:senses[0].examples[0].ru:сделать редким или реже; прореживать, проредить, разрежать, разредить || лъедерлъизабизе:senses[0].text:прореживать, проредить, разрежать, разредить
похлебать	3	дохлебать, по хлебать, поколебать, хлебать, похлопотать, похлопать	хузе:senses[0].examples[0].ru:похлебать бульон || хузе:senses[0].examples[1].ru:похлебать супу || ччуйзе:senses[0].examples[1].ru:и то и другое хочешь; хочешь и похлебать и помакать
посёлковая	3	поселковая, полушёлковая, полосковая, полковая	посёлокалъул:senses[1].examples[0].ru:посёлковая администрация || посёлокалъул:senses[1].examples[2].ru:посёлковая больница || посёлокалъул:senses[1].examples[3].ru:посёлковая школа
полова	3	полов, плова, олова, половая, половца, полови, полива, полоса, полола, попова, полоза, полога, голова, полоща, эолова	накку:senses[0].text:полова, мякина || рищни:senses[0].text:мелкая мякина, полова || щвайи:senses[0].text:мелкая полова
политикияб	3	политико, политик	политотдел:senses[0].comment:политикияб отдел || политэкономия:senses[0].comment:политикияб экономия || радикализм:senses[0].comment:радикалазул политикияб нух
перга	3	пера, перса, перла, пурга, перча, перца, пер га, перегар	мелхӏу:senses[0].text:перга || тӏогьол:senses[1].examples[3].ru:цветочная пыльца, перга || хӏур:senses[1].examples[0].ru:перга
педагогияб	3	педагогика	пединститут:senses[0].comment:педагогияб институт || педуниверситет:senses[0].comment:педагогияб университет || педучилище:senses[0].comment:педагогияб училище
пастьба	3	пасть	ирга:senses[1].text:поочередная пастьба, подворная очерёдность || кваназаби:senses[2].text:пастьба || кваназаби:senses[2].examples[0].ru:пастьба быков
пандурист	3	бандурист	пандрихъан:senses[0].text:пандурист || пандур:senses[0].examples[1].ru:пандурист || пандурчи:senses[0].text:пандурист
пандуре	3	пандусе, бандуре, пан дуре, панду ре	пандур:senses[0].examples[0].ru:играть на пандуре || хъентӏезабизе:senses[0].examples[0].ru:бренчать на пандуре || хӏама:senses[3].examples[0].ru:кобылка на пандуре
оттряхивать	3	отряхивать, обтряхивать, встряхивать, вытряхивать, стряхивать, оттитровать	кӏобокӏизе:senses[1].text:(по)трясти, сотрясать; встряхивать, встряхнуть кого-что-либо; оттряхивать что-либо || кӏобокӏизе:senses[1].examples[2].ru:оттряхивать одежду || кӏутӏизе:senses[1].text:(по)трясти, стряхивать, оттряхивать что-либо
осот	3	ост, сот, осой, окот, особ, осою, охот, о сот, ос от, отсос	кьимагӏу:senses[0].text:осот || магъизаз:senses[0].text:осот || хъахӏаб:senses[4].examples[1].ru:осот
опред	3	пред, предо, о пред, оп ред, поперед	ичӏго:senses[0].comment:при конкретное (числительное) счёте и в качестве опред. || лъабго:senses[0].comment:при конкретное (числительное) счёте и в качестве опред. || лъабкъого:senses[0].comment:при конкретное (числительное) счете, в качестве опред.
носильки	3	носилки, носильщики, носильщик, носики	жаназа:senses[1].text:погребальные носильки; катафалк || жаназа:senses[1].examples[0].ru:положить на погребальные носильки || мали:senses[2].text:носильки (для переноски больных); погребалные носилки
ноговицы	3	роговицы, пуговицы	дулагъал:senses[0].text:голенища, ноговицы, обмотки || зангалал:senses[0].text:голенища (типа краг); ноговицы || зангалмачуял:senses[0].text:ноговицы с чувяками
нехолощённый	3	не холощённый, охолощённый, холощённый, холощёный, холощенный	гванзаб:senses[3].text:нехолощённый || гванзаб:senses[3].examples[0].ru:нехолощённый козёл || гванзкуй:senses[0].text:нехолощённый баран
немусульманином	3	не мусульманином, мусульманином, мусульманин, мусульманском, мусульманством	гӏаси:senses[3].examples[3].ru:умереть неправедной смертью; испустить душу немусульманином, верооступником; наложить на себя руку || гӏасилъизе:senses[1].examples[1].ru:умереть немусульманином, вероотступником; наложить на себя руку || капурлъизе:senses[0].text:становиться, стать немусульманином, отречься от ислама; не признать Аллаха и его посланника Мухаммеда
нек	3	не, шнек, ник, нее, нет, тек, рек, век, нес, сек, ней, пек, нем, нед, дек	абундач:senses[1].text:анекдот || абундач:senses[1].examples[0].ru:рассказывать анекдоты || абундаччи:senses[1].text:любитель анекдотов
негадано	3	негаданно, нега дано, отгадано, угадано, недодано	лъачӏого:senses[1].text:нечаянно, невзначай, ненароком, вслепую; неждано-негадано || лъачӏого:senses[1].examples[0].ru:неждано-негадано, приехал отец, который считался без вести пропавшим на войне || ракӏ:senses[1].examples[145].ru:неожиданно, вдруг, внезапно; нежданно-негадано; не имея в сердце
наускивать	3	науськивать, натискивать, натаскивать, наскакивать, напрыскивать	багъизе:senses[0].examples[1].ru:пустить в драку; наускивать || бортанхъизабизе:senses[0].text:наускивать, натравливать кого-либо на кого-либо || гъерлъезе:senses[0].examples[1].ru:наускивать, чтобы учинил дрязги
наиба	3	нагибать	вортухъан:senses[0].examples[0].ru:посильной наиба || жанитӏамизе:senses[0].examples[1].ru:без приказа наиба вы не имеете права арестовать его || наиблъи:senses[0].text:должность наиба, наибство
нагинаться	3	нагибаться, начинаться, натягиваться, нагнетаться, напоминаться, налагаться	гӏодоб:senses[0].examples[86].ru:нагинаться, нагнуться || къушизе:senses[0].text:нагинаться, чтобы не заметили; сгибаться, чтобы укрывался от чужого глаза; спрятаться || тӏад:senses[0].examples[32].ru:нагинаться, нагнуться над кем-либо
мюриды	3	мюридизм	багьадурлъи:senses[0].examples[0].ru:мюриды Шамиля на войне показали отвагу || дуруслъизе:senses[2].examples[0].ru:под воспитанием наставника мюриды усовершенствовались || тӏаделъугьине:senses[0].examples[0].ru:мюриды стеснялись заходить к имаму
мушмула	3	мулла, мула	гваргин:senses[0].text:мушмула || къвикъви:senses[0].text:мушмула || хӏанц:senses[0].text:мушмула
мусульмански	3	мусульманки, мусульманские, мусульманский, мусульманским, мусульманских, мусульманин, мусульманка	балъго:senses[0].examples[1].comment:по-мусульмански || бусурман:senses[0].text:мусульманский || бусурманаб:senses[0].text:принявший ислам; мусульманский, исламский
мотня	3	мотни, мотая, сотня, мотну, отнят	тӏаждахвах:senses[0].text:мотня || хвах:senses[0].text:мотня || хвах:senses[0].examples[0].ru:мотня штанов
местнп	3	местный	бакӏалда:senses[1].text:вместо, за кого-чего-либо, взамен кого-чего-либо; местнп. послелог. || бетӏерлъиялда:senses[1].text:во главе; местнп. || духъ:senses[0].text:3 местнп. отчастица, в основном выражающаая вероятие, правдоподобность; обычно переводится.
малооплачиваемая	3	мало оплачиваемая, высокооплачиваемая, низкооплачиваемая, неоплачиваемая, оплачиваемая	къунмухь:senses[0].examples[0].ru:малооплачиваемая работа || мухьдакъаб:senses[0].examples[0].ru:малооплачиваемая работа || ужра-мухь:senses[0].examples[0].ru:малооплачиваемая работа
лохматиться	3	взлохматиться, разлохматиться, лохматить, взлохматится	бихха-бичизе:senses[1].text:трепаться, лохматиться || гъалгъализе:senses[0].text:(вз)лохматиться, (рас)трепаться || керчлъизе:senses[1].text:лохматиться; зарастать, зарасти; обрастать, обрасти (шерстью, волосами); становиться, стать обросшим, лохматым, махровым, косматым
локтём	3	локтем, локтям, ломтём, локоток	гӏункӏрукь:senses[0].examples[0].ru:толкнуть локтём || гӏункӏрукь:senses[0].examples[2].ru:глаз вытери локтём || тункизе:senses[2].examples[1].ru:толкнуть локтём
летоисчисление	3	летосчисление, лето исчисление, исчисление, отчисление, членистоногие	гьижра:senses[0].examples[0].ru:летоисчисление по хиджре || исламияб:senses[0].examples[0].ru:исламское летоисчисление; летоисчисление хиджры || исламияб:senses[0].examples[0].ru:исламское летоисчисление; летоисчисление хиджры
къач	3	качка	къачӏай:senses[0].text:къачӏазе || парк#2:senses[1].text:транспорталъул состав чӏолеб ва къачӏалеб бакӏ || пергамент:senses[0].text:пергамент (1. кагътил бакӏалда хӏалтӏизабулеб букӏараб, тӏад хъвадаризе къачӏараб къехь
куцехвостый	3	цепкохвостый	рачӏ:senses[0].examples[4].ru:куцехвостый || рачӏ:senses[0].examples[5].ru:с обрубленным хвостом, куцехвостый || хъандаяб:senses[0].examples[0].ru:куцехвостый пёс
куститься	3	пуститься, сгуститься, кукситься, раскутиться, крутиться	гӏаркьа-кӏичӏизе:senses[0].text:быть, стать ветвистым, разветлённым (во всех направлениях и безпорядочно); куститься || гӏаркьахине:senses[0].text:пускать, пустить ветви, отростки; ветвиться, разветляться, ответвляться; куститься || кӏвекьазе:senses[0].text:куститься, давать боковые побеги
кошаре	3	кошмаре, коваре, косаре, комаре, ко шаре, кош аре, коша ре	ворчӏухъанлъи:senses[0].text:ночное дежурство в кошаре || къайи:senses[3].examples[2].ru:сосед по кошаре || хъощ:senses[1].examples[0].ru:в кошаре, где много чабанов, овцы дохнут
корна	3	крона, норка, кора, кона, корона, корни, корне, керна, корта, копна, корка, корня, корма, корда, горна	автомат:senses[0].examples[1].ru:автомат для поп-корна || рахас:senses[0].examples[1].ru:якорная цепь || тегьи:senses[1].text:образование хлопьев — поп-корна
клещни	3	клещи, клешни, клещ ни	гъуцӏдул:senses[1].text:клещни || гъуцӏдул:senses[1].examples[0].ru:клещни рака || рак#2:senses[0].examples[0].ru:клещни рака
искуственный	3	искусственный, искусственен, безыскусственный, искусствен, присутственный	бер#1:senses[0].examples[6].ru:искуственный глаз; протез глаза || искусственнияб:senses[0].text:искуственный || спутник:senses[0].examples[1].ru:искуственный спутник
инветарь	3	инвентарь, инвентарный	инветарь:senses[0].text:инветарь || инветарь:senses[0].examples[0].ru:заводской инветарь || спорталъул:senses[1].examples[1].ru:спортивный инветарь
изе	3	из, низе, ризе, визе, избе, Пизе, Лизе, азе, изо, изв, иве, иле, язе, изд, узе	аб-абизе:senses[0].text:от абизе || асаргӏанасеб:senses[0].text:очень маленькое, малюсенькое, едва заметное; мизерное || бегӏ:senses[0].examples[5].ru:мизерный, недостаточный, прижимистый
знаменосица	3	знаменосца, знаменосцем, знаменосец, знаменосцев	байрахъулай:senses[0].text:знаменосица || байрахъчӏужу:senses[0].text:знаменосица || меседу:senses[0].examples[1].ru:Этих девушек сотный командир Маржанат, Красавиц знаменосица Байгинат
зикр	3	икр, разик	зикру:senses[0].text:зикр || зикру:senses[0].examples[0].ru:произнести зикр || зикру:senses[1].text:молитвенное собрание, где проводят зикр
застрясться	3	заструиться, заостряться, застраиваться, застрелиться	къазе:senses[2].text:вязнуть, завязнуть в чём-либо; застрясться || къазе:senses[2].examples[0].ru:застрясться в песке || хӏари:senses[1].examples[1].ru:застрясться в иле
замаскировывать	3	замаскировываться, замаскировать, замаскировывание, замаскировываемый	бахчизабизе:senses[0].text:(с)прятать; скрывать, скрыть; укрывать, укрыть; утаивать, утаить; (за)маскировать, замаскировывать что-либо || бахчизе:senses[2].text:(с)прятать; скрывать, скрыть; укрывать, укрыть; утаивать, утаить; (за)маскировать, замаскировывать что-либо || бикъа-бахчизе:senses[1].text:(с)прятать; скрывать, скрыть; укрывать, укрыть; утаивать, утаить; (за)маскировать, замаскировывать что-либо
дёргание	3	дёрганое, дёрганые, дёрганье, дёрганные	бер#1:senses[0].text:глаз, око; чего-либо; свет очей; свет очей; умереть; сна кого-что-либо(древниеаварцы верили тому, что дёргание век правого глаза у мужчин, левого — уженщин ко злу, а если наоборот, то к добру)на ком-либо бранное слово, выражение в переносном значении ласкательная (форма) чьих-либо ласкательная (форма) пословица поговорка поговорка загадкацӏаддождьбранное слово, выражение в переносном значении бранное слово, выражение поговорка бранное слово, выражение буквально в переносном значении(отгнева)в переносном значении || туркӏи:senses[1].text:дёргание || тӏеркӏей:senses[1].text:вздрагивание; дёргание
домработник	3	домработниц, дом работник, медработник, работник	постӏахъан:senses[0].text:слуга и служанка; домработник и домработница || цебетел:senses[0].text:слуга, домработник || цевечи:senses[0].text:слуга, домработник
добыться	3	добиться, дорыться, добываться, добыть, обмыться, сбыться	гӏезабизе:senses[3].examples[0].ru:Хватит ли нам этих денег? — Надо добыться, чтобы хватило || мурад:senses[1].examples[3].ru:добыться цели; достигнуть, достичь цели; исполниться — о желании || тӏалаб:senses[1].examples[5].ru:добываться, добыться чего-либо; стараться получать, иметь, присвоить что-либо; доставать, достать
дитё	3	идёт, дитя	гӏадан:senses[0].examples[17].ru:человек, сын человеческий; дитё Адама || дадал:senses[1].examples[1].ru:папино дитё, сыночек || кӏодол:senses[1].examples[3].ru:бабушкино любимое дитё
дибиром	3	дибораном	дибир:senses[0].examples[1].ru:стать дибиром || дибир:senses[0].examples[2].ru:назначить дибиром || дибирлъи:senses[0].examples[0].ru:служить дибиром
дибира	3	диборана	вагӏза:senses[0].examples[0].ru:проповедь дибира || дибирлъи:senses[0].text:пост, служба дибира; обязанности дибира; мулльство || дибирлъи:senses[0].text:пост, служба дибира; обязанности дибира; мулльство
дибир	3	обдир	вагӏза:senses[0].examples[3].ru:в мечети дибир произнёс проповедь || дибир:senses[0].text:дибир (мусульманское духовное лицо в ауле, возглавляющее паству и выносящее решения по шариату), мулла || дибир:senses[0].examples[0].ru:аульский дибир
джума	3	дума, джема, джута, джульма	болмажгит:senses[0].text:джума-мечеть, соборная мечеть || кӏудияб:senses[0].examples[16].ru:большая мечеть, джума-мечеть || мажгит:senses[0].examples[0].ru:соборная мечеть; джума-мечеть
дасть	3	даст, дать, сдать, десть, пасть, масть, шасть, часть, страсть	бечед:senses[0].examples[0].ru:если бог дасть || иншаалллагь:senses[0].text:бог дасть || иншаалллагь:senses[0].examples[0].ru:бог дасть, доберёмся мы сегодня домой
давные	3	давние, дивные, давнее, данные, равные, давным, дачные, давленые	анкьумумул:senses[0].text:давные предки || анкьумумул:senses[0].examples[0].ru:в старину, в давные времена; во времена давных предков || анкьумумул:senses[0].examples[1].ru:наши давные предки большое наследие оставили нам
гяур	3	гур	гавур:senses[0].text:гяур, богоотступник, неверный || капир:senses[0].text:книжное безбожник, гяур || капурчи:senses[0].text:неверующий, безбожник; неверный, нечестивый, поганый, кафир, гяур, иноверец
гусьи	3	гусь, гуси, гуськи, гусли, гусь и	хъазихъего:senses[0].text:по-гусьи, как гусь || хъазихъего:senses[0].examples[0].ru:гоготать по-гусьи || хъазихъего:senses[0].examples[1].ru:воробей старался по-гусьи гоготать, но повредил себе клюв
грушёвый	3	грушевый, угрёвый	генул:senses[1].text:грушёвый || генул:senses[1].examples[0].ru:грушёвый сад || генул:senses[1].examples[1].ru:грушёвый мёд
головный	3	уголовный, головной, головные, головней, головным, голодный, головных, голословный, поголовный, головневый, головнёвый	гӏадалнах:senses[0].text:головный мозг || чӏинчӏу:senses[0].comment:головный убор горянки || чӏинчӏу-чухтӏу:senses[0].examples[0].ru:умолять, сняв головный убор
галдибера	3	либерала	гъалдибер:senses[0].examples[1].ru:от галдибера — спина в ссадинах, от мешков — бока в болячках || гъалдибер:senses[0].examples[2].ru:палочки галдибера || гъалдибер:senses[0].examples[3].ru:не веди себя надменно; не растопиривай палочки галдибера
вымешенный	3	вмешенный, выметенный, вымеренный, вывешенный, вы мешенный, выменянный, мешенный, вымышленный, выношенный	кӏкӏвай#1:senses[1].text:вымешенный кусок || кӏкӏвай#1:senses[1].examples[0].ru:вымешенный кусок кукурузной муки || кӏкӏвай#1:senses[1].examples[1].ru:вымешенный кусок толокна
выигривать	3	выигрывать, выиграть, выговаривать, вываривать, вышвыривать	бахине#1:senses[4].text:получать, получить (пользу, выгоду); выигривать, выиграть что-либо || бергьине:senses[1].text:выигривать, выиграть что-либо || гӏарац:senses[1].examples[8].ru:выигривать деньги
выбырать	3	выбрать, выбирать, выбывать, выработать, выражать, вырастать, вырабатывать	хъирщизе:senses[1].text:выбырать || хъирщизе:senses[1].examples[0].ru:выбырать лучшее || чӏаразе:senses[2].text:разгромить; выбырать
ветренный	3	ветреный, выветренный, наветренный, заветренный, обветренный	гьорол:senses[1].text:ветренный || гьорол:senses[1].examples[0].ru:ветренный день || пикру:senses[0].examples[2].ru:легкомысленный, ветренный; неосновательный
вакуф	3	ВАКу	вакъпу:senses[0].text:вакуф (имущество, завещанное на богоугодное дело, благотворительные цели); вакуфное имущество || вакъпу:senses[0].examples[0].ru:выделить на вакуф || вакъпу:senses[0].examples[1].ru:отдать на вакуф
бутиль	3	бутил, утиль, бутили, бутила, бутило, бутиле, бутить, бутилы, бутыль, бутилу, бутишь	сурахӏи:senses[0].text:стеклянная посуда, бутиль; ваза || сурахӏи:senses[0].examples[1].ru:стеклянная бутиль || шиша:senses[0].examples[2].ru:бутиль, крупная бутылка
богатсво	3	богатство, богатств	бечелъи:senses[1].examples[0].ru:богатсво не оставляет человека в покое || буголъи:senses[1].text:имущество, состояние; достаток; достояние; богатсво; благосостояние || мискинлъи:senses[1].examples[0].ru:бедность — не позор, богатсво — не доблесть
бащадаб	3	баллада	параллель:senses[0].text:параллель (1. киса-кибего бащадаб манзилалъ бугеб мухъ || параллель:senses[1].text:дуниялалъул шаралда экваторалда бащадаб манзилалъул мухъ || ярд:senses[0].comment:91,44 сантиметралда бащадаб роцен
амирко	3	макромир	гӏамирко:senses[0].text:амирко || гӏамирко:senses[0].examples[0].ru:горное амирко || гӏамирко:senses[0].examples[1].ru:на амирко она похожа
алт	3	лат, ат, альт, балт, тал, али, арт, авт, акт, аль, аут, алтей	алтаяв:senses[0].text:алтаец || алтаязул:senses[1].text:алтайский || алтаязул:senses[1].examples[0].ru:алтайские азыки
алат	3	лат, салат, палат, халат, тала, анат, плат, альт, алая, блат, агат, а лат	накъира:senses[0].comment:музыкалияб алат || орган:senses[0].comment:музыкалияб алат || прибор:senses[0].comment:алат
айсорский	3	майорский, ораторский, корсарский, орский	айсор:senses[0].text:айсорский || айсор:senses[0].examples[0].ru:айсорский язык || айсоразул:senses[1].text:айсорский
аждаха	3	жажда	аздагьо:senses[0].text:аждаха, дракон || аздагьо:senses[1].text:аждаха || аздагьо:senses[1].examples[0].ru:он не Ахмед, а аждаха!
аварско	3	аварское, аварской, аварском, аварскою, аварский	а:senses[0].comment:первая буква аварского алфавита || аллитерация:senses[0].examples[0].ru:аварское стихосложение основывается на аллитерации || алфавит:senses[0].examples[0].ru:алфавит аварского языка
Шумайсат	3	Суматошный	бечӏчӏаризе:senses[0].examples[1].ru:Шумайсат хорошая доярка || тӏубанго:senses[1].examples[4].ru:Шумайсат насовсем переехала в город || хӏенчеро:senses[0].examples[0].ru:и в детстве Шумайсат была такой же задирой
Шамиль	3	Ша миль, Милаша	бижизе:senses[4].examples[2].ru:достопочтимый Шамиль четверть века возглавил борьбу за свободу родной земли || гьабизе:senses[9].examples[4].ru:великий имам Шамиль родился в 1797 году || лачен:senses[2].examples[0].ru:Шамиль из Гимрей — сокол бесстрашный
Хунзахское	3	Хунхузское, Казахское	бо:senses[1].examples[3].ru:Хунзахское общество || тӏалъи#1:senses[0].examples[0].ru:Хунзахское плато || хан:senses[0].examples[11].comment:так исторически называли Хунзахское плато, место пребывания аварских ханов
Тавус	3	Фавус, Устав	гӏодоб:senses[0].examples[21].ru:Тавус постлала ковёр на пол || рагъи:senses[0].examples[9].ru:Тавус поднялась по лестнице на веранду || тӏавус:senses[1].text:Тавус
Салман	3	Шалман, Саман, Саламанка	бугъизе:senses[0].examples[0].ru:Кунака имеешь, Салман, — отправляйся к нему, Кунака не имеешь, — устрою на ночлег || защитник:senses[0].examples[0].ru:в суде защитником был Салман || цебе:senses[5].examples[1].ru:Салман пришёл раньше всех
Саид	3	Сад, Сард, Сайд, Скид, Сакаи	гьай#1:senses[0].examples[0].ru:ах, друг Саид, что за беда навалилась на твою голову! || кьер#2:senses[0].examples[2].ru:Саид и я — одного поколения; Саид и я — ровесники || кьер#2:senses[0].examples[2].ru:Саид и я — одного поколения; Саид и я — ровесники
Муса	3	Уса, Куса, Сума, Мусса, Усам, Мура, Мусс, Мула, Мука, Мыса, Мяса, Муза, Муча, Мужа, Муха	гъапуллъизе:senses[1].examples[0].ru:Муса замешкался, и волы очутились на посевах || добго:senses[0].examples[0].ru:в том же поле тот же Муса || щиб:senses[1].examples[0].ru:Муса! — Что?
Мурад	3	Дурам, Мура, Мрад, Мудра, Мураш, Мур ад	амма:senses[0].examples[2].ru:Мурад хорошо учится, однако дисциплина хромает || дарран:senses[0].examples[2].ru:трясущегося от страха щенка Мурад прижал к груди || мурад:senses[3].text:Мурад
Курбан	3	Чурбан, Курган	жив:senses[0].examples[1].ru:Курбан спросил чабана, что не увидел ли он его кобылу || къватӏиб:senses[0].examples[36].ru:Геда выходит, а Курбан заходит || къурбан:senses[2].text:Курбан
Кааба	3	Краба, Кабака, Кабак, Кабала, Кабана	замзам:senses[0].comment:колодец в Мекке при храме Кааба || Кагӏба:senses[0].text:Кааба || хӏарам#2:senses[0].text:свящённый дом Кааба [в Мекке], храм [в Иерусалиме]
Ибн	3	Инн, Ибо, Ион, Иен	Ибнухӏажар:senses[0].text:Ибн Хаджар || Ибнухӏажар:senses[1].text:"Ибн Хаджар" || Ибнухӏажар:senses[1].comment:четырехтомник произведений Ибн Хаджара
Давуд	3	Давид, Удав	бегӏераб:senses[2].examples[2].ru:Давуд мальчик очень понятливый || дуризе:senses[0].examples[2].ru:Давуд прибавил скорость машины || санаторий:senses[0].examples[3].ru:Давуд приобрёл путёвку в санаторий
Гаджи	3	Раджи, Хаджи, Гадки, Гаджет	диванбег:senses[0].examples[0].ru:аульский судья вынес решение отобрать поле у Гаджи и передать Али || кӏодо:senses[3].examples[0].ru:мы молимся за упокой души дедушки Гаджи || хӏажи:senses[1].text:Гаджи
Билал	3	Билла, Билл, Билан, Била, Бивал, Алиби	гьединго:senses[0].examples[0].ru:и Билал рассказал мне так же || киса:senses[0].examples[5].ru:Билал вынул платок из кармана || цагъур:senses[0].examples[7].ru:Билал мастер по изготовлению ларей
Ашура	3	Аура, Амура, Ажура, Шура, Мураш	буго:senses[4].examples[3].ru:Ашура поёт || гӏадан:senses[0].examples[14].ru:Ашура — красивая женщина || занкӏан:senses[0].examples[2].ru:когда Ашура подняла руку, Али тут же остановил машину
Аслан	3	Алан, Асуан, Услан, Наслан, Заслан, Асболан	аслан#2:senses[1].text:Аслан || гӏодоб:senses[0].examples[23].ru:Аслан свалил быка на землю || мехалда:senses[0].examples[0].ru:в молодости Аслан был очень красив
Асият	3	Засиять	аптека:senses[0].examples[1].ru:Асият работала в аптеке || къадахъан:senses[0].examples[2].ru:Асият принесла обед каменщикам || щуйилаб:senses[0].examples[1].ru:сегодня Асият получила пятёрку
Айшат	3	Глашатай	гьа#3:senses[0].examples[2].ru:Айшат! — Что? || дургъизе:senses[0].examples[0].ru:Айшат делает моток из ниток, которые сама пряла || лъаббохилаб:senses[0].examples[1].ru:Айшат придвинула ближе к очагу треногую табуретку для него
ясин	2	синя, осин, ясен, ямин, трясин	ясен:senses[0].text:ясин || ясен:senses[0].examples[0].ru:читать ясин
яркокрасном	2	ярко красном, красноярском, краснокамском, красноломком, краснокрылом	канчӏбагӏар:senses[0].text:в яркокрасном цвете || канчӏбагӏар:senses[0].examples[1].ru:виднеется в яркокрасном цвете
яркожёлтом	2	ярко жёлтом, ярковатом	кантӏогьил:senses[0].text:в яркожёлтом цвете || канчӏтӏогьил:senses[0].text:в яркожёлтом цвете
яловеть	2	осоловеть	хӏорго:senses[0].examples[0].ru:яловеть || хӏорлъизе:senses[0].text:яловеть, стать яловым
яловела	2	ялов ела, ловеласа, ловелас	хӏорго:senses[0].examples[1].ru:корова в этом году яловела || хӏорлъизе:senses[0].examples[0].ru:кобыла яловела
этых	2	этих, этапных	зодиб:senses[0].examples[1].ru:да приобретёшь ты столько коз, сколько звезд на небе, и постигнет тебя столько бед, сколько волос на этых козах || кинабаб:senses[0].examples[0].ru:какая из этых картин тебе понравилась?
эты	2	ты, эти, эта, это, эры, рты, эту, юты, эфы, Юты	бихьизабизе:senses[6].examples[0].ru:эты цифры свидетельствуют о росте материального благосостояния жителей аула || гьаб:senses[1].examples[3].ru:эты часы
эмпирей	2	эмпирией, эмпиризм	гӏарш:senses[1].text:эмпирей || гӏиллигун:senses[0].text:эмпирей
элек	2	эле, влек, элей, элем, эле к	полюс:senses[1].text:элек полюс || розетка:senses[0].comment:элек.
щитовник	2	щитов ник, котовник, щитник	цидуквачӏ:senses[0].text:папоротник, щитовник мужской; медвежья лапа || шори:senses[0].text:папоротник, щитовник мужской
щебнём	2	щебнем, щебням, хлебнём	чӏезе#1:senses[11].examples[1].ru:мостить дорогу щебнём || чӏимиххӏалаб:senses[0].text:с избитком мелкого щебня, изобилующий щебнём; щебнистый
щебетунья	2	щебетанья, щебетанье	чӏирчӏидиро:senses[1].text:щебетунья, чирикалка
шипенье	2	шипение, пенье	ващи:senses[0].text:шипенье || ващи:senses[0].examples[0].ru:шипенье пенистого вина
шаъбан	2	шарабан	шагӏбан:senses[0].text:шаъбан || шагӏбаналъ:senses[0].text:в месяце шаъбан
шароваров	2	шаров аров, шаровар, сахароваров, шаровой	халхал:senses[0].comment:на концах штанин женских шароваров || шарбал:senses[0].examples[3].ru:штанина шароваров
шариатский	2	араратский, шарлатанский, арбатский, шатурский	билълъанхъизе:senses[2].examples[0].ru:раньше в Дагестане бытовал шариатский суд || шаргӏияб:senses[0].text:шариатский
шаввал	2	шалава, шалав	шаввал:senses[0].text:шаввал || шаввалалда:senses[0].text:в месяце шаввал
шаабан	2	шарабан, балабан	лъабмоцӏ:senses[0].comment:у мусульман: раджаб, шаабан и рамадан || лъабмоцӏил:senses[0].comment:месяцев раджаб, шаабан и рамадан
чохто	2	чох то, чох	чухтӏу:senses[0].text:чохто, женский головной убор || чухтӏу:senses[0].examples[0].ru:одевать чохто
чонгура	2	орангутан	гӏатӏ#2:senses[0].examples[0].ru:струна чонгура || чӏва#1:senses[0].examples[1].ru:струна чагура, чонгура
чистотель	2	чистотел, чистотела, чистотеле, чистотелу, чист отель, чистоте ль, очиститель, числитель, листотел, расточитель	тӏегь:senses[0].examples[28].ru:чистотель большой || хер:senses[0].examples[10].ru:чистотель
чирикалка	2	чирикала, чирикал ка, читалка, калачика, калачик	чӏирчӏидиро:senses[1].text:щебетунья, чирикалка || чӏичӏихо:senses[1].text:чирикалка
четверёнках	2	четвертинках, четвереньках, четвертаках, четверочниках	ункъида:senses[1].text:на четверёнках, на карачках || ункъида:senses[1].examples[0].ru:ползать на четверёнках, ползать на карачках
черезчур	2	чересчур, через чур, через, резче	гӏаси:senses[3].text:очень, черезчур, чудовищно || гӏаси:senses[3].examples[2].ru:черезчур умный человек
чауш	2	чашу, чаш	гӏел#2:senses[0].text:сельский глашатай, чауш; сельский исполнитель || росдал:senses[1].examples[2].ru:сельский глашатай, чауш
чарык	2	чары, арык, чакры, чарок, чары к, чарка	тӏомохьит:senses[0].text:чарык || хьвацӏихьит:senses[0].text:чарык
чародействовать	2	противодействовать, содействовать, чародейство, мародерствовать	гьабизе:senses[11].examples[12].ru:колдовать, чародействовать, ворожить || сихӏру:senses[2].examples[0].ru:колдовать, чародействовать, ворожить; организовать уловку; показывать, показать фокус
чанчура	2	немчура	чӏанчӏур:senses[0].examples[0].ru:дерево чанчура || чӏанчӏур:senses[0].examples[1].ru:самогон из чанчура
чагуре	2	чагу ре, балагуре	чагур:senses[0].examples[1].ru:играть на чагуре || чагурчи:senses[0].text:мастер по игре на чагуре
чагур	2	чагу, балагур	чагур:senses[0].text:чагур, чонгур || чагур:senses[0].examples[0].ru:настраивать чагур
чавканием	2	чавканьем, вкачиванием, чавкавшем, качанием, вниканием	чӏапиялда:senses[0].text:с чавканием, с плеском || чӏапиялда:senses[0].examples[0].ru:с чавканием ходил по грязи
цып	2	цап, цеп, вып, цыц, цыпка	гурущ-гурущ:senses[0].text:цып-цып || гъезе:senses[2].examples[2].ru:загнать цыплят под навес || гӏанкӏудул:senses[1].examples[1].ru:цыплёнок
хъвадаризе	2	задаривавшие	папирус:senses[1].text:некӏсиял халкъаз гьеб харил хъвадаризе хӏалтӏизабулеб букӏараб материал || пергамент:senses[0].text:пергамент (1. кагътил бакӏалда хӏалтӏизабулеб букӏараб, тӏад хъвадаризе къачӏараб къехь
хурджуна	2	тархуна	гӏаг:senses[1].text:половина хурджуна || гӏаг:senses[1].examples[0].ru:в одну половину хурджуна яблоки насыпь, в другую половину груши насыпь
храпея	2	храпе, храпя, храпел, храпе я	хъванхъваниялда:senses[0].text:с храпом, вовсю храпея || хъванхъваниялда:senses[0].examples[0].ru:спать с храпом, спать вовсю храпея
храмовый	2	храмовой, хромовый, храмовые, храмовым, храмовых, граммовый, махровый	хӏарамалъул:senses[1].text:храмовый || хӏарамалъул:senses[1].examples[0].ru:храмовый сад
хорасанский	2	андорранский, астраханский, саранский, оршанский	хъурайсен:senses[0].examples[0].ru:ягнёнок-мерлушка; хорасанский ягнёнок || хъурайсен:senses[0].examples[1].ru:хорасанский курпей, каракулевая папаха
ходют	2	ходит, ходят, ход ют, холодают	гаргар:senses[1].examples[2].ru:эти слухи ходют с какой-то целью || миккигъветӏ:senses[0].examples[1].ru:свиньи ходют под дуб
хлопчато	2	хлопчатое, хлопчатой, хлопчатом, хлопчатою, хлопчатый, хлопоча	квасквасул:senses[1].text:хлопчато-бумажный || квасквасул:senses[1].examples[0].ru:хлопчато-бумажная ткань
хинкалами	2	каламин	хинкӏ:senses[0].examples[0].ru:хоть хинкалами накорми — пёс ты, хоть не накорми — всё равно пёс || хоб:senses[0].examples[19].comment:в старину аварцы кормили тех, кто роет могилу, варёным курдюком и хинкалами
хиндаляльцы	2	валяльщицы	хьиндалал:senses[0].text:хиндаляльцы || хьиндалал:senses[0].examples[0].ru:чабан разведёт огонь на овечьем или козьем помёте, а хиндаляльцы на кизяке
хиджджа	2	имиджа	къурбанкъо:senses[0].comment:десятый день лунного месяца зу-ль-хиджджа, в котором паломники в Мекке приносят жертвы близ горы Арафат || къурбанмоцӏ:senses[0].comment:месяц зу-ль-хиджджа по лунному календарю
хадисах	2	хасидах, садистах, садистках, дисахаридах, садиках	баб:senses[0].examples[1].ru:эта глава о хадисах пророка Мухаммеда || божизе:senses[0].examples[3].ru:увериться в Коране и хадисах
фракционер	2	фр акционер, фракционный, реакционер, акционерка, акционер	фракционер:senses[0].text:фракционер || фракционерлъи:senses[0].text:от фракционер
фонемный	2	фононный	фонема:senses[0].examples[0].ru:фонемный состав языка || фонемаялъул:senses[1].text:фонемный
фолькл	2	фольклор	лъезе:senses[5].examples[33].ru:фолькл. хан тут же помчался к дому телячьего пастуха || ярагъ:senses[0].examples[5].ru:фолькл. Оружие прицепив и на коня садясь
флюрографический	2	флюорографический, полярографический, электрографический, гидрографический, спирографический	флюрографиялъул:senses[1].text:флюрографический || флюрографиялъул:senses[1].examples[0].ru:флюрографический снимок
физиотерапический	2	физиотерапевтический, радиофизический, физиатрический, стереографический	физиотерапиялъул:senses[1].text:физиотерапический || физиотерапиялъул:senses[1].examples[0].ru:физиотерапический кабинет
ухъан	2	духан	речӏчӏухъанлъи:senses[0].text:от речӏчӏухъан || хӏалтӏухъанлъи:senses[0].text:от хӏалтӏухъан
утончиться	2	уточниться, утончаться, истончиться, окончиться, кончиться, утолиться	тӏере-гъеренлъизе:senses[0].text:быть, стать тонким или тоньше; утончаться, утончиться || тӏеренлъизе:senses[0].text:быть, стать тонким или тоньше; утончаться, утончиться
утолстить	2	утолиться, утолить	бицалъизабизе:senses[0].text:утолщать, утолстить; (с)делать что-либо толстим или толще; уплотнять, уплотнить, (с)делать что-либо плотным или плотнее || бицалъизабизе:senses[0].examples[0].ru:утолстить верёвку
утихомировать	2	утихомиривать, утихомирить, хромировать, коммутировать, анатомировать	гӏодоцинабизе:senses[0].text:успокаивать, успокоить; утихомировать, утихомирить кого-либо; подавлять, подавить кого-что-либо || гӏодоцине:senses[0].text:успокаиваться, успокоиться; утихомировать, утихомирить; утихать, утихнуть
утихаться	2	утираться, утихать, утратиться, пихаться	секьизе:senses[0].text:стихать, утихать, утихнуть; утихаться, затихаться || чӏезе#1:senses[9].text:перестать, утихаться, улечься
урбеча	2	щебеча	хьон#2:senses[0].examples[0].ru:произвести помол урбеча || хьотӏагьобо:senses[0].text:мельница для помола урбеча
унылии	2	унынии, унылости	къварид:senses[1].examples[0].ru:горевать, предаваться печали, горю, унылии, скорби; быть, находиться в печали, в горе, в унылии, в скорби || къварид:senses[1].examples[0].ru:горевать, предаваться печали, горю, унылии, скорби; быть, находиться в печали, в горе, в унылии, в скорби
уменшиться	2	уменьшиться, уменьшится, умен шиться, уменьшаться, уместиться, уменьшить, смениться	дагьлъизе:senses[0].text:уменьшаться, уменшиться; убавляться, убавиться; снижаться; сокращаться, сократиться; убывать || тӏадагьлъизе:senses[0].text:быть, стать лёгким или легче; уменьшаться, уменшиться в весе; облегчиться; вести себя легкомысленно, развязно
уменшить	2	уменьшить, уменьшит, умен шить	гьитӏинлъизабизе:senses[0].text:уменьшать, уменшить, преуменьшать, преуменьшить; убавлять, убавить; разукрупнять, разукрупнить что-либо || дагьлъизабизе:senses[0].text:уменьшать, уменшить что-либо чего-либо; убавлять, убавить что-либо чего-либо; (с)делать меньше; сокращать, сократить что-либо
удосужить	2	удосужиться, дослужить, удостоить, удорожить	жойиде:senses[0].examples[0].ru:признать; считаться с кем-чем-л.; удосужить вниманием || жойиде:senses[0].examples[1].ru:не признать; не считаться; не удосужить вниманием
увероваться	2	уверовать, увертываться, нумероваться, вербоваться	иман:senses[1].examples[2].ru:увероваться душою || лъезе:senses[5].examples[10].ru:увероваться, принять религию; быть, стать благосклонным к кому-либо, считать своим кумиром
тёмнокоричневого	2	тёмно коричневого, коричневатого	сурмияб:senses[0].text:коричневый, тёмнокоричневый; коричневого, тёмнокоричневого цвета || хьон#2:senses[0].comment:масло чёрного или тёмнокоричневого цвета, получаемое после помола на мельнице поджаренных зёрен льна или конопли, а также косточек абрикос; употребляется в пищу в основном в смеси с мёдом или с топлёным маслом
тухумом	2	тух умом, тугодумом	кьалаб:senses[0].examples[1].ru:враждующий с аулом со скалы упадёт, враждующего с тухумом река унесёт || росу:senses[0].examples[17].ru:враждовавший с селом со скалы упадёт, враждовавшего с тухумом река унесёт
тухумами	2	тух умами, тумаками, туманами	ачу:senses[0].examples[0].ru:эти два тухума страшно ненавидят друг друга; между этими двумя тухумами большой гнев || багъизабизе:senses[0].examples[0].ru:(по)сеять раздор между двумя тухумами
тукен	2	туке, тукан, тушен, тучен, туркмен	кондитерская:senses[0].comment:тукен || продмаг:senses[0].comment:продуктабазул тукен
трахтанье	2	барахтанье	кьвар-кьвари:senses[0].text:грохот, трескотня; трахтанье || кьвар-кьвари:senses[0].examples[0].ru:с неба раздалось трахтанье вертолёта
тисс	2	сист, тис, тсс, тиса, тисе, тирс, тисы, мисс, дисс, тису, тис с	цӏилкъ:senses[0].text:тисс || цӏцӏанигъур:senses[0].text:тисс
тиквы	2	тыквы, тик вы, антиквы	гӏарщ:senses[1].comment:например тиквы, огурцов и тому подобное || гӏарщ:senses[1].examples[0].ru:плети тиквы
техникияб	2	техника	парк#2:senses[0].text:парк (1. аскаралъе техникияб материал кьолеб, добе-гьанибе баччизе санагӏат рекъезабураб склад || профтехучилище:senses[0].comment:профессионалиябгун техникияб училище
терётся	2	трётся, дерётся, берётся, стерёгся, терся	лъулъадизе:senses[0].examples[0].ru:осёл терётся о дерево || лъухьардизе:senses[0].examples[0].ru:кошка терётся о ноги бабушки
телячим	2	телячьим, телячий, темлячным	бачавехь:senses[0].examples[1].ru:лучше быть телячим пастухом, чем работать на тебя || бачавехьлъи:senses[0].examples[0].ru:работать телячим пастухом
талышский	2	латышский, италийский, алтайский	талышазул:senses[1].text:талышский || талышазул:senses[1].examples[0].ru:талышский язык
талыши	2	латыши, талыми, малыши	талыш:senses[0].examples[0].ru:талыши || талышал:senses[0].text:талыши
талыш	2	латыш, талые, талый, талым, малыш, талых	талыш:senses[0].text:талыш || талышав:senses[0].text:талыш
тайпа	2	тайна, тайма, тайга, тай па, телетайпа	карамель:senses[0].comment:конфетазул цо тайпа || соната:senses[0].comment:музикалиял асаразул цо тайпа
табасаранцы	2	табасаранский	табасаран:senses[0].examples[1].ru:табасаранцы || табасаранал:senses[0].text:табасаранцы
сыпают	2	осыпают, всыпают, ссыпают, усыпают, сыплют, высыпают, насыпают, засыпают, отсыпают	бугӏатӏам:senses[1].examples[0].ru:в подземельном царстве они попали в комнату с ковшик, измеряющий побор за помол; то, во что сыпают ячмень || цӏамкьеро:senses[0].text:место, куда сыпают соль для овец, коз и других животных
сыновный	2	сыновний, сановный, сыновней, основный, совиновный	васасулаб:senses[0].text:сыновный || васасулаб:senses[0].examples[0].ru:сыновный долг
суягная	2	суягность	къинаб:senses[0].text:стельная, жеребая, суягная, супоросая и т. д. (самка, ожидающая приплода); беременная || къинаб:senses[0].examples[2].ru:суягная овца
супник	2	супчик, супниц, суп ник	менча:senses[0].text:подставка-поднос под супник || хума:senses[0].text:супник, супница
сумашедшим	2	сумасшедшим, сума шедшим, сумасшедший	гӏадаллъизабизе:senses[0].text:сводить, свести с ума кого-либо; лишать, лишить рассудка кого-либо; (с)делать сумашедшим, умалишённым || гӏадаллъизе:senses[0].text:сходить, сойти с ума; становиться, стать сумашедшим, умалишённым
стоная	2	стона, сточная, стеная, стонал, стонам, стонаю, стонах, ст оная, стона я, стотонная, стонущая, стольная, стоечная	агьи-угьиялда:senses[0].text:со стоном, стоная; глубоко вздыхая || угьи-зигараялда:senses[0].text:стоная, вздыхая; стеная
стого	2	стог, того, истого, сотого, строго, стогов, сытого, стогом, итого, стога, стоге, стогн, стогу, этого, с того	букӏа-букӏахъан:senses[0].text:ни стого ни с сего || букӏунбакӏалда:senses[0].text:ни стого ни с сего
стихание	2	стирание, затихание, стенание	секьи:senses[1].text:стихание, утихание || секьи:senses[1].examples[0].ru:стихание боли
стеревятник	2	стервятник, тетеревятник	балкан:senses[0].examples[1].ru:стеревятник, питающийся падалью
степняк	2	степной	авлахъ:senses[0].examples[1].ru:житель степи, степняк || авлахъ:senses[0].examples[2].ru:степняк
стелла	2	Стелла, стела, стелила, стеллаж, стерла, стекла, стеллита, стесала, стрела, стел	гӏарас:senses[0].text:изваяние, надгробие, стелла на могиле || зани:senses[0].text:памятник на могиле; стелла
статно	2	статное, статной, статном, статною, стадно, стат но, статность, статично	къамартӏго:senses[0].text:статно, ловко; стойко || чергесго:senses[0].text:стройно, статно
стажёрский	2	постижёрский, стайерский, татарский	стажёрлъиялъул:senses[1].text:стажёрский || стажёрлъиялъул:senses[1].examples[0].ru:стажёрский срок
спозараньку	2	спозаранку, позарастать	мачӏикьго:senses[0].text:с утра пораньше; спозараньку || мачӏикьго:senses[0].examples[0].ru:зачем вы встали спозараньку?
спиртный	2	спиртной, спиртные, спиртным, спиртных, спирантный, пиритный	спирт:senses[0].examples[4].ru:спиртный || спирталъул:senses[1].text:спиртный, спиртовой
сошник	2	сонник, сотник, сошниковый	къоб#1:senses[0].text:лемех, сошник || пурцимахх:senses[0].text:сошник, лемех
смушки	2	сушки, мушки, смешки, слушки, с мушки, см ушки	бухаритахта:senses[0].examples[0].ru:сшить папаху из каракулевой смушки || суртӏагъур:senses[0].text:папаха из смушки сур
смушек	2	сушек, мушек, с мушек, см ушек	кьегӏер:senses[0].examples[5].ru:шуба из смушек, шуба из барашковых шкурок || тӏимугъ:senses[0].examples[0].ru:шуба из смушек
смолчи	2	смоли, смочи, молчи, смолчит, смолчим, смочил, смолки, смолчу, с молчи	бацӏцӏине#1:senses[2].examples[8].ru:смолчи, замолчи; вытирай рот и замри || кӏал:senses[0].examples[12].ru:смолчи; рот вытирай и остановись
словены	2	слоены, словенцы, сложены, словесный, условлены, ловлены	словен:senses[0].examples[1].ru:словены || словенал:senses[0].text:словены
слепневый	2	селезневый	никӏкӏил:senses[1].text:слепневый || никӏкӏил:senses[1].examples[0].ru:слепневый месяц
сластить	2	усластить, срастить, уластить, насластить, засластить, подсластить, заластить	гьуинлъизабизе:senses[0].text:(с)делать сладким, (под)сластить, подслащивать || гьуинлъизабизе:senses[0].examples[0].ru:сластить чай
скудеть	2	оскудеть, скудель	гӏакълу:senses[0].examples[13].ru:скудеть умом || хъарцинлъизе:senses[0].text:истощаться, истощиться; (о)скудеть; становиться, стать неплодородным; (по)терять плодородие
скорода	2	сморода, скор ода, скоро да, скорохода, сковорода, скородита, скороход	гӏалхул:senses[3].examples[15].ru:лук скорода || мугӏрул:senses[1].examples[6].ru:лук скорода
складивание	2	складывание, складирование, склеивание, сколачивание, вкладывание	сокӏкӏин:senses[1].text:складивание || сокӏкӏин:senses[1].examples[0].ru:складивание книг
серебрянная	2	серебряная, серебренная, серебрённая, серебреная, серебрянка, серебрёная	диргьам:senses[0].comment:серебрянная монета весом приблизительное значение 3,12 г. || къадиро:senses[0].examples[0].ru:серебрянная пряжка
секторский	2	ректорский, лекторский, сект орский, инспекторский, сенаторский, прозекторский, редакторский	секторалъул:senses[1].text:секторский || секторалъул:senses[1].examples[0].ru:секторский отчёт
свёртиваться	2	свёртываться, свариваться, ввёртываться, извёртываться, увёртываться	бетизабизе:senses[0].text:дать свёртиваться, свернуться || бетизе:senses[0].text:свёртиваться, свернуться
свиня	2	синя, виня, свиная, свинят, свинья, свинг, с виня	болъон:senses[1].text:свиня || къвалаб:senses[0].examples[0].ru:пегая свиня
светлокоричневым	2	светло коричневым, светлоокрашенным	канчӏсурмалъизабизе:senses[0].text:(с)делать светлокоричневым, (по)красить в светлокоричневый цвет || канчӏсурмалъизе:senses[0].text:становиться, стать светлокоричневым; принимать, принять светлокричневый цвет
сафой	2	софой, сапой, самой, сагой	бакъан:senses[0].examples[11].ru:тихонько, не спеша, не торопясь; тихой сафой || бигьагьабун:senses[0].text:тихо, тихой сафой
сафар	2	сафари, сахар, сарафан	сапар#2:senses[0].text:сафар || сапар#2:senses[0].examples[0].ru:месяц сафар
сапетка	2	салфетка	чӏеп:senses[0].text:корзина, сапетка; лукошко || чӏеп:senses[0].examples[0].ru:полная абрикосами сапетка
санэпидстанция	2	санэпидемстанция	санэпидстанция:senses[0].text:санэпидстанция || санэпидстанция:senses[0].examples[0].ru:городская санэпидстанция
салам	2	сала, салкам, скалам, силам, салом, селам, санам, салат, валам, палам, салак, садам, залам, балам, салаг	вагӏалайкумсалам:senses[0].text:ва алейкум салам; здравствуй (ответное приветствие на || салам:senses[0].examples[0].comment:буквально: дать салам
рушки	2	руки, ушки, врушки, грушки, круши, решки, тушки, сушки, пушки, ряшки, мушки, душки, рубки, ручки, чушки	жагъир:senses[0].comment:после рушки зерна || хӏокӏ:senses[0].comment:после рушки зерна
ругание	2	ругани, руганое, руганые, рыгание, угасание, угорание	сема-къеми:senses[1].text:ругань, ругание, руготня, ругня || семи:senses[1].text:ругань, ругание, руготня, ругня
риться	2	роиться, яриться, бриться, ринься, виться, литься, питься, рыться, шиться, биться, житься, мириться, шириться, буриться, куриться	бикӏаризе:senses[0].text:ковыряться в чём-либо; долбиться; риться в чём-либо || квалквадизе:senses[1].text:риться в чём-либо
репортёрствовать	2	репортёрство, антрепренёрствовать, прожектёрствовать, резонёрствовать	репортёр:senses[0].examples[2].ru:работать репортёром, репортёрствовать || репортёрлъи:senses[0].examples[0].ru:репортёрствовать
ратль	2	рать, траль	ратӏал:senses[0].text:ратль || ратӏал:senses[0].examples[1].ru:ратль ему не доступен, а на щигат он не согласен
растоянии	2	расстоянии, настоянии, расстояние, расточении, расторжении, растирании	рикӏкӏад:senses[0].examples[1].ru:держать на определённом растоянии || хеч:senses[0].examples[4].ru:на растоянии одного копья
расстянуть	2	растянуть, рас стянуть, растянутость, расстегнуть, растянут, стянуться	биххизе:senses[9].text:расстянуть || биххизе:senses[9].examples[0].ru:расстянуть руку
рассточительность	2	расточительность, рассудительность, нравоучительность, растительность, расширительность	исрап:senses[0].examples[0].ru:промотать; проявить рассточительность; нерассчетливо тратить; излишествовать || исраплъи:senses[0].text:рассточительность; рассточительство; мотовство
расстерянности	2	растерянности, растерянность, рассеянности, растерзанности, затерянности	биххизабизе:senses[2].text:приводить, привести кого-что-либо в состояние расстерянности, в расстройство; расстраивать, расстроить кого-либо || биххизе:senses[2].text:(рас)теряться, расстраиваться, расстроиться; бывать, быть в расстерянности, в расстройстве
распросов	2	расспросов, распробовав, расспросив, распродав, расспрос	гьикъ-цӏех:senses[0].examples[0].ru:после распросов узнали, где находится новый магазин || цӏеха-рехезе:senses[0].examples[0].ru:разузнать путём распросов
распросами	2	расспросами, распр осами, распродажами, расспросными, расправами, расспроси	цӏеха-рехезе:senses[0].text:распрашивать, опрашивать кого-либо; выспрашивать что-либо у кого-либо; заниматься распросами || цӏехолдизе:senses[0].text:заниматься распросами, опросом, выспрашиванием; распрашивать, опрашивать, выспрашивать, выпытивать, выведивать что-либо; разузнавать
расмешить	2	рассмешить, насмешить, расклешить, смешить, расшить, расширить	белъизабизе:senses[0].text:заставлять, заставить кого-либо смеяться; (на)смешить, расмешить кого-либо; вызывать, вызвать смех || белъизабизе:senses[0].examples[0].ru:ты не сумеешь расмешить меня
ранным	2	оранным, раненым, кранным, бранным, ранним, раннем, ратным, равным, ванным, санным, рамным, манным, данным, рунным, разным	хӏелеко:senses[0].examples[2].ru:ранным утром, спозаранку || хӏелеко:senses[0].examples[3].ru:он пришёл домой ранным утром
размякать	2	размокать, размыкать, размяк ать, размякнуть, размягчать, размять, размазать	тамахлъизе:senses[2].text:расслабляться, расслабиться; становиться, стать слабым, вялым, дряблым; раскисать, раскиснуть; размякать, размякнуть || хӏеккине:senses[0].text:размокать, размокнуть; подмокать, подмокнуть; размякать, размякнуть
различиться	2	различаться, разлучиться, различить, разлиться, разозлиться, разграничиться	батӏалъизе:senses[2].text:отличаться, отличиться чем-либо чего-либо; различаться, различиться; выделяться чем-либо || батӏалъизе:senses[4].text:различаться, различиться чем-либо; сотот(из семьи).
раздумие	2	раздутие, раздумий, раздумье, раздумавшие	эргъезе:senses[0].examples[0].ru:не погружайся в раздумие, брат || эргъезе:senses[0].examples[1].ru:он сидит, погрузившись в раздумие
раздвоить	2	разводить, раздвоиться, раздваивать, раздавить, развозить	кӏибикьизе:senses[2].text:раздваивать, раздвоить что-либо || кӏилъизабизе:senses[0].text:удваивать, удвоить что-либо; раздваивать, раздвоить что-либо
разг	2	раз, рази, раза, розг, разе, ранг, разр, разв, разл, разы, разя, разд, разу	хӏалбихьи:senses[1].examples[3].comment:(о человеке) разг || ццидал:senses[1].examples[2].ru:злюка разг.
разветляться	2	разветвляться, разветвиться, разветвлять, развеяться, развеселиться	гӏаркьахине:senses[0].text:пускать, пустить ветви, отростки; ветвиться, разветляться, ответвляться; куститься || карахине:senses[0].text:разветляться
разбросить	2	разбросать, раз бросить, разбитость, взбросить, забросить, разборонить	тирщавухъ:senses[0].examples[0].ru:разбрасывать, разбросить; раскидывать, раскидать; растранжировать, растранжирить || тирщизе:senses[0].text:разбрасывать, разбросить; раскидывать, раскидать
радиофицировать	2	радиофицированный, ратифицировать, модифицировать, кодифицировать	радио:senses[0].examples[1].ru:провести радио, радиофицировать || радиофикация:senses[0].examples[0].ru:радиофицировать
радиожурналиста	2	радио журналиста, радиожурнала, радиожурнал, фотожурналиста, традиционалиста	радиожурналист:senses[0].examples[0].ru:очерк радиожурналиста || радиожурналистлъи:senses[0].text:профессия, работа радиожурналиста
раджаб	2	раджа, раджам, раджах, рад жаб, радж, жабра	лъабмоцӏ:senses[0].comment:у мусульман: раджаб, шаабан и рамадан || лъабмоцӏил:senses[0].comment:месяцев раджаб, шаабан и рамадан
раг	2	ранг, враг, краг, драг, рагу, риг, рог, рае, ран, наг, ваг, рас, саг, рай, лаг	апанди:senses[0].examples[0].ru:Магомед-эфенди Ярагский разрешил имаму Газимагомеду выйти на газават || ахираб:senses[0].examples[1].ru:нанесли врагу решающий удар || ахту:senses[0].examples[2].ru:кураговый компот помогает отхаркивать мокроту
пятиюродный	2	троюродный	рахъубикь:senses[0].text:пятиюродный брат; пятиюродная сестра || рахъубикь:senses[0].examples[0].ru:пятиюродный брат — самый дорогой родственник
пурщины	2	пурины, пурпурин	пурщина:senses[0].examples[1].ru:кусок пурщины || пурщина:senses[0].examples[2].ru:ломтик пурщины
пузырки	2	пузырик, пузыри, пузырики, пузырьки, пузыречки, пузырёчки	хулхулал:senses[0].text:пузырки || хулхулал:senses[0].examples[0].ru:образовались пузырки
пузан	2	пуза, пузат, путан, пуган	чехькӏодо:senses[0].text:брюхан, пузан || чирмачехь:senses[0].text:пузан, брюхан; бочка-пузо
пряслень	2	прозелень	тӏагъди:senses[0].text:прясло, пряслице, пряслень || тӏагъди:senses[0].examples[0].ru:насадить пряслень на веретено
профгруппоргом	2	профгруппа	профгруппорг:senses[0].examples[0].ru:избрать профгруппоргом || профгруппорглъи:senses[0].examples[0].ru:работать профгруппоргом
прорабский	2	про рабский, прокурорский, рабкоровский, арабский, рабский	прорабасул:senses[1].text:прорабский || прорабасул:senses[1].examples[0].ru:прорабский участок
промысли	2	промыли, помысли, промысла, промысле, промыслы, промыслу, про мысли, промысловик	батагъ:senses[0].text:рыбные промысли || батагъ:senses[0].examples[0].ru:отправиться работать на рыбные промысли
промакашка	2	промокашка, промашка, промазка, ромашка	щакъи:senses[0].examples[4].ru:промакашка.; промакательная бумага || щакъицӏуй:senses[0].text:промакашка
продасть	2	продаст, продать, пропасть, продажность, продавать, прорастать, продрать	бичизе#2:senses[1].examples[7].ru:продасть посевной участок || бичизе#2:senses[1].examples[9].ru:продасть
прободание	2	прободение, пробование, про бодание, пропадание, пробивание, проедание, преобладание	бакь:senses[0].examples[3].ru:прободание кишки || хъвата:senses[0].examples[0].ru:да получится у тебя прободание кишек
припаси	2	припас, припасти, припасли, припаса, припасе, припали, припасы, припасу, пригаси, при паси, припас и	квен#1:senses[0].text:пища, еда, провизия, снедь; кушанье; припаси || квен-тӏех:senses[0].text:еда, пища, провизия, съестное, продовольствие снедь, продукты питания; припаси; хлеб-соль; пища и толокно
прилипается	2	приливается, прилагается, приласкается, припаивается, прилаживается	гъегъ:senses[0].examples[7].comment:т. е. богатство прилипается к богатству || рекӏине#3:senses[2].examples[2].ru:не тянет (к работе); рука не прилипается
прикутанный	2	припутанный, прикуренный, припрятанный, приказанный, прикушенный	хъутаналъул:senses[1].text:прикутанный || хъутаналъул:senses[1].examples[0].ru:прикутанный населённый пункт
прибильный	2	прибыльный, правильный, прядильный, профильный, прикольный	хайир:senses[0].examples[1].ru:полезный; прибильный, доходный, выгодный || хайир:senses[0].examples[7].ru:приносящий прибыль, прибильный, доходный, рентабельный
похлёпка	2	похлёбка, похлебка	карщ:senses[1].text:суп, похлёпка || хузе:senses[0].examples[2].ru:похлёпка
послелогов	2	послелогом, после логов, послелог, послесловие, последов	хадурегӏел:senses[0].examples[1].ru:правописание послелогов || хӏалтӏи:senses[3].examples[0].ru:упражнение по правописанию послелогов
порожная	2	пирожная, порожняя, порождая, породная, дорожная, порочная, порождённая, порожденная, опорожненная, опорожнённая	чӏобогояб:senses[0].examples[1].ru:порожная бочка || чӏухӏи:senses[2].examples[0].ru:спесь; порожная гордость
полчок	2	полок, толчок, волчок, молчок, ползок, половичок	гвангъа:senses[0].text:соня, полчок-соня || гвангъа:senses[0].examples[0].ru:полчок-соня проводит зиму в спячке
полугарнец	2	полу гарнец, полугарный	якъия:senses[0].text:полугарнец || якъия:senses[0].examples[0].ru:полугарнец масла
полтуши	2	потуши, потушил, пол туши	ракьхъен:senses[0].text:половина туши, полтуши (животного); половина тела || ракьхъен:senses[0].examples[2].ru:полтуши весил десять килограммов
полсаха	2	пол саха, полисахарид	сахӏ:senses[0].examples[4].ru:полсаха, полмерки || сахӏилбащдаб:senses[0].text:полсаха
половый	2	половой, половые, толовый, соловый, половым, подовый, половых, эоловый, полосковый, поролоновый, выполотый, помповый	жимагӏ:senses[0].examples[0].ru:совершать половый акт || тӏадекӏанцӏизе:senses[3].text:совершать половый акт
полмерки	2	померкли, пол мерки, полимер	къали#2:senses[1].examples[7].ru:мерку сеет, полмерки собирает || сахӏ:senses[0].examples[4].ru:полсаха, полмерки
полегать	2	пролегать, полегчать, полагать, полетать, побегать, полежать, поле гать, полег ать, полегаемость	бег-бегизе:senses[0].text:повалиться, свалиться; полегать || бегизе:senses[3].text:полегать
покрашивать	2	окрашивать, прокрашивать, подкрашивать, прокашивать, докрашивать, прикрашивать, открашивать, поспрашивать, приукрашивать	бахине#2:senses[1].text:(по)красить, покрашивать, выкрасить || хъахӏиллъизабизе:senses[0].text:(с)делать синим, голубым; покрашивать, покрасить в синий (в голубой) цвет
поколебимым	2	непоколебимым, непоколебимый, непоколебим, неколебимым	бусса-сверизабизе:senses[0].text:сделать поколебимым, уступчивым || бусса-сверизе:senses[0].text:отступать от чего-либо; сделаться поколебимым
поздный	2	поздний, поздней, подвозный	ригьгьечӏуда:senses[0].text:не ко времени, в позднее время, в поздный час || ригьгьечӏуда:senses[0].examples[0].ru:гость, явившийся в поздный час
позапозапрошлом	2	поза позапрошлом, позапрошлом, позапрошлогодним, позапрошлым, позапрошлый	кьорцониса:senses[0].text:позапозапрошлый год, в позапозапрошлом году || кьорцониса:senses[0].examples[0].ru:в позапозапрошлом году одна моя родственница своего сына женила на ней
подстегать	2	под стегать, подстерегать, подстегивать, подстегнуть, подстригать	чӏвазе:senses[9].examples[1].ru:вложить во что-либо; подшивать, подшить; подстегать, подстегнуть || чӏвазе:senses[9].examples[2].ru:подстегать подол платья
подписивать	2	подпиливать, подписывать, подпихивать, подписать, подпитывать, подпаивать, подпаливать	гъул:senses[0].examples[0].ru:подписивать || гъул:senses[0].examples[1].ru:подписивать
подлизивание	2	подлизывание, подливание, подлаживание, подавливание, подпиливание	лъехьей:senses[1].text:подлизивание; на кого это возложено? || лъехьей:senses[1].examples[0].ru:мне надоело твоё подлизивание
поддасться	2	поддастся, поддаться, поддаваться, подкрасться, подделаться, поддеваться	гьава#2:senses[1].examples[0].ru:поддасться страсти || хьулхьудизе:senses[0].text:соблазняться, соблазниться чем-либо; поддаваться, поддасться соблазну; сильно желать чего-либо
подданые	2	подданные, поддатые, поданные, подданный, подделанные, поддонные	рагӏият:senses[0].text:подданые || рагӏият:senses[0].examples[0].ru:подданые хана
повязаться	2	подвязаться, по вязаться, повязать, отвязаться, обвязаться, завязаться	тӏадчӏвазе:senses[0].text:повязываться, повязаться чем-либо; накидывать, накинуть что-либо || тӏадчӏвазе:senses[0].examples[0].ru:повязаться платком, накинуть платок
поварачиваться	2	поворачиваться, подворачиваться, проворачиваться, отворачиваться, переворачиваться	буссине:senses[3].text:поварачиваться, повернуться куда-либо || кьура-сверизе:senses[0].text:поварачиваться; вертеться, крутиться
перетерпевать	2	претерпевать, перетер певать, перетерпев ать, перетерпеть, перетанцевать, перегревать, перезревать	бихьизе:senses[5].text:сталкиваться, столкнуться с чем-либо; повидать что-либо; испытывать, испытать что-либо; переносить, перетерпевать, пережить что-либо || хӏехьезе:senses[0].text:(вы)терпеть, выносить, перетерпевать что-либо; подвергаться чему-либо; превозмочь что-либо
пересолённый	2	переслоённый, пересоленный, переселённый, перенаселённый, переслащённый, перекислённый, перетомлённый	цӏамгӏалаб:senses[0].text:солёный, пересолённый || цӏамгӏалаб:senses[0].examples[1].ru:пересолённый сыр
переплить	2	перепить, перелить, перепилить, переплыть, переплатить, переплавить, переполнить, перебелить	къотӏизе:senses[5].text:проходить, пройти; проезжать, проехать; переходить, перейти, перепливать, переплить что-либо; переправляться, переправиться, переваливать, перевалить через что-либо || къотӏизе:senses[5].examples[1].ru:переплить море
перекувыркнуться	2	перекувырнуться, пере кувыркнуться, перекувыркиваться, перекувырнутся, перекувырнуть, перекувырнувшийся	дегӏен:senses[0].examples[1].ru:перекувыркнуться; сделать сальто-мортане || чӏезе#1:senses[13].examples[10].ru:кувыркаться, кувыркнуться; перекувыркаться, перекувыркнуться, перевёртываться через голову
пекарём	2	пескарём, пекарем, пекарям, пекарным	пекарь:senses[0].examples[0].ru:работать пекарём || пекарьлъи:senses[0].examples[0].ru:работать пекарём
педучилища	2	пед училища, артучилища	педучилище:senses[0].examples[0].ru:студентка педучилища || педучилище:senses[0].examples[1].ru:директор педучилища
педуниверситет	2	пед университет, университет	педуниверситет:senses[0].text:педуниверситет || педуниверситет:senses[0].examples[0].ru:Дагестанский государственный педуниверситет
пачканье	2	пачканое, пачканые, пачкунье, пачканные	хъублъизаби:senses[1].text:загрязнение, пачканье || чороклъизаби:senses[1].text:загрязнение; пачканье
пахтать	2	пахать, пах тать, пахта	гӏаку:senses[0].examples[0].ru:пахтать || щар:senses[0].examples[3].ru:сбивать масло [из молока], пахтать
пастушество	2	пастушеский	вехьлъи:senses[0].text:занятие чабана, пастушество || гӏачивехьлъи:senses[0].text:занятие пастуха, пастушество
ошеломляться	2	ошеломлять, преломляться	кара:senses[0].examples[1].ru:ошеломляться, ошеломиться, ошарашиться || хӏайранлъизе:senses[0].text:изумляться, изумиться; удивляться, удивиться; поражаться, поразиться; ошеломляться, ошеломиться кем-чем-либо; недоумевать
ошеломиться	2	ошеломить, переломиться, отломиться, обломиться	кара:senses[0].examples[1].ru:ошеломляться, ошеломиться, ошарашиться || хӏайранлъизе:senses[0].text:изумляться, изумиться; удивляться, удивиться; поражаться, поразиться; ошеломляться, ошеломиться кем-чем-либо; недоумевать
очиток	2	очисток, очи ток, точилок	гуккугӏеч:senses[0].text:очиток || гъадигӏеч:senses[0].text:молодило; очиток
оцеп	2	цеп, оцепи, о цеп	рахас:senses[2].text:оцеп || рахас:senses[2].examples[0].ru:подвешивать котёл на оцеп
отяжелять	2	отяжелят, отяжелить, отяжелеть, утяжелять, отделять, тяжелеть	бакӏлъизабизе:senses[0].text:отяжелять, отяжелить; утяжелять, утяжелить; (с)делать тяжелым, увесистым; прибавлять груз || бакӏлъизабизе:senses[0].examples[0].ru:отяжелять груз
отрубьями	2	отрубями, отрубными	тӏахьтӏи:senses[0].examples[2].ru:скармливать отрубьями коровы || тӏахьтӏи:senses[0].examples[4].ru:пустая голова; голова, наполненная отрубьями
отн	2	тон, от, он, нот, ото, отв, осн, отл, отд	абаб:senses[0].comment:о близко расположенном предмете или животном с отделительным оттенком || абали:senses[0].comment:о предмете или животном || агъазгьечӏ:senses[0].text:беззаботный, беспечный человек
осокорь	2	осоковый	бигьаро:senses[0].examples[0].ru:осокорь, чёрный тополь || чӏегӏераб:senses[0].examples[11].ru:осокорь
оседаться	2	осекаться, осе даться, оседать, отъедаться, поедаться, объедаться	ракӏ:senses[1].examples[163].ru:оседаться на сердце, войти в душу; занимать место в сердце || хӏур:senses[0].examples[8].ru:оседаться — о пыли
организаторство	2	организаторский, колонизаторство, организатор, вульгаризаторство	гӏуцӏарухъанлъи:senses[0].text:организаторство || организаторлъи:senses[0].text:организаторство
омёт	2	помёт, обмёт, орёт, омыт, омут, умёт, жмёт	гӏарахъ:senses[0].text:омёт, стог, скирд, скирда || хачӏ:senses[0].text:четырёхугольная копна сжатого хлеба на поле; омёт
окотилась	2	окатилось, окатилась, охотилась, облокотилась, колотилась, оскотинилась, окончилась	къинлъизе:senses[3].examples[0].ru:коза окотилась || цӏцӏе:senses[0].examples[2].ru:коза окотилась
окопник	2	окопчик, окоп ник, покойник, кокошник	матӏатӏи:senses[0].text:окопник лекарственный || маълаъхер:senses[0].text:окопник
оказыается	2	оказывается, отказывается, сказывается, окатывается, заказывается	дуниял:senses[0].examples[17].ru:очень далеко, оказыается, находился этот родник || хадугъезе:senses[2].examples[0].ru:оказыается, он не понял
одных	2	оных, родных, водных, йодных, модных, годных, одних, очных, диодных, входных, анодных, сходных	цо:senses[3].examples[6].ru:единодушно; из одных уст || чӏарахъ:senses[0].examples[0].ru:при одных родовых схватках она родила двойняшек
обяснить	2	объяснить, пояснить	багьизабизе:senses[3].text:обяснять, обяснить; выяснять, выяснить; разъяснять, рязъяснить || бичӏчӏизабизе:senses[0].examples[3].ru:подробно обяснить, разъяснить
обшаривание	2	обваривание, обжаривание, обшаривавшие, обшаривающие, обшарившие, обсахаривание	баккари:senses[3].text:обшаривание || шешкӏей:senses[1].text:обшаривание; рыскание
обузить	2	бузить, обучить, о бузить, обуздать	чӏедер:senses[0].examples[0].ru:сделать узким или уже; суживать, сузить; обуживать, обузить || чӏедерлъизабизе:senses[0].text:суживать, сужить; обуживать, обузить
обуживать	2	обживать, обслуживать, обнаруживать, обхаживать, обсаживать	чӏедер:senses[0].examples[0].ru:сделать узким или уже; суживать, сузить; обуживать, обузить || чӏедерлъизабизе:senses[0].text:суживать, сужить; обуживать, обузить
обособлиться	2	обособиться, обособляться, соскоблиться, обосабливаться, обособлять, обозлиться	батӏа:senses[0].examples[13].ru:отделиться, обособлиться || батӏалъизе:senses[3].text:выделяться; отделиться, обособлиться
обобществляться	2	обобществлять, обожествляться, обобществляя, обобществляемый	гӏаммаб:senses[0].examples[6].ru:становиться, стать общим; обобществляться || гӏаммлъизе:senses[0].text:становиться, стать общим; обобществляться
обобществить	2	обобществлять, общественность, овеществить	гӏамм:senses[0].examples[0].ru:обобщать; обобществить || гӏаммаб:senses[0].examples[5].ru:(с)делать общим; обобществлять, обобществить
обжа	2	оба, обжат, обща, обжарка	пурцигӏер:senses[0].text:обжа, обжа || пурцигӏер:senses[0].text:обжа, обжа
обесславиться	2	обессмыслиться, бесславить, ославиться, обставиться	суризе:senses[0].text:(о)позориться, обесславиться || суризе:senses[0].examples[1].ru:обесславиться перед народом
обесславить	2	бесславить, о бесславить, восславить, бесславность, обезглавить, обессилить	суризабизе:senses[0].text:(о)позорить, обесславить кого-что-либо || суризабизе:senses[0].examples[1].ru:обесславить девушку
обессилеться	2	обессилеть, обессилить, обессмыслиться, отбеситься	къечхӏа-гедазе:senses[0].text:обессилеться от зноя || хӏал:senses[1].examples[8].ru:ослабеть; обессилеться
обезобразиться	2	обезобразить, изобразиться, преобразиться, отобразиться	бегӏукълъизе:senses[0].text:быть, стать уродом, уродливым, безобразным, некрасивым, несимпатичным, невзрачным, неблаговидным; обезобразиться; изорудоваться || сурукълъизе:senses[0].text:становиться, стать уродливым, некрасивым, неприглядным, отвратительным; обезобразиться
ньюхательный	2	нюхательный, дыхательный, чихательный, хватательный, летательный	сунтӏ:senses[0].text:ньюхательный табак || сунтӏ:senses[0].examples[0].ru:(по)ньюхать ньюхательный табак
нуцалов	2	анналов	нуцал:senses[0].examples[0].ru:вассал нуцалов || нуцаллъи:senses[0].text:принадлежность к роду нуцалов
нолевой	2	толевой, ролевой, волевой, солевой, полевой, молевой, долевой, нулевой, болевой, голевой, ножевой, но левой, ноле вой, линолевой, олеиновой	нолалъулаб:senses[0].text:нолевой || ноль:senses[0].examples[0].ru:равняя нолю, нолевой
ничуточки	2	ниточки, уточки, ночнички	махӏги:senses[0].text:нисколько, ничего, ничуть; ничуточки; не так || махӏги:senses[0].examples[2].ru:теперь от наставлений ничуточки пользы
нистолечки	2	нисколечко, столетники	расцин:senses[0].text:ничего, никакого, нистолечки || расцин:senses[0].examples[0].ru:нету же дома нистолечки муки
нечестие	2	нечестив, честнейшие, стечение, нести	пасалъи:senses[2].text:нечестие, распутство || пасалъи:senses[2].examples[0].ru:распространить нечестие
неукоризненный	2	не укоризненный, укоризненный, укорененный, безукоризнен, неукрощенный	камилаб:senses[0].text:не имеющий недостатков; совершенный; вполне зрелый; неукоризненный || камилаб:senses[1].text:неукоризненный
неприрученный	2	не прирученный, прирученный, прикрученный, препорученный, непринужденный	хамаб:senses[2].text:неприрученный || хамаб:senses[2].examples[0].ru:неприрученный медвежонок
неплодородно	2	неплодородное, неплодородной, неплодородном, неплодородною, не плодородно, неплодородный, плодородно, плодороднейший, неоднородно	рижаликъ:senses[0].text:малоурожайно; неплодородно || хъарцин:senses[0].text:неплодородно, скудно, бедно
немусульманское	2	не мусульманское, мусульманское, мусульманские, мусульманине, мусульмане	капурзаби:senses[1].examples[0].ru:кладбище иноверцев, немусульманское кладбище || капурлъи:senses[1].text:всё то, что немусульманское
неленивый	2	не ленивый, ленивый, веленевый, синелевый, никелевый	кӏвахӏ:senses[0].examples[6].ru:неленивый, расторопный, проворный, шустрый || кӏвахӏ:senses[0].examples[7].ru:неленивый человек
неимеющий	2	немеющий, не имеющий, имеющий, неимущий, темнеющий, именующий	икъбал:senses[0].examples[3].ru:неудачник; неимеющий везение, удачу, счастье || ихтияр:senses[0].examples[6].ru:неимеющий права; неполномоченный
нежёстким	2	не жёстким, жёстким	тамахлъизабизе:senses[0].text:смягчать, смягчить; размягчать, размягчить; (с)делать мягким, нежёстким || тамахлъизе:senses[0].text:смягчаться, смягчиться; размягчатья, размягчиться; становиться, стать мягким, нежёстким
неждано	2	нежданно, недодано	лъачӏого:senses[1].text:нечаянно, невзначай, ненароком, вслепую; неждано-негадано || лъачӏого:senses[1].examples[0].ru:неждано-негадано, приехал отец, который считался без вести пропавшим на войне
негордый	2	не гордый, негодный, гордый	чӏухӏа-къули:senses[0].examples[0].ru:негордый || чӏухӏи:senses[2].examples[1].ru:негордый
находяшегося	2	находящегося, находившегося, нахохлившегося, нахохотавшегося	гьадаба:senses[0].comment:в отношении всего, находяшегося на одной горизонтали с говорящим, а также может иметь значение заглазности || гьадав:senses[0].comment:о мужчине, находяшегося на одной горизонтали с говорящим, а также может иметь значение заглазности
нат	2	на, ат, анат, нате, натр, нарт, наст, нит, нот, нет, тат, нар, нас, лат, пат	натӏ:senses[0].text:нат, полметра || натӏ:senses[0].examples[1].ru:для себя не бери мерку нат, когда для других берёшь только пядь
нараспашонку	2	на распашонку, распашонку, нараспашку, распашоночку, распашонка	ачихъаб:senses[0].examples[0].ru:человек с открытой душой, душа нараспашонку || ракӏжубараб:senses[1].text:общительный; доверчивый; душа нараспашонку; весёлый
напираться	2	напитаться, натираться, напиваться, надираться, запираться, набираться, нажираться, напирать, распираться, настираться, напичкаться	тушман:senses[0].examples[10].ru:напираться на врага || тӏадеразе:senses[0].text:ополчаться, ополчиться на кого-либо; выступать, выступить против кого-либо; напираться вместе на кого-либо
намолоть	2	намолоти, наколоть, на молоть, намотать, намозолить, молоть	гьобо:senses[0].examples[10].ru:намолоть на мельнице мешок зерна || гьохъ:senses[0].examples[1].ru:намолоть ячмень
намазлык	2	намазанный	какикьжо:senses[0].text:коврик (постилаемый при совершении намаза), намазлык || какикьжо:senses[0].examples[0].ru:постлать намазлык
наибство	2	таинство	наиблъи:senses[0].text:должность наиба, наибство || наиблъи:senses[1].text:наибство
надсмехаться	2	насмехаться, усмехаться, насмеяться	квегӏса:senses[0].examples[1].ru:обмануть; надсмехаться || тӏад:senses[0].examples[20].ru:надсмехаться над кем-либо, поднимать на смех, прохаживаться на чей-либо счёт; дразнить кого-либо
навьючиваемая	2	навьючивавшая, навьючивающая, навинчиваемая, перевьючиваемая	хӏама:senses[6].text:мера сена (или чего-либо) навьючиваемая на одного осла || хӏамитӏалъел:senses[0].text:мера ослиной ноши, вязанка, навьючиваемая на одного осла
навису	2	навис, навесу, навис у	бал:senses[1].examples[2].ru:быть навису; висеть на острие ножа || гьетӏ:senses[0].text:деталь с крывым концом, надеваемая на остриё веретена при кручении ниток навису
набрасиваться	2	набрасываться, настраиваться, настораживаться, натравливаться, насиживаться	гъанчдезе:senses[2].text:грубить; сквернословить; ругаться, браниться; накричать, набрасиваться с руганью; зубоскалить || тӏадекӏанцӏизе:senses[0].text:набрасиваться, набросаться; накидываться, накинуться; налетать, налететь
мятлик	2	мят лик, мятежник	нихьвахер:senses[0].text:мятлик || сусур:senses[0].text:овсюг; мятлик; костерь
мюридов	2	мюридизм	устар:senses[1].comment:мюридов суфийского толка || щапизе:senses[1].examples[0].ru:на Ахульго погибло много храбрых мюридов
мюрид	2	мюридизм	кӏкӏуржине:senses[0].examples[4].ru:мюрид прополз через отверстие в стене крепости, которое образовалось от снаряда гаубицы || мурид:senses[0].text:мюрид; воин
мылостыню	2	милостыню, милостыня	бахъизе:senses[27].examples[0].ru:отделить мылостыню || гьаризе#1:senses[1].text:просить мылостыню, подаяние
мылостиню	2	милостыню	къакъуцӏ:senses[1].comment:раздают в пятницу как мылостиню || къо:senses[4].examples[3].ru:да воздастся тебе [Аллахом] за перенёсшие трудности [в пути], и те лепёшки, чем ты питался, посчитает за мылостиню от себя же
мучаться	2	умчаться, мучатся, мчаться, мучиться, ручаться, мужаться, стучаться, случаться, улучаться, отучаться	кӏвекӏизе:senses[2].text:(из)мучать кого-либо кем-чем-либо; (из)мучаться от чего-либо || кӏвекӏизе:senses[2].examples[0].ru:(из)мучаться от болезни
мухъ	2	мух, мухи, муха, мухе, муху	параллель:senses[0].text:параллель (1. киса-кибего бащадаб манзилалъ бугеб мухъ || параллель:senses[1].text:дуниялалъул шаралда экваторалда бащадаб манзилалъул мухъ
муршида	2	мурашееда	нахъбилълъинабизе:senses[2].comment:например имама, шейха, муршида суфийского толка и тому подобное || нахъбилълъине:senses[2].comment:например имама, шейха, муршида суфийского толка и тому подобное
мун	2	мну, мн, мин, мур, мул, млн, лун, мук, муз, бун, муж, мух	дуде:senses[0].text:от мун || дур:senses[0].text:от мун у тебя
мулльство	2	консульство	дибирлъи:senses[0].text:пост, служба дибира; обязанности дибира; мулльство || маллалъи:senses[0].text:занятие муллы; мулльство
моц	2	мои, моа, мое, мот, мор, соц, мой, мол, мок, моя, мод, доц, мог, мою, мох	кӏудияб:senses[3].examples[3].comment:'моцӏ' луна || хан:senses[0].examples[14].comment:'зодиб моцӏ' луна в небе
многожды	2	многажды, многоножка	гӏемерцӏул:senses[0].text:часто, многожды || чанго:senses[0].examples[0].ru:несколько раз, многожды
мишиный	2	мышиный, мушиный, мишенный, минный, шинный	гӏункӏкӏ:senses[0].examples[5].ru:маленький, малюсенький; с мишиный глаз || гӏункӏкӏ:senses[0].examples[6].ru:тоненький, тонкий; с мишиный хвост
мехди	2	мехи, меди	магьди:senses[0].text:мехди, мессия || магьди:senses[0].comment:по мусульманским верованиям, ближе к концу света на земле появится антихрист — тажжал, а против него выступит мессия — мехди, который укажет правоверным мусульманам праведный путь
междуусобица	2	междоусобица, междоусобиц, междоусобие	кьал:senses[0].text:война; междуусобица || кьал:senses[0].examples[1].ru:разразилась междуусобица
малофуражный	2	мало фуражный, малотиражный, малолитражный, малометражный, маловажный	рогӏокъаб:senses[0].text:малофуражный || рогӏокъаб:senses[0].examples[0].ru:малофуражный год
малоурожайность	2	мало урожайность, малоурожайный, урожайность	пихъикълъи:senses[0].text:малоурожайность — о фруктах || рижаликълъи:senses[1].text:малоурожайность; неплодородность
малокушающий	2	мало кушающий, малодушничающий	кваникъаб:senses[0].text:безаппетитный, малокушающий || кваникъаб:senses[0].examples[0].ru:малокушающий ребёнок
мазд	2	мзда, мази, разд, мазь	цӏикӏкӏинаби:senses[0].text:мазд. понудительная форма || цӏорозаби:senses[0].text:мазд. понудительная форма
мазгьаб	2	мазать	секта:senses[0].comment:цо кинаб бугониги динияб мазгьаб || сектант:senses[0].comment:динияб мазгьаб ккурав чи
мазар	2	разам, мазер, мазан, мазал, базар, хазар, Назар, казарма, маразм, зараза, зараз	къуба:senses[1].text:мазар на могиле в форме купола || шайих:senses[1].examples[0].ru:могила святого, мазар
люды	2	Люды, люд, людны, слюды, люди, люда, лады, люде, люты, льды, люду, луды, любы	магӏарухъ:senses[0].examples[2].ru:люды с гор, горцы || хӏалихьатаб:senses[0].examples[4].ru:подлые люды, подлецы, негодяи
лысий	2	лисий, лысой, лысей, лысин, рысий, лысый	нодокаб:senses[1].text:лысий, с лысиной на лбу || расукъаб:senses[0].text:безволосый, лысий
лопнуться	2	хлопнуться, ополоснуться, лопнуть, слипнуться, хлопнутся	кьвагьизе:senses[3].text:лопнуть, лопнуться || кьватӏизе:senses[0].text:лопнуть, треснуть; лопнуться, треснуться; дать трещину
ложить	2	ожить, вложить, сложить, уложить, ловить, ложись, пожить, ломить, дожить, лощить	лъезе:senses[0].text:складывть, класть, (по)ложить, уложить, (по)ставить что-либо куда-либо; деть: || чӏвазе:senses[9].text:(по)ложить, вложить, переложить что-либо во что-либо
литературияб	2	литература, олитературить	папирус:senses[2].text:некӏсияб литературияб памятник || символизм:senses[0].comment:литературияб чвахи
линотипистка	2	линотиписта, линотипист ка, линотипист, капиталистка	линотипистка:senses[0].text:линотипистка || линотипистка:senses[0].examples[0].ru:опытная линотипистка
ликпункт	2	лик пункт, пунктик	ликпункт:senses[0].text:ликпункт (ликвидационный пункт), пункт по ликвидаци неграмотности || ликпункт:senses[0].examples[1].ru:в ликпункт ходили и пожилые люди
ленца	2	лена, ненца, лента, венца, йенца, ленка, ленча, леденца, ленинца, коленца	кӏвахӏ:senses[0].text:лень, леность, ленца || кӏвахӏаллъи:senses[1].text:лень, ленность, ленца; нерадивость; вялость
лареподобный	2	ларе подобный, курареподобный, преподобный, подоблачный	цагъургамачӏ:senses[0].text:огромный четырёхугольный камень, лареподобный валун || цагъургамачӏ:senses[0].examples[0].ru:заяц спрыгнул на лареподобный валун
лакцы	2	ларцы, лакрицы	лакал:senses[0].text:лакцы || тумал:senses[0].text:лакцы
лакец	2	лаке, лакеи, лакее, ларец, лакей, лакея, лакею	лакав:senses[0].text:лакец || тумав:senses[0].text:лакец
лайла	2	лайка, кайла, лаяла, лайба, хайла, файла, лай	бачине:senses[8].examples[5].ru:повторять формулу “лайла” || лайла:senses[0].text:лайла
къоно	2	кимоно	панно:senses[1].text:накъиш-сурат тӏад гьабураб ва сверун рамка бугеб къоно || планшет:senses[0].text:планшет (1. тӏад карта щула гьабулеб хъарщи, къоно
кусковый	2	кусковой, кусковые, курковый, кусковым, кубковый, кусковых, брусковый, колосковый, сосковый, фукусовый	гӏерекъчакар:senses[0].text:сахар кусковый || чакар:senses[0].examples[0].ru:сахар кусковый
курзе	2	курве, курсе, курке, курье, мурзе, курде, кукурузе	цӏурахинкӏ:senses[0].text:курзе (кушанье вроде пельменей с начинкой из мясного фарша, из яиц и тому подобное) || цӏурахинкӏ:senses[0].examples[0].ru:сварить курзе
крылишко	2	крылышко, крылечко	кваркьи:senses[0].text:крыло, крылишко || кваркьи:senses[0].examples[4].ru:взять кого-либо под крылишко
кровохаркания	2	кровохарканья, кровохарканье, кровопускания	би#1:senses[0].examples[15].ru:избить до кровохаркания || би#1:senses[0].examples[17].ru:избили до кровохаркания
кресало	2	кресло, воскресало	цӏагӏел:senses[0].text:огниво, кресало || цӏагӏел-мачӏу:senses[0].text:принадлежности для кресала; кресало и кремень
кремнёвки	2	кремнёвый	буртӏин:senses[1].comment:которое носили на большом пальце для взвода курка и для заряжения кремнёвки || гӏинтӏахер:senses[0].examples[0].ru:затравка кремнёвки
краткошеий	2	короткошеий	горбокъаб:senses[0].text:краткошеий || горбокъаб:senses[0].examples[0].ru:краткошеий человек
кострика	2	кострища, костёрчика, костерчика, оркестрика, костра	хокӏи:senses[0].text:костра, кострика, очёс || хокӏи:senses[0].examples[0].ru:кострика конопли
комнете	2	мокнете, комете, комнате, корнете, вомнете, сомнете, копнете, помнете, кокнете, ко мнете, обомнете, комитете, комитет	гӏатӏилъизе:senses[0].examples[1].ru:в комнете стало просторно || чӏинхъи-минхъи:senses[0].examples[0].ru:и в комнете не было слышно ни шороха
колошение	2	копошение, колочение, колошнике, кошение, кошениль, ошеломление	тӏор:senses[0].examples[6].ru:колошение || тӏорахин:senses[1].text:колошение
кизиль	2	кизил, кизила, кизиле, кизилы, кизилу, киль	багӏарикӏкӏбагӏаррикӏкӏ:senses[0].text:кизильник, кизил, кизиль || жулам:senses[0].text:кизил, кизиль
квана	2	кана, кована, кванта, канва, канав, квант, крана, кваса, свана, клана, звана, Ивана, ква на, ванна	пансион:senses[0].text:пансион (1. квана-гьекъейги бугеб гьоркьохъеб цӏалул идара 2. общежитие || пансион:senses[1].text:жанир ругел чагӏазе квана-гьекъолеб жо букӏин
карноухий	2	корноухий, карнозин	гӏин:senses[0].examples[32].ru:карноухий волк || гӏин:senses[0].examples[33].ru:Скажите, матери моей, чтоб не плакала она; Не напрасно погиб карноухий волк!
камнеподобный	2	камне подобный, корнеподобный, кожеподобный, подкаменный	гамачӏмахӏав:senses[0].text:неразговорчивый; камнеподобный || гӏуццмахӏаб:senses[0].text:камнеподобный
кагътил	2	катил	пергамент:senses[0].text:пергамент (1. кагътил бакӏалда хӏалтӏизабулеб букӏараб, тӏад хъвадаризе къачӏараб къехь || пергамент:senses[1].text:хасаб кагътил сорт
ихрам	2	храм, вихрам, икрам, играм, и храм, их рам, вихра	ихӏрам:senses[0].text:ихрам || ихӏрам:senses[0].examples[0].ru:облачиться в ихрам
иступления	2	исступления, вступления, искупления, наступления, поступления, отступления, преступления	кӏанцӏизе:senses[1].examples[5].ru:довести до иступления || пицӏцӏ:senses[0].examples[7].ru:издеваться, довести до иступления
испитывать	2	исписывать, испытывать, воспитывать, впитывать, списывать, напитывать	рихине:senses[0].text:ненавидеть, презирать кого-чего-либо; чувствовать, испитывать, питать отвращение, антипатию к кому-чему-либо || цӏунцӏрахине:senses[0].text:испитывать ощущение, как-будто мурашки бегают
ине	2	иен, не, иное, ионе, инее, иене, тине, вине, сине, иней, лине, инке, иные, инея, мине	а:senses[0].text:от ине иди (отсюда); уходи; ступай || ана:senses[0].text:от ине
имеретинский	2	еретический	имеретазул:senses[1].text:имеретинский || имеретиялъулаб:senses[0].text:имеретинский
имамат	2	имама, имамам, имамах, имам ат, имам	имамат:senses[0].text:имамат || имамат:senses[0].examples[0].ru:имамат Шамиля
изьян	2	изъян	мукъсанлъи:senses[2].text:недостаток, изьян, дефект; несовершенство, дефектность, недостаточность || мукъсанлъи:senses[2].examples[0].ru:изьян в работе
изреживаться	2	переживаться, издерживаться, прореживаться, обезвреживаться	лъеде-гъедерлъизе:senses[0].text:(по)редеть; становиться, стать редьким (по количеству); изреживаться || лъедерлъизе:senses[0].text:(по)редеть; становиться, стать редким, изреживаться
израилитяне	2	израильтяне, израильтянине, израильтянке, израильтянин	бануисраилал:senses[0].text:израилитяне, сыны израиловы; евреи || жугьутӏ:senses[0].examples[2].ru:еврейский народ, израилитяне
изорудовать	2	изуродовать, из орудовать, оборудовать, орудовать, измордовать, авторизовать	гьумер:senses[0].examples[7].ru:изорудовать лицо [ударом] || къалал:senses[0].examples[1].ru:изорудовать нос, измозжить нос
измориться	2	измериться, из мориться, мориться, измочалиться, изощриться, измотаться	загьла:senses[0].examples[0].ru:измориться; изнемогаться; замаяться; замотаться || загьла:senses[0].examples[1].ru:измориться от усталости
изабулеб	2	изабелла	папирус:senses[1].text:некӏсиял халкъаз гьеб харил хъвадаризе хӏалтӏизабулеб букӏараб материал || пергамент:senses[0].text:пергамент (1. кагътил бакӏалда хӏалтӏизабулеб букӏараб, тӏад хъвадаризе къачӏараб къехь || планетарий:senses[0].text:планетарий (1. планетазул хьвади бихьизабулеб прибор
зурнача	2	зурна	къадахъан:senses[0].examples[3].comment:эти специалисты в горах имели частые заказы, ибо без зурнача не состоялась ни одна свадьба, а строительство домов всегда не прекращалась || сверухълъи:senses[1].examples[0].ru:в округе не найдёшь зурнача, лучше, чем Загид
зурнач	2	зурна, зурнист	зурмихъан:senses[0].text:зурнист, зурнач. || къадахъан:senses[0].examples[3].ru:зурнач и каменщик не останутся голодными
зооинженером	2	радиоинженером, биоинженерном, инженерном	зооинженер:senses[0].examples[0].ru:работать зооинженером || зооинженерлъи:senses[0].examples[0].ru:работать зооинженером
зооинженера	2	радиоинженера, радиоинженер, инженера	зооинженер:senses[0].examples[1].ru:учиться на зооинженера || зооинженерлъи:senses[0].text:работа, должность, профессия зооинженера
звеноводом	2	звероводом, звеновом, семеноводом, земноводном, водовозном	звеновод:senses[0].examples[1].ru:она многие годы работала звеноводом || звеноводлъи:senses[0].examples[0].ru:работать звеноводом в колхозе
звеновод	2	звеновое, зверовод, звеновой, звеновом, звеновою, звено вод, семеновод	звеновод:senses[0].text:звеновод || звеновод:senses[0].examples[0].ru:звеновод колхоза
заточиться	2	заточаться, затопиться, за точиться, заточить, затовариться, заторопиться, расточиться	бигъине#2:senses[2].examples[0].ru:рану запустили, ране дали заточиться || рекӏине#2:senses[0].text:отточиться, заточиться, стать острым
засватать	2	заставать, за сватать, засвистать, засвечивать, затаскивать, засасывать	гьаризе#1:senses[2].examples[0].ru:засватать девушку || чӏвазе:senses[20].examples[53].ru:сделать укол, уколоть; засватать
заплесневать	2	заплесневеть, заплесневелость, заплевать, заледеневать, запечатлевать	ккал:senses[0].examples[0].ru:покрыться плесенью, заплесневать || ккалазабизе:senses[0].text:понудительная форма дать заплесневать
заненаститься	2	занавеситься, засуетиться, засветиться	роччаризе:senses[0].text:(ис)портиться, ухудшаться — о погоде; становиться ненастной, заненаститься || роччине:senses[0].text:(ис)портиться, ухудшаться, ухудшиться — о погоде; становиться ненастной, заненаститься
замужная	2	замужняя, замужний	ригьин:senses[0].examples[4].ru:замужная || росасул:senses[1].examples[1].ru:мужняя жена, замужная женщина
закваситься	2	за кваситься, заквасить, заквашиваться, раскваситься, кваситься	рахь:senses[0].examples[11].ru:прокиснуть, стать кислым, закваситься — о молоке || цӏекӏлъизе:senses[0].text:становиться, стать кислым; (с)киснуть, прокиснуть; закваситься
заилиться	2	залиться, заиливаться, засалиться, зачислиться, заселиться	щалай:senses[0].examples[0].ru:заилиться || щалай:senses[0].examples[1].ru:заилиться
загустить	2	загрустить, загустеть, запустить, загуститель, сгустить, загубить, застить	бакъва:senses[0].examples[0].ru:сгущать, сгустить, загустить; (с)делать густым или гуще || бакъвалъизабизе:senses[0].text:сгущать, сгустить, загустить что-либо; сделать густым или гуще
заблеснула	2	за блеснула, взблеснула, блеснула, заблестела	цинтӏаго:senses[0].examples[0].ru:вдруг молния заблеснула || цойидасан:senses[0].examples[1].ru:вдруг молния заблеснула, и начался дождь
жёлтоватый	2	желтоватый, толстоватый	гӏобилкьераб:senses[0].text:жёлтоватый || тӏогьилккараб:senses[0].examples[0].ru:жёлтоватая кожа; жёлтоватый фон
женоподобность	2	правдоподобность, женоподобный, дееспособность, ненадобность	кӏурукӏлъи:senses[0].text:трусость, женоподобность || кӏусурлъи:senses[0].text:женоподобность
женоподобно	2	женоподобное, женоподобной, женоподобном, женоподобною, женоподобный, богоподобно, бесподобно, подожжено	кӏус-кӏусиялда:senses[1].text:женоподобно || кӏус-кӏусиялда:senses[1].examples[0].ru:он ведёт себя женоподобно
дьяволский	2	дьявольский, дьяконский	шайтӏанаб:senses[0].text:чертовский, дьяволский || шайтӏаналъул:senses[1].text:чертовский, бесовский, дьяволский
дычь	2	дичь, дочь, дынь, тычь	рукӏниб:senses[0].examples[0].ru:рыча в логове, лев не убъёт дычь, находящуюся на горе || чан#2:senses[0].examples[0].ru:возьмёшься — дело завершится, деру даст — дычь спасётся
дун	2	дну, дн, дунь, дуну, дин, дан, дон, дур, дуй, дул, лун, дуя, дум, душ, дуб	диде:senses[0].comment:направительный падеж от 'дун', в основном переводится падежными формами 'мне', 'на меня', 'до меня' || моцӏ:senses[2].examples[9].ru:дун я родился в марте месяце
древные	2	вредные, дверные, древние, древнее, дневные, чревные, древесные, внедренные	къавм:senses[0].examples[2].ru:древные народы || некӏсияб:senses[1].examples[3].ru:древные обычаи
домотканная	2	домотканая, откоканная, самотканая, сотканная, вотканная	гӏарщ:senses[0].text:ременная верёвка, домотканная из шерсти длинная лента || къвал:senses[0].examples[0].ru:домотканная длинная лента для ношениия кувшина
доильник	2	дольник, поильник, дошкольник	гӏака:senses[0].examples[7].ru:доильник, подойник || гӏакабечӏчӏ:senses[0].text:доильник, подойник
догадывание	2	отгадывание, выгадывание, загадывание, угадывание	тӏадеккей:senses[2].text:догадывание || хадугӏунтӏи:senses[1].text:догадывание
длиношеий	2	длинношеий, длинноногий	габур:senses[0].examples[9].ru:с длинной шеей, длиношеий || габурхалат:senses[0].text:длиношеий человек
дитьё	2	литьё, питьё, дутьё, шитьё, битьё, житьё, дивить	дару-дарман:senses[0].examples[0].ru:дитьё моё единственное, бальзам для души моей! || дур:senses[1].examples[2].ru:твоё дитьё
динияб	2	династия	секта:senses[0].comment:цо кинаб бугониги динияб мазгьаб || сектант:senses[0].comment:динияб мазгьаб ккурав чи
джейран	2	раджей	жайран:senses[0].text:джейран, газель, антилопа || жайран:senses[0].examples[0].ru:На утёсе том высоком Стоит золотистый джейран
дернина	2	дерни на, дерновина, дочернина, дерна, адермина	гӏери#1:senses[0].text:дёрн, дернина || гӏуру:senses[0].text:дёрн, дернина
держидерево	2	держи дерево, поддерево	гъарачихъан:senses[0].text:держидерево || гьетӏзаз:senses[0].text:держидерево
действиия	2	действии, действия, действии я, действие	базе:senses[30].text:с деепричастие др. глагола выступает в роли вспомогательный глагол глагола с общим значением завершённости действиия в разн. || балагьизабизе:senses[3].text:с деепричастие др. глагола выступает в роли вспомогательный глагол глагола с общим значением завершённости действиия в разных значениях
девятсот	2	девятисот, девятьсот	ичӏнусазаралда:senses[0].text:девятсот тысяч || ичӏнусазарго:senses[0].text:девятсот тысяч
даргинцы	2	даргинский	дарги:senses[0].examples[1].ru:даргинский народ, даргинцы || даргиял:senses[0].text:даргинцы
даргинцев	2	виргинцев, аргентинцев	даргиялъ:senses[0].text:у даргинцев || даргиялъ:senses[0].examples[0].ru:у даргинцев Мухтар провёл три года
дальная	2	дуальная, дольная, дельная, сальная, дальняя, дульная, шальная, зальная, бальная, гадальная, падальная, модальная, медальная	анкьчияр:senses[0].examples[0].ru:чужбина, чужая дальная сторона || халатаб:senses[0].examples[1].ru:дальная (длинная) дорога
даде	2	деда, аде, деде, дате, даре, саде, ладе, дяде, даме, дуде, заде, гаде, даче, чаде, даже	дад:senses[0].examples[1].ru:о даде должен думать тот, кто держит его за ручки || дад:senses[0].examples[3].ru:в даде нет воды
дада	2	ада, деда, дана, дата, дара, рада, сада, дала, лада, дама, дуда, зада, гада, дача, чада	дад:senses[0].examples[0].ru:он держит руки как дужки дада || дадитӏалъел:senses[0].text:крышка дада
дад	2	да, ад, дао, дед, дан, над, дат, дар, рад, дав, сад, дай, дал, лад, дам	дад:senses[0].text:дад || дад:senses[0].examples[4].ru:наливай молоко в дад
давных	2	давних, дивных, данных, равных, давным, дачных, давленых	анкьумумул:senses[0].examples[0].ru:в старину, в давные времена; во времена давных предков || некӏогоялдаса:senses[0].text:издавна, с давных пор, исстари, испокон веков, с незапамятных времён, издревле
гьарулеб	2	барнаулец	авиазавод:senses[0].comment:самолётал ва вертолётал гьарулеб завод || ортопедиялъул:senses[1].examples[0].comment:масала, хӏатӏазе сакъат бугезе хьитал гьарулеб
гьаби	2	грабить	топография:senses[1].text:планалде ва картаялде босизелъул ракьул тӏасияб рахъ борциналъул гӏелму 2. бакӏалъул бугеб хӏалалъул план ва карта гьаби || филателия:senses[0].comment:маркабазул коллекция гьаби
гуляние	2	гуляний, гулянке, гулянье, гулящие	сверданхъи:senses[1].text:гуляние, хождение || терей:senses[1].text:гуляние
громыханье	2	громыхание, громыхать	гӏинкълъизабизе:senses[0].examples[0].ru:громыханье артиллерийского залпа оглушил солдата || дваргъи-гӏанхъи:senses[0].text:шум, грохот; грохотанье, громыханье
грабёжом	2	грабежом, грабёж ом, грабёж, грабом	хъамалчилъи:senses[0].examples[0].ru:заниматься грабёжом, мародёрством || хъачагълъи:senses[0].examples[0].ru:разбойничать, грабить; заниматься разбоем, грабёжом
гоцатлинский	2	арлингтонский	гӏеретӏ:senses[0].examples[0].ru:гоцатлинский кувшин || накъиш:senses[0].examples[1].ru:гоцатлинский орнамент
господи	2	Господи, господ, господин, господни, господа, господе, господь, господу, госпожи, гос поди, господ и, погоди	бакӏлъи:senses[1].examples[0].ru:не приведи, господи, терпеть бремя одиночества || балагь:senses[0].examples[21].ru:о, господи, спаси от тайной (неожиданной) беды!
гневиться	2	гневаться, прогневиться, гневить, гнездиться, ягниться	ццидахине:senses[0].text:(раз)гневаться, гневиться, (рас)сердиться; быть недовольным, раздражённым кем-чем-либо; дуться || ццин:senses[1].examples[5].ru:(про)гневиться, разгневаться; (рас)сердиться, (разо)злиться; возмущаться, возмутиться; раздражаться, раздражиться; негодовать, досадовать; выходить из себя
ганус	2	гнус, анус, гнуса, гасну, гарус, гауссиан	гӏандус:senses[0].text:ганус, девясил обыкновенный || кьеккентӏам:senses[0].text:ганус
галега	2	галета, галера, нелегал, галер, галет, легата	гьолох:senses[1].examples[0].ru:галега лекарственная, козлятник || хъахӏилаб:senses[0].examples[7].ru:галега лекарственная
галдибере	2	приберегла	гъалдибер:senses[0].examples[4].ru:чванливый, спесивый, заносчивый человек; человек, у которого на галдибере палочки длинны || гъалдибер:senses[0].examples[5].ru:да привезут тебя на галдибере
вышивальшица	2	вышивальщица, вышивальщиц, вышивальный	угьаризе:senses[0].examples[1].ru:моя сестра искусная вышивальшица || угьарухъан:senses[0].text:вышивальшица, мастерица вышивать
вытопки	2	вытопи, выкопки, вытопчи, выточки, вы топки, топки	къвагъ:senses[0].text:выжарки, вытопки, шкварки || тӏатӏи:senses[0].examples[4].ru:вытопки
высячем	2	висячем, высечем, высечется	хьвагӏолеб:senses[1].examples[0].comment:о высячем мосте || хьвартӏезе:senses[0].examples[0].comment:о высячем мосте
высокорных	2	высокогорных, высокородных, высокомерных, высокопарных	тӏадмагӏарулав:senses[0].comment:живущий в высокорных районах Дагестана || тӏадмагӏарулай:senses[0].comment:живущая в высокорных районах Дагестана
выпрамляться	2	выправляться, выпрямляться, выплавляться, выпрастываться, распрямляться, выправиться	къула-ворхизе:senses[0].text:придерживаться хороших манер; поклоняться и выпрамляться || къула-ворхизе:senses[0].examples[0].ru:не приученный хорошим манерам; не умеющий ни поклоняться ни выпрамляться
выпишь	2	выпиши, вопишь, выпить, выпишу, вып ишь, выпилишь, выпушишь, выпялишь, выпалишь	буза:senses[0].examples[0].ru:кумыкская буза такой напиток, сколько бы её не выпишь — не опянеешь || дуниялалъул:senses[1].examples[1].ru:земное богатство похоже на воду солёную, сколько бы ни выпишь, жажду не утолишь
вымесить	2	выместить, вымерить, вывесить, вы месить, месить	кӏкӏвазе#1:senses[0].text:хорошо месить, мять, разминать что-либо; вымешивать, вымесить || кӏкӏвазе#1:senses[0].examples[0].ru:вымесить тесто
выклюнет	2	выклюет, выплюнет, вы клюнет, выклюнется, выкликнет	гъеду:senses[0].examples[2].ru:ворона вороне глаз не выклюнет || чудук:senses[0].examples[0].ru:да выклюнет орёл-стеревятник глаза твои
выкапивать	2	выкапывать, выкашивать, выкачивать, выкашливать, выканючивать, выкармливать, выкраивать	бахъизе:senses[7].text:выдёргивать, выдернуть; вырывать, вырвать; выкапивать, выкопать || къерен:senses[0].examples[2].ru:выкапивать свинорой пальчатый
выжарки	2	выварки, выпарки, вы жарки, жарки	къалияр:senses[0].text:выжарки || къвагъ:senses[0].text:выжарки, вытопки, шкварки
вспылчивым	2	вспыльчивым, вспыльчив	манзилкъокълъизе:senses[0].text:быть вспылчивым, раздражительным || хехдаризе:senses[0].text:горячиться; становиться, стать вспылчивым
всемеро	2	семеро, всемерно, всемером, в семеро, всемерный	анкьго:senses[0].examples[6].ru:всемеро увеличилось || анкьго:senses[0].examples[7].ru:всемеро
восклиц	2	воск лиц, восклицать	вай#1:senses[0].text:восклиц. междометие, выражающее вообще радость, удивление, восхищение, удовольствие, а иногда недоумение, усталость, страдание, сожаление или презрение, а также печаль, испуг); ах, ой, ох, ба || воре-гьа:senses[0].comment:восклиц.; выражающее предупреждение, также; вдохновляющее певца
вороный	2	вороны, воротный, вороний, вороной, вороные, вороным, вороных, вор оный, вороненый, воронёный, вороненный, воронённый	гъадибер:senses[0].text:вороный глаз || гъадил:senses[1].text:вороный
воркованье	2	воркование, воркотунье, коверканье, ворчанье	гъургъур:senses[0].text:воркование, воркованье || гъургъур:senses[0].examples[0].ru:воркованье голубей развлекало меня
волосяный	2	волосный, волосяной, волосяные, волосяным, волосяных, оловянный	михъ-мегеж:senses[0].text:растительность на лице, волосяный покров лица; усы и борода || расжубай:senses[0].text:граница, где сливается волосяный покров с кожей лба
возвеличать	2	возвеличат, возвеличить, воз величать, возвеличивать, величавость, величать	бахинабизе#1:senses[6].examples[1].ru:возвеличать; поднимать до небес || тӏадегӏанлъизабизе:senses[0].text:возвышать, возвысить, возвеличать, возвеличить кого-что-либо
взырая	2	взирая, взывая	гьумер:senses[5].examples[16].ru:взырая на лица || гьумер:senses[5].examples[17].ru:не взырая на лица
вертихвост	2	верти хвост, вертихвостка, хвостист	гьагула:senses[0].text:несерёзный человек; тот, кто делает глупости; глупец, олух; вертихвост и вертихвостка || гьобо:senses[0].examples[1].comment:вертихвост
вбродь	2	вброд, вбрось	бахине#1:senses[3].text:переправляться, переправиться через что-либо; переходить, перейти, переезжать, переехать что-л, через что-либо; переходить, перейти вбродь || бахине#1:senses[3].examples[2].ru:перейти вбродь речку
вальта	2	альта, вольта, валета, вальса, валька, валюта, Мальта, в альта, вальтера	вас:senses[3].examples[1].ru:бить вальта тузом || чӏвазе:senses[19].examples[0].ru:вальта можно накрыть дамой
валко	2	валок, волка, валкое, валков, валкой, валком, валкою, валки, валка, валке, валку, жалко, вал ко, коновал	къирун-къварун:senses[0].text:шибко-валко; так-сяк || къирун-къварун:senses[0].examples[0].ru:шибко-валко прошёл и сегодняшний день
ваби	2	вабик, вари, вали, вами, ваши, ваги, битва	бакъдабжо:senses[0].examples[0].comment:'цӏваби' звёзды || чӏер:senses[0].examples[5].comment:'зодор цӏваби' звёзды на небе
буйволиха	2	буйволица, буйвола	гамущ:senses[0].text:буйвол и буйволиха || ганщигӏака:senses[0].text:буйволиха
будьто	2	будто, будьте, будь то, будь	дуниял:senses[3].examples[10].ru:он не в духе; он в таком состоянии, как будьто весь мир свалился на него || ракӏ:senses[1].examples[82].ru:почувствовал, будьто сердце выпало
будуна	2	бодуна, буруна, бузуна, буду на, буна	будунлъи:senses[0].text:должность будуна, будунство || будунлъи:senses[0].examples[0].ru:исполнять обязанности будуна
будун	2	буду, бунду, бодун, буден, будут, бурун, бузун, бунд, бун	будун:senses[0].text:будун; муэдзин || будун:senses[1].text:будун (продолговатая бусина в чётках; их всего две среди ста, нанизываются через 33 бусины и меньше чем
брюхан	2	брюха, брюхат	чехькӏодо:senses[0].text:брюхан, пузан || чирмачехь:senses[0].text:пузан, брюхан; бочка-пузо
бровьях	2	бровях, бровь	кьенсер:senses[0].examples[6].ru:на лбу поле не посеешь, на бровьях сад не вырастишь || нодо:senses[0].examples[9].ru:на лбу поле не посеешь, на бровьях сад не вырастишь
ботишей	2	ботавшей	ботӏиш:senses[0].examples[0].comment:аварский аул Согратль славится мастерицами по изготовлению ботишей || ботӏиш:senses[0].examples[1].ru:приятних запах ботишей
бодяк	2	бодряк, босяк, бод як, бодяга	гьолозаз:senses[0].text:бодяк полевой || хурул:senses[1].examples[2].ru:бодяк полевой
блестать	2	блистать, блестеть, хлестать, облетать	кунчӏ-кунчӏизе:senses[0].text:сверкать, блестать, блистать || нурагъине:senses[0].text:светиться, сиять; блестать
бешмете	2	метешь	гужгат:senses[0].examples[2].ru:он вышел в бешмете || гужгатулав:senses[0].text:человек в бешмете
бет	2	бета, обет, бете, беты, бьет, бету, бит, бот, нет, тет, бес, сет, бей, бел, лет	агъ:senses[0].examples[0].ru:утратить силу, ослабеть; уменьшиться, убавиться || бацӏцӏадаб:senses[7].text:обетованный, святой; свящённый || бацӏцӏадаб:senses[7].examples[0].ru:обетованная земля, святая земля
беспредел	2	бес предел, беспредельный	гӏорхъи:senses[0].examples[15].ru:беспредел; эксцес || тӏасанборчӏи:senses[1].text:беспредел
бесконца	2	бес конца, бескормица	хъвахъвадизе:senses[0].text:трогать чего-либо [бесконца] || хъвахъвадизе:senses[0].examples[0].ru:не разрешайте детям бесконца трогать телевизор
белокопытник	2	белок опытник, белобилетник	лълъелтӏамах:senses[0].text:белокопытник, калужница болотная || хӏаркуч:senses[0].text:белокопытник гибридный
безымяный	2	безымянный, безымянен, безыменный, безымённый, безызъянный	кӏоноркӏо:senses[0].text:безымяный палец || лол:senses[0].examples[5].ru:прибаутка о ладони и пальцах это (ладонь) загон, этот (указательный палец) пастух, этот (средний палец) украл, этот (безымяный палец) покушал, этому (мизинцу) пришлось отплатить
бедуинка	2	бедуина, беду инка, бедуин ка, бедуин, дубинка	бадавияй:senses[0].text:бедуинка || гӏасигӏарабияй:senses[0].text:бедуинка
баранту	2	барану, баранку, маранту, гаранту, баран ту, барабану, барабан, баран, банту	гӏи:senses[0].examples[4].ru:держать овец, выращивать баранту, заниматься овцеводством, создать отару || гӏи:senses[0].examples[13].ru:волк ворвался в баранту
бараб	2	бара, араб, баран, барак, барам, барах, бар	пантеон:senses[1].text:некӏсиял греказул ва румазул киналго аллагьзабазе бараб храм || планетарий:senses[1].text:планетал хьвадулеб куц бихьизабизе бараб хасаб мина
бам	2	баем, брам, лбам, баям, баи, бае, нам, там, бар, рам, вам, бас, сам, бай, бал	базе:senses[4].examples[2].ru:Дай, Господи, чтобы дождь ливнем шёл, Дай, Боже, чтобы по жёлобам вода потекла || батӏи-батӏияб:senses[0].examples[1].ru:по-разному, разными способами || бизарлъизабизе:senses[0].examples[0].ru:не докучай жалобами
бакъ	2	бак, баки, бака, баке, бакс, баку	бегьизе#1:senses[1].examples[1].comment:'бакъ' солнце || къаси:senses[0].examples[0].comment:'бакъ' солнце
аульчане	2	нальчане, ельчане	авал#1:senses[0].examples[3].ru:не женись на той, о ком говорит мама [твоя], а женись на той, о ком говорят аульчане || напакъа:senses[0].examples[0].comment:учащимся примечетских школ аульчане выделяли продукты на пропитание
аульчан	2	нальчан	бугъизе:senses[0].comment:по аварскому обычаю прибывшего в аул человека, если у него нет родных или знакомых, власти аула устраивали на ночлег по строгой очерёдности в домах аульчан; отнюдь это не бросало тень на обычай гостеприимства, а наоборот выражает желание каждого иметь гостя, радоваться его посещением || эхебе:senses[1].examples[0].ru:вниз по реке спустилось стадо коров аульчан
асса	2	асс, аса, пасса, касса, масса, асс а	гьарс:senses[0].text:асса! || гьарс:senses[1].examples[0].ru:кричать “асса!”
аробщиком	2	гардеробщиком, зарубщиком, паромщиком, обрубщиком	гьакихъанлъи:senses[0].examples[0].ru:работать аробщиком || гьокочилъи:senses[0].examples[0].ru:работать аробщиком
аргамак	2	ар гамак, гамак	аргъумахъ:senses[0].text:аргамак || аргъумахъ:senses[0].examples[0].ru:Оседлай аргамак серебряным седлом
апплодисменты	2	аплодисменты, аплодисментов	кьаби:senses[0].examples[0].ru:апплодисменты || хъат:senses[2].text:апплодисменты
апплодисментов	2	аплодисментов, аплодисменты	хъат:senses[2].examples[2].ru:гул апплодисментов || хъат:senses[2].examples[3].ru:раздался гром апплодисментов
амахваяб	2	бахвалка	амахваяб:senses[0].text:амахваяб || амахваяб:senses[0].examples[0].ru:ох, амахваяб, как извилиста эта тропиночка!
альчика	2	пальчика, мальчика, зальчика, Нальчика, канальчика, канальчик, бокальчика, бокальчик	гӏака:senses[1].text:расположение альчика в лежачем состоянии вмятиной вверх || оц:senses[1].comment:одна из сторон альчика при игре
алычевое	2	алычовое, алыче вое, алычовые	алчаялъул:senses[1].examples[0].ru:алычевое дерево || алчаялъул:senses[1].examples[1].ru:алычевое варенье
алиф	2	али, лиф, калиф, халиф, лифа, шлиф, глиф, а лиф	алип:senses[0].text:алиф || алип:senses[0].examples[0].ru:“алиф” поддерживает “би”, а “би” поддерживает “ти”
албухари	2	глухари	албухари:senses[0].text:албухари || албухари:senses[0].examples[0].ru:сушить албухари
аву	2	ау, айву, лаву, паву, заву, иву, авт, ату, ару, рву, асу, аду, шву, азу, агу	гьаву:senses[0].text:аву || гьаву:senses[0].examples[0].ru:пропеть аву
Шарип	2	Шарап, Шарит, Шарил, Шарик, Шарим	шарип:senses[1].text:Шарип || щийдай:senses[0].examples[1].ru:кого же Шарип пригласит на танец?
Чаландар	2	Баланда	гьелго:senses[0].examples[1].ru:Чаландар женился на их же дочери || къавутӏа:senses[0].examples[0].ru:в ту ночь на стойбище отары Чаландар дежурил
Хажа	2	Ража, Сажа, Лажа, Пажа, Мажа, Ханжа, Хаджа, Хана, Хата, Хала, Хама, Хаза	гьабугьин:senses[0].examples[4].ru:Хажа медленно поднялась по лестнице на веранду || хекко:senses[1].examples[0].ru:Хажа утром рано встаёт
Хабиб	2	Ухабин	азархана:senses[0].examples[1].ru:Хабиб уложил тёщу в больницу || хӏабиб:senses[1].text:Хабиб
Унайзат	2	Унизать	гӏатӏидаб:senses[1].examples[3].ru:Унайзат — женщина широкой натуры || гӏолохъанго:senses[0].examples[1].ru:Унайзат ещё молода
Умахана	2	Ума хана, Надумана, Надуманна	багӏаргӏаларча:senses[0].examples[0].ru:Умахана коня гнедого я увёл, В Тифлис и обратно съездил я на нём || ханлъи:senses[0].examples[0].ru:при хане Умахане; во время ханствования Умахана
Тагир	2	Тагил, Тапир	тириго:senses[0].examples[1].ru:Тагир живо встал || тӏад:senses[0].examples[8].ru:Тагир пошёл наверх
Ноев	2	Роев, Поев, Доев, Боев, Воен, Нов, Наев, Ноет, Ноем	гама:senses[0].examples[10].ru:Ноев ковчег || тӏупан:senses[0].examples[0].ru:всемирный потоп; Ноев потоп
Муслимат	2	Сублимат	гьединлъидалха:senses[0].examples[0].ru:Муслимат женщина хорошая, поэтому же её выбрали депутатом || ункъачо:senses[1].examples[0].ru:тётя Муслимат
Маржанат	2	Манганат	гӏедегӏизабизе:senses[0].examples[0].ru:Маржанат торопила сына в мечеть [на намаз] || меседу:senses[0].examples[1].ru:Этих девушек сотный командир Маржанат, Красавиц знаменосица Байгинат
Кулизан	2	Ку лизан, Зализан, Лизан	кидаго:senses[0].examples[1].ru:Кулизан всегда говорит одно и то же || трактористлъи:senses[0].examples[0].ru:Кулизан сорок лет работал трактористом
Касум	2	Кусам, Сумка	гӏебу-рукӏкӏен:senses[0].examples[0].ru:взяв шило с иголкой, Касум начал чинить обувь || хӏама:senses[0].examples[8].ru:Касум отправился на базар, навьючив корзины на ишака
Израил	2	Израиле, Израиль, Израиля, Израилю, Измаил, Изранил, Извратил	гӏизраил:senses[2].text:Израил || гӏицӏго:senses[0].examples[2].ru:все разошлись по домам, только Израил остался на годекане
Зухра	2	Зубра	бокьизе:senses[2].examples[3].ru:Зухра полюбила Тахира || ва#1:senses[0].examples[1].ru:Тахир да Зухра
Земзем	2	Землемер	замзам:senses[0].text:Земзем || замзам:senses[0].examples[1].ru:В колодце Земзем нашли доспехи времён Давида
Гоцатль	2	Гоготать	гӏеретӏ:senses[0].examples[0].comment:Гоцатль — аул искусных ювелиров и медников || жамагӏат:senses[0].examples[0].ru:общество аула Гоцатль
Вахид	2	Шахид	бегаризе:senses[0].examples[1].ru:Вахид пахал до изнеможения || калам#1:senses[0].examples[3].ru:Вахид подошёл, услышав наш разговор
Бика	2	Тика, Вика, Лика, Пика, Дика, Шика, Гика, Ника, Рика, Баки, Бирка, Блика, Бзика, Бака, Бока	бика:senses[4].text:Бика || диван#3:senses[0].examples[1].ru:в углу широкого дивана, подобрав ноги, Бика углубилась в раздумья
Басир	2	Баси, Басит, Басил, Басим	къвачӏа:senses[0].examples[7].ru:Басир вынул из мешка сыр || тӏад:senses[1].examples[4].ru:Басир положил дрова на подводу
Балхар	2	Балхаш	щагӏихъан:senses[0].examples[0].ru:Балхар — аул гончаров || щегӏ:senses[0].examples[0].comment:аул Балхар славится мастерицами гончарного дела, а мужчины в старину ездили по всему Дагестану продавать гончарные изделия
Байзат	2	Банзай	гӏисинккун:senses[0].examples[1].ru:Байзат тихо пела || квер:senses[0].examples[37].ru:Байзат держит в руках свой [головной] платок
Ашик	2	Шик, Алик, Пшик, Ишак, Шика, Каши, А шик	гӏайиблъизе:senses[0].examples[2].ru:Ашик искалечился на войне || гӏашикъ:senses[2].text:Ашик
Аша	2	Ша, Оша, Яша, Наша, Ваша, Паша, Каша, Чаша, Саша, Маша, Даша, Ара, Аса, Ада	гьединаб:senses[0].examples[6].ru:Аша не такая женщина || кӏвахӏ:senses[0].examples[10].ru:Аша — женщина, не знающая лени
Анвар	2	Инвар, Навар, Ангар, Ан вар, Варан, Варвар	жив:senses[0].examples[0].ru:Анвар сказал, что он не пойдёт с нами || кодоб:senses[0].examples[1].ru:Анвар пошёл, держа в руке косу
Алмас	2	Алма, Алма с, Алмаз	алмас:senses[3].text:Алмас || алмас:senses[4].examples[0].ru:[выдрать] как сидорову козу; как Алмас овцу
Абид	2	Аид, Обид, Амид, Азид, Абиджан	гьениб:senses[0].examples[4].ru:Абид там? || гӏабид:senses[1].text:Абид
яшав	1	шавка	эмигрант:senses[0].comment:чияр улкаялда яшав гьабун вугев чи
ярлыгу	1	ярлыку	тӏил:senses[3].examples[0].ru:уходить с работы; положить ярлыгу
яркозелёные	1	ярко зелёные, вечнозелёные	канчӏгӏурччинаб:senses[0].examples[0].ru:на деревьях с ветки на ветку летают яркозелёные попугаи
яркозелёном	1	ярко зелёном, вечнозелёном	канчӏгӏурччин:senses[0].text:в яркозелёном, светлозелёном цвете
яркожёлтое	1	ярко жёлтое, ярковатое	канчӏтӏогьилаб:senses[0].examples[0].ru:яркожёлтое платье
яркоголубом	1	ярко голубом, яркого лубом, голубоглазом	канчӏхъахӏил:senses[0].text:в яркоголубом, светлоголубом цвете
яркобурый	1	ярко бурый, яркостный	чӏорбагӏараб:senses[0].text:яркокрасный; яркобурый
яркобурая	1	ярко бурая, ярковатая	чӏорбагӏараб:senses[0].examples[0].ru:из-под куста выбежала яркобурая лиса
ями	1	имя, ям, ми, ямин, ямки, ямищ, ими, яма, яме, яти, яри, яви, ямс, яки, ямы	гӏелегӏ:senses[0].comment:в виде оврага, ями
ягодник	1	угодник, ягодниц, ягод ник, негодник	бацӏил:senses[1].examples[4].ru:волчеягодник, волчий ягодник
явства	1	яства, явствовать	тӏагӏам:senses[0].examples[1].ru:явства
юшан	1	южан, шантан	мегӏ#1:senses[0].text:полынь, юшан
южний	1	южной, южней, южный, нижний	гъоркьагьури:senses[0].examples[0].ru:южний ветер бывает тёплым
югосславы	1	югославы, югослав	югославал:senses[0].text:югосславы
эщт	1	это	эщтӏезабизе:senses[0].text:от эщтӏезе
этапировать	1	эпатировать, эта пировать, этапирование, эталонировать, драпировать, экипировать	ятаб:senses[0].examples[0].ru:этапировать заключённых
эстониял	1	дистония	финно-угорал:senses[0].comment:финнал, венграл, эстониял, удмуртал ва гь. ц.
эспарцет	1	испаряет	кетузаз:senses[0].text:астрагал шестицветковый; эспарцет рогообразный
эпидемиологияб	1	эпидемиология, эпидемиолог	санэпидстанция:senses[0].comment:санитариябгун эпидемиологияб станция
эмпирее	1	эмпирике	гӏиллигун:senses[0].examples[0].ru:души святых праведников обитаются в эмпирее
эллегия	1	элегия, коллегия	марсият:senses[0].text:эллегия
электрочайник	1	электроника, электротехника, электротехник	чайник:senses[0].examples[0].ru:электрочайник
электросверло	1	электросварка, электросвязь, электрополотер, электроосмос	борлъаро:senses[0].examples[0].ru:электросверло
электро	1	электрон, электрод, электроток, электролит, электрокар, электрометр	борлъаро:senses[0].examples[0].ru:электросверло || борлъизе:senses[0].examples[3].ru:для электропроводки пришлось пробить стену || коммутатор:senses[0].examples[2].ru:электронный коммутатор
эксцес	1	эксцесс, эксцентрик	гӏорхъи:senses[0].examples[15].ru:беспредел; эксцес
эксплуататорша	1	эксплуататора, эксплуататор ша, эксплуататор	зулмучӏужу:senses[0].text:притеснительница, угнетательнница, эксплуататорша.
экраналда	1	экрана	проекция:senses[1].text:экраналда суратал, киноялъул кадраби рихьизари
экпрессивность	1	экспрессивность, прогрессивность, регрессивность, рецессивность, агрессивность	ва#3:senses[0].comment:выражающее экпрессивность высказывания
экваторалда	1	экватора	параллель:senses[1].text:дуниялалъул шаралда экваторалда бащадаб манзилалъул мухъ
эвенкийка	1	эвенкийский, эвенка	эвенкай:senses[0].text:эвенкийка
эвенк	1	эвенки, эвенка, эвенок, эвенке, эвенку, эвенский	эвенкав:senses[0].text:эвенк
ыграть	1	сыграть, рыгать, играть, отыграть, разыграть, взыграть, обыграть	бертин:senses[0].examples[0].ru:справлять, (с)ыграть свадьбу
щёках	1	щётках, щёлках, щёчках, щеках, щуках, щёк ах, щёлочках	кӏаркьен:senses[0].examples[1].ru:смутиться; покраснеть — о щёках
щула	1	луща, аула, щура, щупа, пула, щука, мула, дула, гула, щуча, хула, Тула	планшет:senses[0].text:планшет (1. тӏад карта щула гьабулеб хъарщи, къоно
щире	1	щери, аире, щите, тире, лире, пире, мире, щуре, шире, гире, жире, Мире, щи ре, реющие	гӏатӏилъизе:senses[0].examples[0].ru:двор стал щире
щинк	1	линк, пинк, цинк, инки	рукӏкӏел:senses[0].examples[0].ru:морщинка || щинкӏизабизе:senses[0].text:от щинкӏизе
щиб	1	щи, щит, гиб	сундухъ:senses[0].text:от щиб, щал за что
щестикратно	1	десятикратно	анлъцӏул:senses[0].text:щестикратно, шесть раз
щербить	1	щерить, теребить	гажахинабизе:senses[0].text:(с)делать что-либо зубчатым; зубрить, зазубривать, тупить, щербить острие
щепать	1	щипать, щепоть, щупать, щеп ать, трепать	кан:senses[0].examples[3].ru:щепать лучину
щедриться	1	щериться, расщедриться, внедриться, расщедрится	чумартлъизе:senses[0].text:(рас)щедриться
щебнистый	1	щебенистый, щетинистый, гребнистый	чӏимиххӏалаб:senses[0].text:с избитком мелкого щебня, изобилующий щебнём; щебнистый
щебнистая	1	щебенистая, щебни стая, щетинистая, гребнистая	чӏимиххӏалаб:senses[0].examples[0].ru:щебнистая почва
щебетуньи	1	щебетанье	чӏирчӏидиро:senses[0].examples[0].ru:как надоели мне эти щебетуньи
щвана	1	свана, звана, Ивана, ванна	бакӏ#1:senses[0].examples[13].ru:щвана дов он побывал во многих местах
щал	1	тал, вал, пал, кал, щам, мал, дал, зал, бал, чал, жал, щах, хал, фал, щадил	сундухъ:senses[0].text:от щиб, щал за что
щавелём	1	щавелем, щавелевым	жух:senses[0].examples[0].ru:испечь пирожки со щавелём
шёлкопряд	1	шелкопряд, шёлкопрядение	чилладул:senses[1].examples[4].ru:шёлкопряд
шумо	1	шум, шумно, шумов, шумок, шумом, шуми, шума, шуме, шумы, шумя, шуму, шум о	ахӏи-хӏуралда:senses[0].text:шумно, с шумом-гамом || ахӏи-хӏуралда:senses[0].examples[0].ru:с шумо-гамом пришли ребята на помочь || вархан:senses[1].text:с шумом
шубоносец	1	нотоносец	хъабчилав:senses[0].text:тот, кто в шубе; шубоносец
штыкоподобный	1	тыквоподобный, скотоподобный	хеч:senses[0].examples[3].ru:острый; штыкоподобный
штыковый	1	штыковой, штоковый, штыковые, штыковым, штыковых, штрековый, шкотовый	хочол:senses[1].text:штыковый
штукатурщик	1	штукатурящий, штукатурка, штукатурить, штукатур	вохьарухъан:senses[0].text:белильщик, штукатурщик-маляр
шпионствовать	1	пиршествовать, пиратствовать, шпионство, пьянствовать	шпионлъи:senses[0].examples[0].ru:заниматься шпионажем, шпионствовать
шпагоносец	1	рогоносец	хвалченборч:senses[0].text:шпагоносец
шовинистский	1	шовинистический, шовинистка, сионистский, шовинист	шовинизмалъул:senses[1].text:шовинистский
шнурообразный	1	шарообразный, штопорообразный, разнообразный, конусообразный	чӏоломахӏаб:senses[0].text:шнурообразный; узкодлинный
шмонать	1	шмон ать, намотать	чӏухь:senses[0].examples[0].ru:обыскивать, обыскать, произвести обыск; шмонать жаргон
школьеиков	1	школьников, большевиков	радиопередача:senses[0].examples[0].ru:радиопередача для школьеиков
широковаты	1	широко ваты, шишковаты, коротковаты	гӏатӏид:senses[0].examples[3].ru:брюки тебе широковаты
шипеньем	1	шипением, пеньем	ващиялда:senses[0].text:с шипеньем
шиндахлан	1	шаланда	чӏахӏияб:senses[0].examples[0].ru:крупный абрикос, шиндахлан
шиколотки	1	щиколотки, колотушки, отколоти, отколовший	махӏу:senses[0].comment:выше шиколотки до колена
шестнадьцать	1	шестнадцать, шестнадцатый	ункъцӏул:senses[0].examples[1].ru:четырежды четыре — шестнадьцать
шестицветковый	1	шести цветковый, бесцветковый	кетузаз:senses[0].text:астрагал шестицветковый; эспарцет рогообразный
шестистрочная	1	шести строчная, шестиструнная, шестистопная, шестереночная, шестиконечная	строфа:senses[0].examples[0].ru:шестистрочная строфа
шестисоттысячный	1	шестисот тысячный, шеститысячный, трехсоттысячный, шестимесячный, десятитысячный	анлънусазарабилеб:senses[0].text:шестисоттысячный
шестикрартно	1	шестикратный	анлъцӏул:senses[0].examples[0].ru:шестикрартно возросло
шестидесятитысячный	1	шести десятитысячный, шестидесяти тысячный, шестидесятиградусный	лъабкъоазарабилеб:senses[0].text:шестидесятитысячный
шерстянной	1	шерстяной, шерстоносной, шерстобойной, шерстомойной, шерстной	торгӏо:senses[0].examples[2].ru:мяч из шерстянной нитки
шерстобитов	1	шерстобитом, шерстобит	денгъелабутӏ:senses[0].text:лук (у шерстобитов), трепалка шерсти
швенун	1	швейный	швен:senses[0].text:швенун
шаховать	1	шахов ать, страховать	шах:senses[0].examples[0].ru:объявить шах, шаховать
шафийизм	1	шаманизм	мазгьаб:senses[0].examples[0].ru:секта имама Шафийи; шафийизм
шафиитский	1	шиитский	шапигӏияб:senses[0].text:шафиитский
шафиитская	1	шиитская	шапигӏияб:senses[0].examples[0].ru:шафиитская школа в исламе
шастаться	1	шататься, ша статься, шастать, срастаться, расстаться, хвастаться	къватӏ:senses[0].examples[5].ru:шастаться по улицам
шаркание	1	шарканье, шаркавшие, нарекание	хъурщи#1:senses[2].text:шаркание
шариг	1	шарит, шарил, шарик, шарим, ша риг	шаригӏатчилъи:senses[0].text:от шаригӏатчи
шариатское	1	араратское, патриаршеское	шаргӏияб:senses[0].examples[0].ru:шариатское дозволение
шариатского	1	араратского, шарлатанского, азиатского, сибаритского	хӏукму:senses[0].examples[1].comment:шариатского судьи
шаралда	1	шарада, шарад	параллель:senses[1].text:дуниялалъул шаралда экваторалда бащадаб манзилалъул мухъ
шапочник	1	шляпочник	тӏагъур:senses[0].examples[24].ru:шапочник
шайтанов	1	шайтаном, шайтан, штанов	шайтӏан:senses[0].examples[2].ru:свора шайтанов
чёрноокий	1	черноокий, чёрненький	бералчӏегӏер:senses[0].text:тот (та), у кого очи чёрные; чёрноокий и чёрноокая; чёрноглазый и чёрноглазая
чёрноокая	1	черноокая, чёрно окая, чёрненькая	бералчӏегӏер:senses[0].text:тот (та), у кого очи чёрные; чёрноокий и чёрноокая; чёрноглазый и чёрноглазая
чёрнокосая	1	чёрно косая, черноносая	гъалалчӏегӏер:senses[0].text:чёрноволосая; чёрнокосая
чёрноземе	1	черноземе, чернозем	чӏегӏерракь:senses[0].examples[0].ru:сеять пшеницу на чёрноземе
чёрнозем	1	чернозем	чӏегӏерракь:senses[0].text:чёрнозем
чёрноглазый	1	черноглазый, разноглазый	бералчӏегӏер:senses[0].text:тот (та), у кого очи чёрные; чёрноокий и чёрноокая; чёрноглазый и чёрноглазая
чёрноглазая	1	черноглазая, разноглазая	бералчӏегӏер:senses[0].text:тот (та), у кого очи чёрные; чёрноокий и чёрноокая; чёрноглазый и чёрноглазая
чёрноволосая	1	черноволосая, длинноволосая	гъалалчӏегӏер:senses[0].text:чёрноволосая; чёрнокосая
чутьистая	1	чуть истая, истаять	махӏбач:senses[0].text:чутьистая собака, охотничья собака; легавая
чуствовать	1	чувствовать, чествовать, участвовать, отсутствовать, вдовствовать, явствовать	багъизе:senses[4].text:ныть, чуствовать сильные боли
чуреки	1	чурки, чебуреки	черек#2:senses[0].examples[2].ru:надевать чуреки
чурек	1	чурке, ручек, чурок, чушек, чурочек	назук:senses[0].text:назук, чурек
чурак	1	чурка, чурбак, чурок, чувак, чудак, дурак, бурак, чужак	герен:senses[0].text:короткое бревно, чурак
чрезвичайно	1	чрезвычайно	гӏажаибго:senses[2].text:чрезвичайно, исключительно, очень сильно
чонгуру	1	кенгуру	базе:senses[15].examples[4].ru:прикрепить струны к чонгуру
чобочине	1	обочине, обочин	чобочараб:senses[0].text:от чобочине
чияр	1	чирья	эмигрант:senses[0].comment:чияр улкаялда яшав гьабун вугев чи
чит	1	чти, чтит, чист, мчит, учит, чат, чет, чин, нит, сит, лит, чип, чик, кит, шит	абзац:senses[0].examples[3].ru:читай с абзаца || авалалда:senses[0].examples[0].ru:вначале нелегко было учиться || аванс:senses[0].examples[2].ru:получить аванс
числитльных	1	числительных, числительный, чистительных, сличительных, чистильных	анлънусиялда:senses[0].comment:служит для образования составных числитльных 601—699
чисительных	1	чистительных, числительных, искусительных, сличительных, сочинительных, исключительных	къоло:senses[0].comment:служит для образования составных чисительных от 21 до 29
чирахъ	1	чинара	гӏин:senses[0].examples[4].comment:'нартил чирахъ' керосиновая лампа
чешуями	1	чешуя ми, чешуя	тегьизе:senses[1].examples[0].ru:подпочвенная соль выступает наружу белыми чешуями
чеша	1	чаше, чешка, чеши, чаша, чета, теша, чеса, чела, чека, чешу, чеха, Леша	гъванща:senses[0].examples[12].comment:букв. чеша затылок
четырёхсоттысячный	1	четырёхсот тысячный, четырёхтысячный, трёхсоттысячный, четырёхмесячный, трехсоттысячный	ункънусазарабилеб:senses[0].text:четырёхсоттысячный
четырёхсотграммовая	1	четырёхсот граммовая, двухсотграммовая	гилавка:senses[1].examples[1].ru:четырёхсотграммовая банка
четверёньках	1	четвереньках, четвертинках, четвертаках, четвертках, четвериках	хъурщизе:senses[0].examples[0].ru:ползать на четверёньках
четвером	1	четверо, четверном, четвертом, вчетвером, четвергом, четверок, четверым, четвертном, четвериком, четверговом, четвертаком	ункъабго:senses[0].examples[4].ru:они четвером пошли вместе
чернобурая	1	черно бурая, чернобурка, чернобровая, чернобородая, чернозобая	цер:senses[0].examples[2].ru:чернобурая лиса, чернобурка
черепный	1	перечный, черепной, черепные, черепным, черепных, черепичный, череночный, репный, черненый	гвангварадул:senses[1].text:черепный
черена	1	черен, черна, чернена, черенка, черепа, чермна, мерена, череда, черен а	гӏоркь:senses[0].examples[4].ru:без рукоятки, без черена, без ручки
червоное	1	черновое, червонное, червовое, червонце, червоточное, червонные, червонец, червобойное	багӏараб:senses[0].examples[3].ru:червоное золото
чемпионство	1	чемпионский	чемпионлъи:senses[0].text:чемпионство, звание чемпиона
челядинец	1	челядине, челябинец, челядин	чукъа:senses[0].text:челядинец, телохранитель; нукер
человеек	1	человеке, человек, человечек, челочек, словечек, ловчее	гӏамал#1:senses[0].examples[5].ru:упрямец, упрямый человеек
челове	1	человек, человечек, вечерело, чело, ловчее	пишадукъ:senses[0].text:не обученный ремеслу челове
человвек	1	человек, чело ввек, человечек, челочек, словечек	кванай:senses[1].examples[0].ru:человвек с приятной манерой есть
чед	1	ед, чад, нед, чет, ред, вед, чес, сед, чей, чел, лед, пед, чек, кед, чем	пекарь:senses[0].comment:чед бежулев чи
чвахи	1	свахи	символизм:senses[0].comment:литературияб чвахи
чахъу	1	чахну	мегӏер-гӏалах:senses[0].examples[2].comment:'чахъу' овца
чахоточник	1	чахоточный	гьуэр:senses[0].examples[1].ru:человек с больними лёгкими; туберкулёзник, чахоточник
чаушем	1	чардашем	гӏеллъи:senses[0].examples[0].ru:работать, служить глашатаем, чаушем, сельским исполнителем
чауша	1	чаша	гӏеллъи:senses[0].text:работа, должность чауша, глашатая, сельского исполнителя
чатица	1	чтица, частица, частиц	гьеле:senses[0].comment:чатица указательное (местоимение), обычно употребляется в отношении того, что (или; кто) находится вблизи к собеседнику
частвовать	1	участвовать, чествовать, властвовать, чувствовать, начальствовать, вдовствовать	байрам:senses[0].examples[1].ru:частвовать на празднике
чарыков	1	арыков, овчаров	дулагъал:senses[0].comment:носят поверх чарыков
чанчур	1	чан чур, чурбан	чӏанчӏур:senses[0].text:чанчур
чанка	1	чана, чаинка, чинка, нанка, танка, чарка, ранка, часка, чайка, чалка, панка, манка, чашка, банка, Ланка	чӏанкӏа:senses[0].text:чанка
чаевый	1	чаевые, чаевым, чаевых, фаевый	гамаг:senses[0].text:куст чаевый
чаг	1	чаги, чага, очаг, чаге, чагу, чаи, чао, чае, чан, наг, чат, чар, ваг, час, саг	бухари#2:senses[1].text:открытый очаг скотоводов, выложенный из плит квадратной формы || гъансито:senses[0].text:очаг; камин || гъансито:senses[0].examples[1].ru:дай бог, чтобы в вашем очаге никогда не погас огонь
чабанствовать	1	странствовать, тиранствовать, бесчинствовать, начальствовать	вехьлъи:senses[0].examples[0].ru:чабанить, чабанствовать; пастушить; пасти скот
чабановать	1	чабанов ать, забороновать	гӏиявехьлъи:senses[0].examples[0].ru:работать чабаном, чабановать
чабанить	1	табанить, барабанить, тарабанить, бабничать	вехьлъи:senses[0].examples[0].ru:чабанить, чабанствовать; пастушить; пасти скот
чабанил	1	табанил, чабан ил, барабанил, чабан, бабничал	вехьлъи:senses[0].examples[1].ru:отец всю жизнь чабанил
цудахарской	1	сахарской	гури#1:senses[3].examples[1].ru:лежит моток цудахарской пеньки
цифровый	1	цифровой, цифровые, цифровым, цифровых, цифрованный	тарихазулаб:senses[0].text:цифровый
цифри	1	цифр, цифири, цифра, цифро, цифре, цифры, цифру, цифр и	тарих:senses[0].examples[1].ru:латынские цифри
цинтварная	1	цитварная, инвариантная	цунлърул:senses[0].examples[0].ru:полынь цинтварная
цетр	1	центр, тетр, метр, гетр, фетр, Петр	гӏасимат:senses[0].text:цетр, столица
церкьовь	1	церковь, церковность	гьатӏан#1:senses[0].text:часовня, церкьовь
целессобразный	1	целесообразный, солнцеобразный, целесообразность, киселеобразный, скелетообразный	маслахӏатаб:senses[0].text:целессобразный
цвети	1	цвет, цвести, цветик, цветки, цвета, цвете, свети, цвели, цветы, цвету, цвет и	тӏегь:senses[1].examples[0].ru:(за)цвети
цаби	1	цари	мокъ:senses[1].examples[2].comment:цаби зубы
хьитал	1	итал	ортопедиялъул:senses[1].examples[0].comment:масала, хӏатӏазе сакъат бугезе хьитал гьарулеб
хьвадулеб	1	ходулей	планетарий:senses[1].text:планетал хьвадулеб куц бихьизабизе бараб хасаб мина
хьвади	1	ванадии	планетарий:senses[0].text:планетарий (1. планетазул хьвади бихьизабулеб прибор
хъулухъазул	1		расписание:senses[0].examples[3].comment:хъулухъазул сияхӏ
хъарщи	1	барщина	планшет:senses[0].text:планшет (1. тӏад карта щула гьабулеб хъарщи, къоно
хъабахъ	1	бабахать	бегизе:senses[0].examples[1].comment:'хъабахъ' тыква
хуторский	1	хуторской, хуторские, хуторским, хуторских, риторский, ораторский	колол:senses[1].text:хуторский
хурхине	1	хинине	хурхаризе:senses[0].text:от хурхине
хурджинов	1	художников	хулжал:senses[0].examples[3].ru:держать края хурджинов
хункера	1	бункера, анкера	исламалъул:senses[1].examples[2].comment:титул турецкого хункера
хункер	1	бункер	хункар:senses[0].text:хункер
художественнияб	1	художественность, художественный, художественен, художествен	образ:senses[0].comment:художественнияб сипат
худиться	1	удиться, судиться, чудиться, ухудшиться, удивиться, уходиться	багьа-бихъизе:senses[0].text:(про)дырявиться, (про)худиться
хрюком	1	трюком, крюком, хряком, урюком, хрю ком, хрюк ом, хрюк	хъункӏиялда:senses[0].text:с хрюком, хрюкая
хрутом	1	хрустом, трутом, прутом, крутом, хрущом, отомрут	хъвашиялда:senses[0].text:с шелестом, с шорохом, с хрутом; шелестя, шурша, хрустя
хрометь	1	охрометь, хромать, хромель	рекълъизе:senses[0].text:(о)хрометь, быть, стать хромым; прихрамывать, припадать на ногу
хребтина	1	хребта	мугъ:senses[1].text:хребет, хребтина
хояйка	1	хозяйка, хозяйчика	бетӏергьанчӏужу:senses[0].text:хояйка, владелица кого-чего-либо
хочеться	1	хочется, хотеться, сочетаться	ракӏбатизабизе:senses[0].examples[0].ru:мне хочеться поднять его настроение; хочется его развеселить
хорошосложенный	1	хорошо сложенный, расхоложенный	багъилаб:senses[1].text:хорошосложенный
хорошосложенная	1	хорошо сложенная, расхоложенная	багъилаб:senses[1].examples[0].ru:хорошосложенная фигура
хонобаха	1	балахон	хонобах:senses[0].examples[0].ru:дерево хонобаха
хонобах	1	балахонах, балахон	хонобах:senses[0].text:хонобах
хомутина	1	хомутика, хомутик	хамут:senses[0].examples[2].ru:хомутина
холщина	1	холина, толщина, холодина	хӏебет:senses[0].text:холст, холщина; льняная ткань
холщевый	1	холщовый, выхухолевый	хӏебтил:senses[1].text:холщевый, холстинный
холщевой	1	холщовой, опухолевой	хӏебтил:senses[1].examples[1].ru:холщевой мешок
холщевое	1	холщовое, опухолевое	хӏебтил:senses[1].examples[0].ru:холщевое платье
хозяйничание	1	хозяйничанье, хозяйничавшие, хозяйничающие, хозяйничавший, хозяйничающий	хважайинлъи:senses[0].text:хозяйничание
хоб	1	хо, об, хот, хор, роб, лоб, хоп, ход, доб, хоз, зоб, боб	гьатӏанрукъ:senses[0].examples[0].comment:хоб могила
хмелевой	1	хмелевод, хм елевой, хмеле вой, хмелевший	хомелегалъул:senses[1].text:хмелевой
хлеборобство	1	хлебосольство	хурухъанлъи:senses[0].text:полеводство, растениеводство, хлеборобство, земледелие
хиси	1	виси, сиси, хи си, психи	смена:senses[0].comment:хиси
хинкалов	1	половинка	хинкӏбахъ:senses[0].comment:для вынимания хинкалов из котла при варке
хилеть	1	хиреть	нахъеккезе:senses[1].text:(за)чахнуть, хилеть
хиджры	1	хитры	исламияб:senses[0].examples[0].ru:исламское летоисчисление; летоисчисление хиджры
хиджре	1	химере	гьижра:senses[0].examples[0].ru:летоисчисление по хиджре
хиджра	1	хибара	гьижра:senses[0].text:хиджра
хевсуры	1	мессуры	хевсурал:senses[0].text:хевсуры
хевсурка	1	суеверка	хевсурай:senses[0].text:хевсурка
хевсур	1	суровье	хевсурав:senses[0].text:хевсур
хвощевая	1	хвощовая, хвощевидная	лъалу:senses[0].text:тис; кузьмичева трава, эфедра хвощевая
хвостовство	1	хвастовство, хвостовой, хлыстовство, толстовство, хвостовик	пударухъанлъи:senses[0].text:хвостовство, характер хвастуна
хачанпурт	1		хӏачанпуртӏ:senses[0].text:хачанпурт
хасандалу	1	ха сандалу, сандалу	хӏасандала:senses[0].examples[0].ru:играть в хасандалу
хасандала	1	ха сандала, сандала, сандалила, сандал	хӏасандала:senses[0].text:хасандала
харил	1	хари, херил, варил, парил, хамил, дарил, шарил, жарил, царил, хандрил	папирус:senses[1].text:некӏсиял халкъаз гьеб харил хъвадаризе хӏалтӏизабулеб букӏараб материал
ханствования	1	странствования, хозяйствования, властвования, царствования	ханлъи:senses[0].examples[0].ru:при хане Умахане; во время ханствования Умахана
ханствование	1	странствование, властвование, хозяйствование, повествование	ханлъи:senses[0].text:ханствование
хамд	1	хам, хами, хама, хаме, хард, хамы, хамя, хаму	алхӏам:senses[0].text:алхамд || алхӏам:senses[0].comment:одна из сур Корана, начинающаяся словом аль-хамд-уль-иллахи “слава Аллаху” || алхӏам:senses[0].examples[0].ru:большой алхамд
халкъаз	1	нахалка	папирус:senses[1].text:некӏсиял халкъаз гьеб харил хъвадаризе хӏалтӏизабулеб букӏараб материал
халифство	1	подхалимство	халипалъи:senses[0].text:халифство; правление халифами
халдмаж	1	подхалимаж	халмаж:senses[0].text:халдмаж
хакаска	1	хакаса, ха каска, хакас ка, хакасский, хакас, каска	хакасай:senses[0].text:хакаска
хадуссамат	1	задуматься	чӏахӏияб:senses[0].examples[3].ru:крупный персик, хадуссамат жёлтый
хадисы	1	хасиды	авараг:senses[0].examples[5].ru:хадисы пророка
хадатайству	1	ходатайству, ходатайств	тӏалабалда:senses[0].examples[2].ru:по хадатайству
хабщуда	1	хабара	хъабщуда:senses[0].text:хабщуда
хабзал	1	забухал	пантеон:senses[0].text:пантеон (1. хӏурмат бугел машгьурал гӏадамал рукъарал хабзал
футуристка	1	футуриста, фу туристка, футурист ка, футуристский, футурист, туристка, фигуристка	футуристка:senses[0].text:футуристка
фукты	1	футы, фрукты, факты, фунты	кьер-кьераб:senses[1].examples[0].ru:разные фукты
фтористий	1	фтористой, фтористый, историй, тиристор	фторалъул:senses[1].examples[0].ru:фтористий водород
фтомонтаж	1	фотомонтаж, монтажом, монтаж	фотомонтаж:senses[0].text:фтомонтаж
фруктовоконсервный	1	фруктово консервный, овощеконсервный	завод:senses[0].examples[0].ru:фруктовоконсервный завод
французско	1	французское, французской, французском, французскою, французски, французик	француз:senses[0].examples[1].ru:французско-русский словарь || француз:senses[0].examples[2].ru:переводить с французского на русский [язык]
фоэтонах	1	фотонах, фаэтонах, фотофонах, фонтанах	почалъул:senses[1].examples[4].comment:для перевозки почты на фоэтонах
фотокорреспондентка	1	фотокорреспондента, фото корреспондентка, фотокорреспондент ка, фотокорреспондент, корреспондентка, корреспондентский	фотомухбир:senses[0].text:фотокорреспондент и фотокорреспондентка
фотожурналистка	1	фотожурналиста, фото журналистка, фотожурналист ка, фотожурналист, журналистка, журналистика	фотожурналистка:senses[0].text:фотожурналистка
фотодокумент	1	фото документ, кинодокумент, документооборот, документик, документ	фотодокумент:senses[0].text:фотодокумент
флюрография	1	флюорография, флебография, гигрография, полярография, гидрография	флюрография:senses[0].text:флюрография
финнский	1	финский, финикийский, аннинский, интинский	финназул:senses[1].text:финнский
финнал	1	финна, финал, финнам, фингал, финнах	финно-угорал:senses[0].comment:финнал, венграл, эстониял, удмуртал ва гь. ц.
финансазул	1	финансировал	финотдел:senses[0].comment:финансазул отдел
филателистка	1	филателиста, филателист ка, филателист, телеграфистка, фаталистка	филателист:senses[0].text:филателист и филателистка
физическияб	1	физический	физкультура:senses[0].comment:физическияб культура
фиговвый	1	фиговый, сиговый	инжиралъул:senses[1].text:фиговвый
фетишировать	1	фетишизировать, финишировать, афишировать, ретушировать	иман:senses[1].text:преклоняться перед кем-чем-либо; фетишировать кого-что-либо
феники	1	финике, фении, финики, веники, феникс, фени	кӏалбиччазе:senses[0].examples[0].ru:бабушке на разговение я привёз феники
фашизация	1	фетишизация, машинизация	фашистлъи:senses[0].text:фашизация
фатва	1	фата, фетва, жатва, фатоват	патва:senses[0].text:фатва; решение, разрешение
фарсахов	1	фарс ахов, фарсов	парсахъ:senses[0].examples[0].ru:на расстоянии пяти фарсахов
фарисействовать	1	фарисейство	кӏигьумерлъизе:senses[0].text:лицемерить, фарисействовать; быть, стать двуличным
факель	1	кафель, факел, факела, факеле, факелы, факелу, кефаль	чӏартил:senses[1].examples[1].ru:факель
учённость	1	учёность, удручённость, облучённость, учащённость, утончённость	лъай:senses[1].text:знание и знания, познания; начитанность, эрудиция, учённость; грамотность
учреждени	1	учрежден, учреждении, учреждение, учреждений, учреждения, учреждению, учреждена, учреждено, учреждены, учрежден и, упреждении, упреждение	кадраби:senses[0].examples[1].ru:в нашем учреждени кадры достаточны
учредителььный	1	учредительный, учредительниц, учредительский, предупредительный, учредитель	гӏуцӏиялъулаб:senses[1].text:учредителььный
учредительствовать	1	предводительствовать, учредительство, учительствовать, председательствовать	учредительлъи:senses[0].examples[0].ru:учредительствовать
ученьшить	1	уменьшить	тӏадагьлъизабизе:senses[0].examples[0].ru:ученьшить вес ноши, облегчить ношу
уцмий	1	луцкий	уцуми:senses[0].text:уцмий
уцеление	1	целение, у целение, уцелевшие	хвасарлъи:senses[1].text:спасение, освобождение; уцеление
ухарь	1	харь, сухарь, ухать, упарь, ударь, у харь	бахӏарчи:senses[0].text:герой; смельчак, храбрец; удалец; ухарь; Герой
утятник	1	утятниц, утят ник	хъарчигъа:senses[0].text:ястреб-утятник
утяжеляться	1	утяжелять, утяжелить, утепляться, убеляться	бакӏлъизе:senses[0].text:(о)тяжелеть, потяжелеть; утяжеляться, утяжелиться; грузнеть; становиться тяжёлым, увесистым, грузным
утяжелиться	1	утяжелить, утяжелитель, утяжелителя, утеплиться	бакӏлъизе:senses[0].text:(о)тяжелеть, потяжелеть; утяжеляться, утяжелиться; грузнеть; становиться тяжёлым, увесистым, грузным
утреннней	1	утренней, утреней, утренний, внутренне, утрешней	рогьалигӏужалъ:senses[0].text:утром, в утреннюю пору, утреннней порой; на рассвете
утрамбоваться	1	трамбоваться, у трамбоваться, утрамбовываться, утрамбовать, утрамбовывать, утрамбовывая	бокъин:senses[1].text:утрамбоваться; становиться, стать проторённым
утоплённая	1	утолённая, утопленная, утеплённая, утомлённая, утолщённая, утолчённая, топлёная, утоптанная	хинаб:senses[0].examples[7].ru:утоплённая обувь
утончить	1	уточнить, истончить, утонуть	тӏеренлъизабизе:senses[0].text:(с)делать тонким или тоньше; (у)тончать, утончить что-либо; истончать
утончились	1	уточнились, утончались, истончились, окончились, утолились, кончились	мегъ:senses[0].examples[3].ru:от мыслей о проблемах полей и садов у стрекозы ноги утончились
утончилась	1	уточнилась, утончались, утончалась, истончилась, окончилась, кончилась, утолилась	тӏеренлъизе:senses[0].examples[0].ru:верёвка утончилась
утончание	1	утончение, истончание, утонение	тӏеренлъи:senses[1].text:утончание
утолститься	1	утолиться, польститься, утоляться, столпиться	бицалъизе:senses[0].text:утолщаться, утолститься; становиться, стать толстым или толще; уплотняться, уплотниться, становиться, стать плотным или плотнее; полнеть, ожиреть
утихание	1	утирание, затихание	секьи:senses[1].text:стихание, утихание
устар	1	сутра, уста, стар, руста, устав, устал, устам, устаю, устах, у стар, уст ар	лага:senses[3].text:устар член
установлений	1	установлении, установление, установления, установлению, установленный, постановлений, становление, установивший	ахӏкамал:senses[0].examples[1].ru:кадий обязан добиваться исполнения установлений шариата
установитьь	1	установить, остановить, восстановить, становить, сановитость	тӏадеккезабизе:senses[1].text:устанавливать, установитьь на чём-либо
устаза	1	стаза, устава, устала, у стаза, ус таза, уст аза, уста за, уста	мурид:senses[1].text:последователь и последовательница шейха, устаза
усстроить	1	устроить, ус строить, расстроить, состроить, устроитель, отстроить	дандчӏвай:senses[1].examples[2].ru:усстроить встречу, встретиться
успакаиваться	1	успокаиваться, устаканиваться, усваиваться, устраиваться, успокаивать	гӏодоб:senses[0].examples[66].ru:успакаиваться, успокоиться; стихать, стихнуть; перестать хорохориться
услшыт	1	услышат	дугӏа:senses[0].examples[2].ru:да услшыт [Аллах] молитву
услишишь	1	услышишь, ус лишишь, услужишь, усилишь, уследишь, усладишь	мискинчи:senses[0].examples[1].ru:раньше, чем о смерти бедняка, услишишь, что у имущественного палец укололся о занозу
усливает	1	сливает, усиливает, усеивает, у сливает, услуживает, слупливает, усваивает, увиливает	дохӏодин:senses[0].comment:модальная частица -хӏо-усливает значение слова
усилять	1	усилят, усилить, умилять	багӏаризабизе:senses[1].text:усилять, усилить, интенсифицировать; работать, действовать энергично
урмат	1	урчат, арматур	пантеон:senses[0].text:пантеон (1. хӏурмат бугел машгьурал гӏадамал рукъарал хабзал
уризе	1	ризе, урезе, урине, призе, кризе, бризе, фризе, у ризе, пуризме	имангури:senses[0].text:имангуризе || тӏурахъдизе:senses[0].text:от тӏуризе
уразе	1	уреза, разе, уреазе, урезе, уране, указе, зразе, фразе, у разе, уреаза	биххизе:senses[1].examples[1].comment:уразе
упрямость	1	упрям ость, упрямиться	гӏамаликълъи:senses[1].text:своенравие, упрямость; капризность; строптивость
упрямий	1	упрямой, упрямей, упрямый, упрямиц, упрям	гӏорцӏенмахӏаб:senses[0].examples[0].ru:упрямий человек, упрямец
упрочиться	1	проучиться, упроситься, упрочиваться, просочиться, прочиститься, упроститься	щулалъизе:senses[0].text:быть, стать прочным, упрочиться; быть, стать крепким, укрепляться, укрепиться
употреблямое	1	употребляемое, употребляемые, употребляемый, потребляемое, употреблять	михир:senses[0].examples[6].comment:магическая формула, употреблямое слушателем при рассказе кем-либо о своем сновидении
употребляетя	1	употребляет, употребляется, употребляете, употребляет я, употребляемый, употребляя, употребляться, употреблять	эбги:senses[0].examples[1].comment:употребляетя, прервав собеседника, когда переходят на важную тему разговора
уподребляется	1	употребляется, уподобляется, потребляется, употребляться, подкрепляется	гьетӏнус:senses[0].text:кривой нож (уподребляется при выдалбливании деревянных ложек и тому подобное)
унцукульцы	1	унциальный	мисрихвалчен:senses[0].examples[0].ru:Египетские сабли с золотыми узорами Наточили унцукульцы на точильных камнях
унцукульскими	1	гуцульскими	мушдукӏ:senses[0].examples[0].ru:муншдштук, изготовленный унцукульскими мастерами
унцукульская	1	гуцульская	хъалиян:senses[2].examples[0].ru:унцукульская трубка
унтверсал	1	универсал	универсал:senses[0].text:унтверсал
ункъг	1	чугунка	ункъгӏаллъи:senses[0].text:от ункъгӏал
уничижиться	1	уничтожиться, уничтожится, унижаться, унизиться	хӏакъирлъизе:senses[0].text:быть, стать презренным, подлым, ничтожным; уничижиться перед кем-либо
униние	1	уныние, унижение	тӏатӏала:senses[0].examples[8].ru:сильно ослабиться, пасть в униние, падать духом
уммы	1	умы, суммы, гуммы, умны, уймы, Эммы, ум мы	шайхулислам:senses[0].comment:глава исламской уммы какого-либо региона, главный толкователь религиозного закона
уменьшитсья	1	уменьшиться, уменьшится, уменьшить	мигьлъизе:senses[0].text:уменьшаться, уменьшитсья; убавляться, убавиться; всхлипывать; поплакнуть
улыцы	1	улицы	къотӏноб:senses[0].examples[6].ru:с улыцы был слишен какой-то голос
улкаялда	1	караулка	эмигрант:senses[0].comment:чияр улкаялда яшав гьабун вугев чи
уливительное	1	удивительное, уличительное, увеличительное, живительное, увеселительное, хулительное	хӏикмат:senses[0].text:нечто уливительное, диво, чудо
улал	1	услал, улан, улар, слал, упал, укал, клал, удал, ужал, ухал, улучал	ахӏдезе:senses[0].examples[1].comment:'кӏулал' замок
улакьо	1	кулак	гьава#1:senses[0].examples[12].comment:'цӏулакьо' орех
укушивание	1	ушивание, укупоривание, увешивание, укачивание	хӏанчӏи:senses[1].text:укушивание
укутить	1	кутить, укрутить, укутать, укатить, укусить, у кутить, крутить	тӏупизе:senses[1].text:укутывать, укутить
укореняйся	1	укоренятся, укоренялся, укоренявшийся, укореняющийся, укореняться, укореняя	бижизе:senses[4].examples[1].ru:укореняйся там, где родился
узнёшь	1	узнаёшь, уснёшь, умнёшь, зачнёшь	дару:senses[0].examples[11].ru:человека узнаёшь по его слову, врача узнёшь по лекарству
узкодлинный	1	узко длинный, узколичный	чӏоломахӏаб:senses[0].text:шнурообразный; узкодлинный
уздень	1	уз день, раздень	узден:senses[0].text:уздень, независимый от феодала крестьянин, свободный крестьянин
узденство	1	духовенство	узденлъи:senses[0].text:узденство
узденства	1	духовенства	узденлъи:senses[0].examples[0].ru:я не променяю своего узденства на его ханство
уздене	1	узде не, узде	лагъ:senses[0].examples[1].comment:об уздене
уженщин	1	женщин, у женщин, ужение	бер#1:senses[0].text:глаз, око; чего-либо; свет очей; свет очей; умереть; сна кого-что-либо(древниеаварцы верили тому, что дёргание век правого глаза у мужчин, левого — уженщин ко злу, а если наоборот, то к добру)на ком-либо бранное слово, выражение в переносном значении ласкательная (форма) чьих-либо ласкательная (форма) пословица поговорка поговорка загадкацӏаддождьбранное слово, выражение в переносном значении бранное слово, выражение поговорка бранное слово, выражение буквально в переносном значении(отгнева)в переносном значении
удрались	1	удались, дрались, убрались, у дрались, удручались, удалились, удручились, удалялись	си:senses[0].examples[5].ru:разбойники удрались в башню
удосужили	1	дослужили, удостоили, удорожили, сослужили	жойиде:senses[0].examples[2].ru:они не считались со мной; они не удосужили меня вниманием
удосуживающий	1	удосуживающийся, сосудосуживающий, дослуживающий, удостаивающий	къваригӏелгьечӏеб:senses[0].text:неприятный, неприличный; удосуживающий упрёка
удмуртал	1	удмурта, удмуртам, удмуртах, удмурт, талмуд	финно-угорал:senses[0].comment:финнал, венграл, эстониял, удмуртал ва гь. ц.
удивлённость	1	оживлённость, искривлённость, удалённость, удлинённость	тамашалъи:senses[1].text:удивление, изумление; удивлённость, изумлённость
удешевиться	1	удешевить, удешевляться, одушевиться, удивиться	учузлъизе:senses[0].text:удешевляться, удешевиться, (по)дешеветь, падать в цене, обесцениваться
удасться	1	удастся, удаться, удаляться, ударяться, удаваться, удариться	битӏ#2:senses[0].examples[5].ru:удасться, повезти
угъраш	1	угорать	угърашлъи:senses[0].text:от угъраш
угоры	1	горы, угори, угоны, упоры, укоры, угорь, уморы, узоры, уборы, угорю, Егоры, у горы, уговоры	финно-угорал:senses[0].text:финно-угоры
угольях	1	угорьях, угодьях, уголь	ракъдада:senses[0].examples[2].ru:сам не свой; как на горячих угольях; словно рыба, выброшенная на сушу
уголья	1	уголь, голья, угорья, угодья, у голья, уголь я	гъадаро:senses[0].examples[3].comment:'гъанситоялъуб терет' уголья в камине
угнетеие	1	угнетение, гниете	зулмучилъи:senses[0].text:притеснеие, насилие, угнетеие, гнет; тирания, эксплуатация, деспотизм
угнетательство	1	надругательство, ругательство, угнетатель, надувательство	залимлъи:senses[0].text:жестокость, тиранство; угнетательство
угнетательский	1	угнетатель, читательский, старательский, искательский	залимаб:senses[0].text:жестокий, тиранический; угнетательский
угнетательнница	1	угнетательница, угнетательниц, метательница, ругательница	зулмучӏужу:senses[0].text:притеснительница, угнетательнница, эксплуататорша.
углеродги	1	углерод	углевод:senses[0].comment:углеродги, кислородги, водородги жубараб вещество
угаваривала	1	уговаривала, уваривала, наваривала, заваривала, говаривала	гъигъидизе:senses[0].examples[1].ru:мать угаваривала сына ходить неделю за овцами
увыльнуться	1	ухмыльнуться, кувырнуться, увольняться, высунуться	хьвазе:senses[0].examples[2].ru:увыльнуться в сторону
уволнять	1	увольнять, восполнять	бахъизе:senses[15].text:уволнять, уволить, снимать, снять, освобождать, освободить
увлечся	1	увлечься, увлекся, увлечения	хабар:senses[1].examples[12].ru:заговорится, увлечся беседой, тянуть волынку; удлинить разговор
увиденом	1	увиденном, виденном, уведенном, дивидендном	аби:senses[0].examples[0].ru:есть поговорка: осла в лес берут не для того, чтобы он рассказывал о всём увиденом
увещать	1	вещать, умещать, у вещать, увещевать, верещать	кӏинкӏизе:senses[1].text:обуздывать обуздать; укрощать, укротить; увещевать, увещать кого-либо
увещаниям	1	увещания, увещанием, увещеваниям, завещаниям, увещание, совещаниям	хъитӏизе:senses[1].examples[0].ru:не поддастся всяким увещаниям
увешать	1	вешать, утешать, свешать, у вешать, увешивать, ветшать	базе:senses[13].text:вешать, повесить; вывешивать, вывесить, навесить что-либо увешать что-либо чем-либо
уверовавшийся	1	уверовавший, увертывавшийся, нумеровавшийся, вербовавшийся	муъминчи:senses[0].text:верующий, уверовавшийся
уверовавши	1	уверовавшие, уверовавший, уверовавшим, уверовавших, веровавший	рухӏ:senses[3].examples[6].comment:букв. уверовавши в Аллаха
уверовавшаяся	1	увертывавшаяся, нумеровавшаяся, вербовавшаяся, шнуровавшаяся	муъминчӏужу:senses[0].text:верующая, уверовавшаяся
увеличать	1	увеличат, величать, увеличить, у величать, увеличивать, увеличитель, увеличь, уличать	гаргар:senses[1].examples[1].ru:говорят, что нам пенсию увеличать
уважить	1	увлажить, уважать, уварить, увлажнить	хӏурмат:senses[0].examples[0].ru:уважать, уважить, почитать, (по)чтить
убыстриться	1	убыстряться, убыстрить, убыстрять, струиться	хехлъизе:senses[0].text:убыстряться, убыстриться; ускоряться, ускориться; учащаться, участиться; становиться более быстрым, прибавлять в скорости
убъёт	1	убьёт, убредёт	рукӏниб:senses[0].examples[0].ru:рыча в логове, лев не убъёт дычь, находящуюся на горе
уазик	1	тазик, разик, газик	уазик:senses[0].text:уазик
тёты	1	тёрты, тёти, таты, тёте, тёть, тётя, тётю	гьекӏдизе:senses[0].examples[1].ru:примета икает — значит своровал соль у тёты
тёпловатым	1	тепловатым, плоховатым, сипловатым, пошловатым, подловатым	бахьизабизе:senses[0].text:подогревать, подогреть что-либо; делать тёпловатым; делать умеренно тёплым
тёмнокоричневый	1	тёмно коричневый, коричневатый	сурмияб:senses[0].text:коричневый, тёмнокоричневый; коричневого, тёмнокоричневого цвета
тёмноватый	1	темноватый, бромноватый, мутноватый	бецӏккараб:senses[0].text:тёмноватый, мрачноватый
тёмлый	1	тёмный, тёплый	додинабго:senses[0].examples[1].ru:вчера был тёмлый день, такой же день и сегодня
тям	1	мят, ям, тлям, ятям, туям, там, том, тем, сям, тяп, тяж	-ги:senses[0].examples[0].ru:и здесь и там, и тям и сям
тяжёлейший	1	тяжелейший, тяжёленький	анкьбекараб:senses[0].text:тяжёлейший, очень трудный
тяжолое	1	тяжелое, тяжёлое, тяжело	юргъан:senses[0].examples[0].ru:тяжолое стеганое одеяло
тюрмы	1	трюмы, тюрьмы, термы	бахъизе:senses[2].examples[3].ru:освободить (вытащить) из тюрмы
тюрму	1	трюму, тюрьму, терму, тюрку	тӏамизе:senses[2].examples[1].ru:заключить [в тюрму]
тюлью	1	тюль, тюлю, талью, тулью, тю лью, тюленью	бигъине#1:senses[0].examples[1].ru:завесить окно тюлью
тысячецветный	1	тысячеверстный, тысячевёрстный, тысячетонный, четырехцветный	азаркьераб:senses[0].text:тысячецветный, тысячекрасочный, пёстрый
тысячелетный	1	тысячелетний, тысячелетней, тысяче летный, тысячелетий, тысячеверстный, тысячетонный, тысячелетие	азарго:senses[0].examples[2].ru:тысячелетный
тысячекрасочный	1	тысяче красочный, тысячекратный, трехкрасочный, тысячегранный	азаркьераб:senses[0].text:тысячецветный, тысячекрасочный, пёстрый
тыквянка	1	тыквина	гунзари:senses[0].text:горлянка, тыквянка
тушинка	1	тушина, тушенка, пушинка, ту шинка, туш инка, тушин ка, тушёнка, тушин	тушай:senses[0].text:тушинка
тушинец	1	тушине, тувинец, тушин	тушав:senses[0].text:тушинец
тучевой	1	туевой, лучевой, кучевой, тушевой, туче вой, тулиевой	накӏкӏул:senses[1].text:тучевой, облачный
тухуме	1	тух уме, тугодуме	кьибил#3:senses[0].examples[3].ru:распри в тухуме
тута	1	тату, тут, трута, туфта, тата, аута, нута, тура, рута, тупа, тука, туда, туша, шута, туза	тут:senses[0].text:тута, тутовник (плод); смоковница
тупан	1	путан, тупа, турпан, тукан, тупая, туман, жупан, ту пан, туп ан	тӏупуннакӏкӏ:senses[0].text:густой тупан
тунелле	1	туннеле, летуне, нелетуче, нелетуч	туннель:senses[0].examples[2].ru:в тунелле темно
тугодумство	1	вольнодумство	оцмахӏлъи:senses[1].text:тупость, тугодумство
тувинка	1	тувинца, травинка	тувинай:senses[0].text:тувинка
тубдиспансера	1	туб диспансера, диспансера	тубдиспансер:senses[0].examples[0].ru:врач тубдиспансера
тубдиспансер	1	туб диспансер, диспансер	тубдиспансер:senses[0].text:тубдиспансер
трухнул	1	тухнул, рухнул, струхнул, трахнул, тряхнул, ухнул	гӏаси:senses[1].examples[0].ru:страшно испугался, трухнул
тропикияб	1	субтропики	папирус:senses[0].text:папирус (1. тропикияб хер
тридцатитысячный	1	тридцати тысячный, двадцатитысячный, двенадцатитысячный, двадцатипятитысячный, десятитысячный	лъеберазарабилеб:senses[0].text:тридцатитысячный
тресканию	1	трескаю	кьватӏ-кьватӏизабизе:senses[0].text:способствовать тресканию
трепасть	1	трепать, перепасть, растрепа, растреп	хъухъизе:senses[0].text:чесать, трепасть
тренькатьна	1	тренькать на, тренькать, треньканье, тенькать, нарекать	хъинтӏи-митӏир:senses[0].examples[0].ru:бренчать, тренькатьна струнных инструментах
тренканию	1	трепанию, трещанию, трению	хъинтӏи-митӏир:senses[0].text:подражание бренчанию, тренканию струн
трахтаньем	1	барахтаньем, барахтанье	кьар-кьвариялда:senses[0].text:грохоча; с трескотней; с трахтаньем
транспорталъул	1	транспортировал	парк#2:senses[1].text:транспорталъул состав чӏолеб ва къачӏалеб бакӏ
транспортал	1	транспорта, транс портал, транспорт, трансплантат	парк#2:senses[2].text:тӏолго транспортал
трамлин	1	трамплин	трамплин:senses[0].examples[0].ru:лижный трамлин
тощает	1	отощает, топает, истощает	къадарлъизе:senses[1].examples[0].ru:к весне скот тощает
тохтир	1	тиристор	окулист:senses[0].comment:беразул тохтир
торчить	1	торчит, точить, торчать, торчите, корчить, торчишь, горчить, оторочить	баккизе:senses[0].examples[8].ru:гвоздь торчить из доски
торфяный	1	торфяной, торфяные, торфяным, торфяных, торфянистый, торфяно, торный	гӏерулаб:senses[0].text:торфяный
торговатся	1	торговаться, торговался, торговать	даран:senses[0].examples[6].ru:(с)торговатся
торгашка	1	торгаша, торгаш ка, торгаш, каторга, каторг	даранчӏужу:senses[0].text:перекупщица; торговка, коммерсантша; спекулянтша; торгашка
топорщенные	1	топор щенные, встопорщенные, встопорщенный, застопоренные, поторопленные	хич-хичизе:senses[0].examples[0].ru:топорщенные усы
тончать	1	торчать, кончать, истончать	тӏеренлъизабизе:senses[0].text:(с)делать тонким или тоньше; (у)тончать, утончить что-либо; истончать
тонкослойность	1	косослойность, тонкослойный, многослойность, кислотостойкость	хъаликълъи:senses[0].text:тонкокожесть, тонкослойность
тонкослойно	1	тонкослойное, тонкослойной, тонкослойном, тонкослойною, тонкослойный, косослойность	хъаликъ:senses[0].text:тонкослойно
тонкокожесть	1	толстокожесть, жестокость, тонкость, жесткость	хъаликълъи:senses[0].text:тонкокожесть, тонкослойность
тонины	1	тонны, конины, тоны	тӏеренлъи:senses[2].examples[0].ru:верёвка одинаковой тонины
тонина	1	тонна, танина, тоника, конина, тони на, котонина, сантонина, тона	тӏеренлъи:senses[2].text:тонкость, тонина
толстим	1	толстом, толстым, толст им, толстущим, толстошеим, толст	бицалъизабизе:senses[0].text:утолщать, утолстить; (с)делать что-либо толстим или толще; уплотнять, уплотнить, (с)делать что-либо плотным или плотнее
толокнянный	1	толокняный, толоконный, околоточный	тӏохол:senses[1].text:толокнянный, толоконный
толокнянная	1	толокняная, толокнянка, толоконная, толокняный, натолокшая	тӏохокарщ:senses[0].text:толокнянная каша
толокноед	1	толокно ед, толокно	богӏорцо:senses[1].examples[2].comment:букв.; толокноед
толмуд	1	талмуд	талмуд:senses[0].text:толмуд
тождествено	1	тождествен, тождественно, тождестве но, тождествен о, отождествлено, тожественно, тождество, отождествлёно	релълъун:senses[1].text:похоже, подобно, сходно; одинаково, однообразно; тождествено, тожественно
тмущая	1	тьмущая, имущая, трущая, смущая, ткущая, жмущая, мутящая	мухӏур-хӏат:senses[0].text:множество, тьма тмущая, пропасть кого-либо
тканье	1	ткань, тиканье, тыканье, тюканье, каньте, иканье, аканье, тканое, оканье, еканье, тканые, яканье, тканью, атуканье, карканье	речине:senses[1].text:начинать, начать тканье чего-либо
тилмач	1	толмач	тилмачлъи:senses[0].text:от тилмач
тесьми	1	тесьма, тесьме, тесьмы, тесьму	хинкӏбахъ:senses[2].text:вид завязки тесьми
терехи	1	тетехи, тереби, жерехи, хитер	тӏирихал:senses[0].text:терехи
терет	1	трете, терт, трет, тереть, теряет, терцет, тенет, терем, дерет, тешет, берет, течет, тетерев, перетер, бретер	гъадаро:senses[0].examples[3].comment:'гъанситоялъуб терет' уголья в камине
теперешный	1	теперешний, теперешней, препотешный, перерешенный, перерешённый, перетерянный	гьанжесеб:senses[0].text:теперешный, нынешний; современный
теоретичекий	1	теоретический, теократический, метеорический, еретический	теоретикияб:senses[0].text:теоретичекий
темями	1	темами, тенями, тетями, темя ми, темя, теми	тӏоноцӏ:senses[0].examples[2].ru:поверье тот, кто родился с двумя темями — дважды поженится
темнозелёного	1	темно зелёного, вечнозелёного, многоземельного, темноглазого, глиноземного	мацари:senses[0].text:название темнозелёного растения низкого роста
теменный	1	метенный, теменной, теменные, ременный, теменным, теменных, утемненный, неметеный, отменный, кетменный	тӏоноцӏил:senses[1].text:теменный
телёнкоподобный	1	белковоподобный, скелетоподобный	бечемахӏаб:senses[0].text:глуповатый, наивный, беспомощный, мягкотелый; телёнкоподобный
телячем	1	телячьем, телячий	бачавехь:senses[0].examples[0].ru:сказка о телячем пастухе
телячего	1	телячьего, телячий	бачавехьлъи:senses[0].text:работа, занятие телячего пастуха
телятница	1	телятника, деятельница	бече:senses[0].examples[5].ru:телятница
телосожения	1	телосложения, телосложение, телодвижения, стопосложения, стихосложения	базалияб:senses[0].examples[1].ru:юноша крупного телосожения
телнятнике	1	телятнике, телятник, тельнике	бачибокь:senses[0].examples[0].ru:в телнятнике забыли выключить свет
телефогорамма	1	телефонограмма, телефонограмм, телепрограмма, фототелеграмма	телефонограмма:senses[0].text:телефогорамма
телемехаником	1	телемеханикой, телемеханикою, теле механиком, телемеханическом, телемеханика, электромехаником, автомехаником	телемеханик:senses[0].examples[0].ru:работать телемехаником
телемеханик	1	телемеханики, телемеханика, телемеханике, телемеханику, теле механик, электромеханик	телемеханик:senses[0].text:телемеханик
текстил	1	текстиле, текстиль, текстиля, текстилю, текст ил, текст	ххам-кӏач:senses[0].text:ткани, текстил, мануфактура
тезировать	1	синтезировать, тезаврировать, анестезировать, тестировать	тезис:senses[0].examples[2].ru:тезировать
твёрдолобый	1	твердолобый, твердолобость	лабчмахӏав:senses[0].examples[0].ru:он человек твёрдолобый
твёрдокаменный	1	твердокаменный, твёрдо каменный, твердокаменность	гамачӏ:senses[0].examples[18].ru:твёрдый как камень, твёрдокаменный
татка	1	такта, тата, тетка, танка, ватка, латка, тапка, катка, матка, шатка, тачка, жатка, хатка, тат ка, устатка	татай:senses[0].text:татка
таскав	1	таскан, таскай, таскал, таская, таскаю, натаскав, затаскав, оттаскав, потаскав	мугъ:senses[0].examples[12].ru:таскав на спине землю, создал он пахотный участок
таркалам	1	татаркам, каламитам, тараторкам, тарелкам	мичил:senses[0].examples[0].ru:подвязывать побеги винограда к таркалам
таркал	1	таскал, каркал, тыркал, шаркал, гаркал, харкал, татарка	дагъан:senses[0].text:таркал, кол, опора
тарикат	1	карикатур, татарник, татарка, викариат	тӏарикъат:senses[0].text:тарикат
тарбиячи	1	барбитал	тарбиячилъи:senses[0].text:от тарбиячи
тамошный	1	шамотный, тамошний, тамошней, намотанный	доба:senses[0].examples[2].ru:находящийся там, тамошный
тамахаб	1	замахать	софа:senses[0].comment:тамахаб диван
тама	1	мата, там, тайма, тамга, тома, тема, тата, тара, рама, сама, тала, лама, тьма, мама, дама	тӏама:senses[0].text:тама (игра вроде домино); домино
талышка	1	латышка, малышка	талышай:senses[0].text:талышка
тажжал	1	зажужжал	магьди:senses[0].comment:по мусульманским верованиям, ближе к концу света на земле появится антихрист — тажжал, а против него выступит мессия — мехди, который укажет правоверным мусульманам праведный путь
таган	1	ятаган, наган, таран, тагал, талан, таганок	махх#1:senses[3].text:таган, таганок, треножник
табиб	1	бита	тӏабиб:senses[0].text:лекарь, табиб
табасаранка	1	табасаранский, тарантаса	табасаранай:senses[0].text:табасаранка
табасаранец	1	табасаранский	табасаранав:senses[0].text:табасаранец
сязи	1	язи, связи, вязи, бязи, с язи	къварилъи#2:senses[6].examples[0].comment:в сязи с кончиной близкого человека
сьешь	1	сеешь, вьешь, льешь, пьешь, суешь, шьешь, бьешь, съешь	занкъу:senses[0].examples[0].ru:сьешь яд
сьели	1	сели, стели, свели, спели, смели, съели	чӏимичӏ:senses[1].examples[1].ru:до последнего куска сьели мясо ягнёнка
сьедобной	1	съедобной, несдобной, сдобной	цӏцӏелмегеж:senses[0].comment:название сьедобной травы
сычужина	1	сыч ужина, сычужный	бурукь#1:senses[0].text:сычужина, сычужная закваска
сыте	1	сеты, сыт, сытое, сытен, сытые, сбыте, сыти, сите, сыта, сыто, соте, сете, сыне, сыре, сыты	цагъур:senses[0].examples[6].ru:хоть в ларе закончится, пусть в сыте не закончится
сыродел	1	сыр одел, сыро дел, сыроделие	хӏанихъан:senses[0].text:сыродел
сыпе	1	сыпет, сыпей, сыпи, сапе, сыне, сыре, сыпь, супе, сыче	пулхине:senses[1].text:появиться — о сыпе, высыпать
сыпает	1	сыпет, осыпает, сыпанет, всыпает, ссыпает, усыпает, сыплет, высыпает, насыпает, засыпает, отсыпает	щвазе:senses[0].examples[0].ru:девочка сыпает курям зерно
сыновная	1	выносная, сановная, сыновняя, основная, совиновная	васасулаб:senses[0].examples[1].ru:сыновная любовь
сылать	1	слать, ссылать, усылать, стлать, сыпать, пылать, высылать, насылать, засылать, отсылать	къотӏизе:senses[7].text:(вы)гонять; (вы)сылать
сыгуг	1	сугуб	махьа:senses[0].examples[0].ru:сыгуг просушился
сывой	1	свой, сивой, совой, сытой, сырой, Тывой, сырцовой	хъахӏаб:senses[0].examples[10].ru:белый, сивый конь; конь белой, сывой масти
счем	1	сем, чем, сечем, сеем, счет, стем, счес, счел, суем, схем, съем, с чем, сч ем	бацӏцӏалъизе:senses[1].text:очиститься; лишиться чего-либо, оставаться ни; освобождаться, избавляться чего-либо; счем отбуквально
счатливца	1	счастливца, счастливица, счастливцев, счастливиц, счастлива	бихьинхӏама:senses[0].examples[0].ru:у счатливца и осёл рожает
счастлывая	1	счастливая	лахӏзат:senses[1].examples[1].ru:счастлывая пора
сушёнными	1	сушёными, сушенными, сулёнными, искушёнными, внушёнными, опушёнными, надушёнными	гъурва:senses[0].text:смесь кислой патоки с сушёнными сливами и айвой
сухопродукты	1	сухо продукты, субпродукты, мясопродукты	пихъ:senses[0].examples[0].ru:сухопродукты
суфий	1	сучий, сущий, суфийский	суфи:senses[0].text:суфий
суставный	1	уставный, суставной, суставные, суставным, суставных, с уставный, суставчатый, двусоставный, заставный, уставленный	щокӏол:senses[1].text:суставный
суратал	1	сура тал, тастатура	проекция:senses[1].text:экраналда суратал, киноялъул кадраби рихьизари
сунны	1	сонны, сенны, гунны, сосуны	авараг:senses[0].examples[4].ru:сунны пророка [Мухаммеда]
сунна	1	сенна, сукна, судна, гунна, сосуна	суннат:senses[0].text:сунна
сундус	1	сундук, сундучок	сундус:senses[0].text:сундус
сумятиции	1	сумятица, сумятицей	къиямасеб:senses[0].text:для выражения высшей степени смятения, переполоха, сумятиции и тому подобное настигшая человека
сумотряс	1	смотрясь	къвачӏакӏутӏ:senses[0].text:поскребыш, последний ребёнок в семье; сумотряс
сумеющий	1	смеющий, умеющий, с умеющий, умнеющий, имеющий, сующий	манзилхалатав:senses[0].text:терпеливый, сумеющий сдержаться
сумеречний	1	сумеречной, сумеречный, сумеречность	бакъани-маркӏачӏул:senses[0].text:сумеречний
сумашествия	1	сумасшествия, сума шествия, сумасшествие, нашествия	бетӏер:senses[0].examples[26].ru:говорить без умолку; морочить голову, довести до сумашествия
сумаха	1	су маха, сума ха, суматоха, сума, сумма	сумахъ:senses[0].examples[3].ru:длина сумаха
сумасшедий	1	сумасшедший, сумасшествий	тӏури#1:senses[2].examples[4].ru:сумасшедий; оголтелый
сукун	1	сукну, суку, сукин, сундук	сукун:senses[0].text:сукун
сужить	1	сжить, служить, сужать, тужить, сулить, судить, сушить, сузить, сучить, су жить, суживать, ужиться	чӏедерлъизабизе:senses[0].text:суживать, сужить; обуживать, обузить
судебник	1	судеб ник, судебный	ахӏкамал:senses[0].examples[2].ru:судебник
субботный	1	субботний, субботней, субботник	щамат:senses[0].examples[2].ru:субботный базар
ступеньчатый	1	ступенчатый, уступчатый	болъахараб:senses[0].text:ступеньчатый
ступеньчатая	1	ступенчатая, ступенчатость, уступчатая	болъахараб:senses[0].examples[0].ru:ступеньчатая дорога
студийцы	1	студийный	студия:senses[0].examples[4].ru:студийцы
стрясаться	1	сотрясаться, утрясаться, вытрясаться, потрясаться, стряхиваться, строгаться	багъаризе:senses[3].text:(по)шевелиться, (по)шевельнуться; трястись, стрясаться, колебаться, качаться, шататься, шелохнуться
стружков	1	стружкой, стручков, стружкою, стружколом	чӏучӏине:senses[1].text:шелушить, лущить, рушить; очищать от стружков, от стеблей
стрижущий	1	стригущий	мугькъунцӏ:senses[0].text:скряга; жадина, жадюга; стрижущий зёрнышко пополам
стреножения	1	остережения, пострижения, обострения, расстрижения	хӏатӏихьин:senses[0].comment:верёвка для стреножения коней
страдаться	1	исстрадаться, настрадаться, страдать, страиваться	захӏмалъи:senses[2].examples[0].ru:страдаться
страгиваться	1	страиваться, затрагиваться, притрагиваться, дотрагиваться, стравливаться	багъаризе:senses[1].text:двигаться, двинуться; страгиваться, трогаться, тронуться; отправляться, отправиться
страгивать	1	страивать, затрагивать, стравливать, потрагивать, состругивать	багъаризабизе:senses[2].text:сдвигать, сдвинуть, страгивать что-либо
стонай	1	стона, стенай, стонал, стонам, стонаю, стонах, стон ай, настой	угьдизе:senses[0].examples[1].ru:не стонай, брат!
стоговать	1	сторговать, стогов ать, торговать, стартовать, аттестовать, оговаривать	хьутӏ:senses[0].examples[0].ru:стоговать солому
стички	1	считки, стачки, сточки, стирки, спички, птички, стычки, стишки, частички, старички, чистики	зани:senses[1].examples[1].comment:букв. из-за чего бывали частые стички между соседями по пахотным и сенокосным участкам
стернь	1	стерни, стерне, стерня, стерню, стержень, перстень	кьох:senses[0].text:стернь, стерня
стеньке	1	стенке, стельке, стеньге, стерженьке, ступеньке, тетеньке, тятеньке	щекъер:senses[0].examples[2].ru:схватить за горло и припереть к стеньке
стелять	1	стрелять, стелить, стел ять, остеклять	арбабаш:senses[0].examples[0].ru:кошму стелять для намаза
стеллу	1	Стеллу, стелу, стеклу, стеллиту, стел	чӏвазе:senses[6].examples[1].ru:установить надмогильный камень, поставить надгробную стеллу
стебла	1	стела, стебли, стебле, стерла, стекла, стебля, стеблю, бластема	кьвагьеро:senses[0].comment:полая трубочка из стебла шиповника или ореховой ветки
стационаные	1	стационарные, стагнационные, станционные, стационарный, стационаре	стационарияб:senses[0].examples[2].ru:стационаные больные
статечный	1	статичный, статочный, статейный, стачечный, стелечный, натечный, таратаечный, статарный	стачкаялъул:senses[1].text:статечный
становться	1	становиться, становится, постановляться, становить, основаться	кваркьи:senses[0].examples[7].ru:обретать крылья, окрыляться, становться крылатым
становитья	1	становить, становиться, становится, становить я, сановитость	къвакӏизе:senses[3].text:становитья, стать крепким, стойким, решительным
станешься	1	останешься, стянешься, стараешься, станется	михир:senses[0].examples[5].comment:т. е. да станешься ты буйным от психической болезни
ссунт	1	сунут	хъерело:senses[0].examples[0].comment:'ссунтӏ' нюхательный табак
ссоряться	1	ссорятся, ссориться, засоряться, ускоряться, отворяться, укоряться	гъерлъезе:senses[0].examples[2].ru:они бес конца ссоряться
ссортесь	1	ссоритесь, ссорьтесь, сочтетесь	къацандизе:senses[1].examples[0].ru:не ссортесь между собой
ссорись	1	ссорить, ссорясь, ссоришь, ссорюсь, сорвись	кӏалалъбакӏ:senses[0].examples[0].ru:не ссорись с женой; не дразни супругу; не испорти отношение с очагом
ссадиться	1	садиться, всадиться, с садиться, ссадить, сгладиться, гладиться, уладиться	гаржине:senses[0].text:ссадиться, образоваться — о ссадине; содраться — о коже
средный	1	средний, сродный, средней, вредный, срединный, скаредный, усредненный	гьоркьохъеб:senses[1].text:посредственный; умеренный, средный; терпимый
срастилась	1	срастались, растилась, срасталась, с растилась, срастил ась, расстилалась, растиралась, ластилась, срастись	гъура-чункизе:senses[0].examples[0].ru:раздробленная нога целый год не срастилась
срамный	1	рамный, срамной, срамные, срамным, срамных, храмный, с рамный	ничаб:senses[0].text:постыдный, непристойный, срамный; позорный
спятались	1	спрятались, спутались, сплетались, списались, спалились	къамиш:senses[0].examples[3].ru:партизаны спятались в зарослях камыша
спреди	1	среди, спереди, упреди, предисл	босизе:senses[0].examples[8].ru:берут и положат, трижды затягивают, позади него вешают и спреди вешают
справдливое	1	справедливое, справедливость, справедлив, правдивое	ритӏухъаб:senses[2].examples[2].ru:вынести справдливое решение
спосопствовать	1	способствовать, споспешествовать, посочувствовать, посодействовать, господствовать	хӏабухӏинабизе:senses[0].text:спосопствовать прению
способстовать	1	способствовать, посоветовать, простоватость, способность, располосовать	хисизабизе:senses[1].text:способстовать обмену, мене; заменять, заменить
спорыш	1	споры, спорые, спорый, спорым, спорых	хъазихер:senses[0].text:горец птичий, спорыш
сполыхнул	1	полыхнул, с полыхнул, сполоснул, спорхнул	гваргъизе:senses[1].examples[0].ru:керосин сполыхнул огонь
спозааранку	1	спозаранку, спартанку	цудунго:senses[0].examples[0].ru:рано утром, спозааранку
сподличать	1	подличать, с подличать, подливать	хъублъизе:senses[1].text:совершать, совершить подлость; сподличать
споговорка	1	поговорка, с поговорка, скороговорка, оговорка, говорка	басандизе:senses[1].text:танцевать споговорка
сплёвываться	1	оплёвываться, расплёвываться, выплёвываться, сплёвывать, отплёвываться	чӏенкьезе:senses[0].text:плеваться, сплёвываться сквозь зубы
сплетнчать	1	сплетничать, сплетать	гъибат:senses[0].examples[1].ru:сплетнчать — для мусульманина грех большой
спить	1	спит, пить, испить, споить, спать, опить, спите, спеть, свить, слить, спять, спишь, сшить, сбить, сжить	басандизе:senses[0].examples[3].ru:мама спить, а я не буду играться с куклой
спешавший	1	спешивший, свешавший, спекавший, смешавший, поспешавший, спешивавшийся, спеленавший, перевешавший	гӏедегӏизе:senses[0].examples[2].ru:спешавший ручей не достигает моря
спесивец	1	спесивиц, спесив	гӏамалкӏодо:senses[0].text:гордец и гордячка; спесивец
спекулянтша	1	спекулянта, спекулянтка, спекулянт ша, спекулянт	даранчӏужу:senses[0].text:перекупщица; торговка, коммерсантша; спекулянтша; торгашка
спасиба	1	спасибо, спаси	баркала:senses[1].examples[5].ru:ни спасиба от людей, ни воздаяния от Аллаха
спариться	1	париться, испариться, спориться, стариться, свариться, спалиться, упариться, сжариться, с париться, спариваться, привариться, испарится, испаряться	данделъизе:senses[3].text:спариваться, спариться; случаться, случиться; совокупляться, совокупиться
спарить	1	парить, испарить, спорить, старить, сварить, спалить, упарить, шпарить, сжарить, с парить, спаривать, испарять, парусить	данделъизабизе:senses[2].text:спаривать, спарить; случать, случить
спараведливости	1	справедливости, справедливость, привередливости, посправедливее	инсап:senses[0].examples[1].ru:отсутствие спараведливости, несправедливость
соцерцании	1	созерцании, созерцание	бахӏарлъизе:senses[0].examples[0].ru:при соцерцании девиц-красавиц молодею я
сотот	1	сотое, сотов, сотой, соток, сотом, сотою, сот, со тот, сот от	батӏалъизе:senses[4].text:различаться, различиться чем-либо; сотот(из семьи).
сотный	1	сытной, сотый, сортный, скотный, ситный, сотней, сетный, сонный, нотный, сорный, ротный, потный, сытный, сошный, сочный	меседу:senses[0].examples[1].ru:Этих девушек сотный командир Маржанат, Красавиц знаменосица Байгинат
состолся	1	состоялся, состоятся, состоится, состояться, состязался	хвезе:senses[6].examples[6].ru:намаз не состолся
соскаблить	1	соскоблить, соскабливать, оскабливать, обскабливать, отскабливать	раса:senses[1].examples[0].ru:соскаблить корыто
сорокатысячный	1	сорока тысячный, сорокаваттный, сортопрокатный	кӏикъоазарабилеб:senses[0].text:сорокатысячный
сопртсменом	1	спортсменом, спортсменском	спортсмен:senses[0].examples[1].ru:стать сопртсменом
сопливец	1	сопливиц, соплив	хунчӏрук:senses[0].text:сопляк, сопливец
сопенье	1	сопение, соленье, со пенье, пенье	хурхуди:senses[1].text:сопенье
сонуля	1	сынуля, со нуля	макьихӏама:senses[0].text:соня, сонуля; сонная тетеря
сомокрутки	1	самокрутки, самокрутка	буцӏ:senses[0].examples[1].comment:для сомокрутки
соленедостаточность	1	недостаточность, самодостаточность, несосредоточенность, сосредоточенность	цӏамукълъи:senses[1].text:соленедостаточность, дефицит соли
содельник	1	сочельник, рукодельник, сокольник	цадахъчи:senses[0].text:сообщник; содельник
согратлинские	1	литографские	ботӏиш:senses[0].examples[0].ru:согратлинские ботиши
совнарком	1	сов нарком, совнархозом, наркомовском, наркомом, марковском	совнарком:senses[0].text:совнарком
совместительствовать	1	совместительство, попустительствовать, сожительствовать, благотворительствовать	цого:senses[0].examples[3].ru:работать одновременно в двух местах, совместительствовать
совевсти	1	совести, совмести	нич-намус:senses[0].examples[1].ru:не имеющий ни стыда ни совевсти
совайте	1	созревайте	кӏалдиб:senses[1].examples[1].ru:не совайте палки в пасть собаки; не дразните дурных людей
собщить	1	сообщить, обобщить, обособить	лъазабизе:senses[2].examples[3].ru:собщить весть о себе
собщать	1	сообщать, собрать, обобщать, общаться, обсосать	гӏунтӏизабизе:senses[0].text:доводить, довести что-либо до кого-либо (до чьего-либо сведения); собщать, сообщить что-либо кому-либо
собутильники	1	собутыльники, собутыльник	гьекъел:senses[0].examples[0].ru:собутильники
собутильник	1	собутыльник, собутыльниц	гьалмагъ:senses[0].examples[5].ru:собутильник
сниспослал	1	ниспослал, с ниспослал, ниспосылал, ниспослание, ниспослать, ниспосланный	пуркъан:senses[0].examples[0].ru:Аллах сниспослал к народам сто четыре священных писаний
снеопределённое	1	неопределённое, с неопределённое, сне определённое, переопределённое, предопределённое, неопределённость, неопределённые	кӏочене:senses[0].text:забывать, забыть что-либо о чём-либо или; выпускать, выпустить из памяти; запамятовать что-либо; снеопределённое
сначада	1	сначала, сна чада	цин:senses[2].text:сначада, сперва
смыщлённым	1	смолённым, смышлёным, смолёным	цӏодорлъизе:senses[0].text:становиться, стать умным, сообразительным, благоразумным, понятливым, смыщлённым, смекалистым
смышлённость	1	смышлёность, смышленость, умышленность, осмысленность	цӏодорлъи:senses[1].text:ум, разум, рассудок; рассудительность, благоразумие, здравый смысл; сообразительность, понятливость, смышлённость, смекалка
смушку	1	сушку, мушку, смешку, слушку, с мушку, см ушку	тахта:senses[0].examples[1].ru:покупать смушку на папаху
смоютя	1	смоют, смоются, моются, смоют я, смотря	мунагь:senses[0].examples[12].ru:да смоютя его грехи!; да простятся его грехи!
смотрев	1	смотре, осмотрев, усмотрев, смотров, смотрен, смотрел, смотре в, смотр, отревев	гьереси:senses[0].examples[2].comment:букв. в глаза смотрев
смолотое	1	молотое, сколотое, с молотое, смолотите, смолистое, молотовое, молоточное	гӏатӏ-тӏех:senses[0].text:мучные продукты, рипасы; родукты питания; смолотое зерно; мука и толокно
смить	1	сметь, свить, слить, смыть, смять, сшить, сбить, сжить, смирить, смутить	рогьоб:senses[1].examples[2].ru:смить позор
смикать	1	смокать, смекать, сминать, сникать, смыкать, см икать, икать	бер#1:senses[0].examples[34].ru:смикать глаза
смеёться	1	смеётся, смеяться, смеёшься, сменяться, сметаться, сместиться, меться	белъанхъизе:senses[0].examples[3].ru:дурак смеёться и некстати
смещивать	1	смешивать, сморщивать, смеиваться, осмеивать, высмеивать	жубазабизе:senses[0].text:смещивать, смешать, перемешивать, перемешать что-либо с чем-либо
смаху	1	маху, смахну, смеху, сваху, смалу, смаку, смажу, с маху	батухъе:senses[1].text:смаху, с размаху; со всей силой
слюнах	1	слюна, слюнках, слонах, слюнях, слюдах, слюногонах	хӏацӏу:senses[0].examples[1].ru:сильно течь — о слюнах
сломаная	1	сломана, ломаная, сломанная, с ломаная, сломана я, ломанная, сломленная, слаломная, слопанная	далдализе:senses[0].examples[0].ru:сломаная ветка повисла на дереве
слойный	1	алойный, слоеный, сдойный, сбойный, сложный, послойный, однослойный, косослойный, слоёный	анкьгъат:senses[0].examples[0].ru:семислойный, имеющий семь слоёв || анкьгъатаб:senses[0].text:семислойный, имеющий семь слоёв || анлъгъатаб:senses[0].text:шестислойный
слоить	1	солить, слить, словить, сломить, сложить, стоить, споить, сбоить, слоиться, словчить	гъатахинабизе:senses[0].text:(с)делать слоистым, (от)слоить, расслоить; напластовывать, наслаивать; откладывать пластами, слоями; класть слои, пласты
словен	1	слове, слоен, условен, славен, словес, сложен	словенав:senses[0].text:словен
сллова	1	слова, слов	ракӏ:senses[1].examples[190].ru:слова, идущие из глубины души, чистосердечные слова; из сердца идущие сллова
слишны	1	слышны, слизаны	тӏвапи:senses[0].examples[0].ru:на крыльце были слишны его шаги
слишно	1	слитно, слышно	лъахьи:senses[0].examples[0].ru:было слишно шуршание робы военных
слишни	1	слизни, лишний	сас:senses[0].examples[6].ru:были слишни звуки девичьей песни
слишен	1	лишен, слышен, сличен, с лишен	къотӏноб:senses[0].examples[6].ru:с улыцы был слишен какой-то голос
слепцем	1	слепце, слепцам, слепцом, слепнем, слепящем	беццук:senses[0].examples[0].ru:слепой на оба глаза слепцем обозвал слепого на один глаз
слепнеподобный	1	слепне подобный, солнцеподобный, слоноподобный, корнеподобный, неправдоподобный	никӏкӏмахӏаб:senses[0].text:назойливый, навязчивый; слепнеподобный
слезиньки	1	слезинки, слезоньки, слезинка	бер#1:senses[0].examples[19].ru:ни в одном глазу не было слезиньки
слежинки	1	снежинки, слезинки, слежки, кислинки	хъат-хъатгӏанаб:senses[0].examples[0].ru:падают слежинки с ладонь
сладкокислый	1	сладко кислый, слабокислый	гьуинцӏекӏаб:senses[0].text:сладкокислый
сладкокислое	1	сладко кислое, слабокислое, сладкоголосое, сладкоежке, сладкоежка	гьуинцӏекӏаб:senses[0].examples[0].ru:сладкокислое яблоко
слабиться	1	славиться, расслабиться, осклабиться, слабить, обабиться	рачел:senses[0].examples[6].ru:слабиться в чём-либо
скручённым	1	скрученным, скруглённым, удручённым, кручёным, вручённым	кьур-кьуризе:senses[0].text:крутить что-либо; быть, стать скручённым
скручил	1	скрутил, скрючил, скручивал	кьуризабизе:senses[1].examples[0].ru:попросить, чтобы скручил нитки
скребать	1	сгребать, скреб ать, соскребать, отскребать, доскребать, выскребать	жунизе:senses[1].text:скребать
скочался	1	скончался, скомкался	къанщизе:senses[1].examples[0].ru:он скочался
скотиноподобный	1	скотоподобный, свиноподобный, скелетоподобный, слоноподобный	махӏа:senses[1].examples[2].ru:скотиноподобный
скоропостыжная	1	скоропостижная, высокоскоростная, скоростная	хвел:senses[0].examples[2].ru:скоропостыжная смерть
скорбить	1	скорбит, оскорбить, скорбите, скорбеть, скормить, скорбишь, сгорбить, скорчить, скор бить, скоробиться, скорбность, коробить, ускорить	къварилъизе:senses[1].text:(по)грустить, (о)печалиться, огорчаться, горевать, скорбить
скончатся	1	кончатся, скончается, скончаться, скончаются, окончатся, скорчатся, скончайся, скончался, с кончатся, кончаться, кончится	къанщизе:senses[1].text:умереть, скончатся; закрыть глаза навеки
скому	1	сому, кому, сякому, суком, скоту, скосу, сколу, слому, скопу, скошу, скобу, скощу, экому, с кому, скорому	бетӏер:senses[0].examples[38].ru:подчиниться русскому царю || битӏа-бишизе:senses[6].examples[0].comment:по мусульманскому обычаю лицом к Каабе || бихьинлъи:senses[0].text:принадлежность к мужсскому полу
скользиться	1	скользить, сколотиться, скоблиться, сколоться	хъещтӏезе:senses[1].text:скользиться
сковордка	1	сковородка, сковородочка, сковорода, сковород, скороговорка	маххугел:senses[0].text:сковорода, сковордка
склоннение	1	склонение, склоненные, наклонение, отклонение, склоненный	падеж:senses[0].examples[7].ru:склоннение по падежам
складывть	1	складывать, вкладывать, выкладывать	лъезе:senses[0].text:складывть, класть, (по)ложить, уложить, (по)ставить что-либо куда-либо; деть:
складивать	1	складывать, складировать, склеивать	къазе:senses[11].text:складивать, сложить что-либо
скитать	1	скатить, скатать, скисать, считать, скит ать, скитаться, стаскивать	дуниял:senses[0].examples[10].ru:скитать по свету
скипетровидный	1	днепропетровский	гьуърузул:senses[1].examples[1].ru:коровяк скипетровидный
скипером	1	спикером, скипетром, шкипером, скип ером, скипе ром, шкиперском, скрепером, перовскитом, скипом	спикер:senses[0].examples[1].ru:избрать скипером
сквоз	1	сквозь, сквозя, сквозит	нечезе:senses[0].examples[3].ru:сгореть от стыда, провалиться сквоз землю от стыда; от стыда умирать
скалечиться	1	калечиться, искалечиться, с калечиться, искалечится, искалечить, залечиться, скалиться	гӏажизлъизе:senses[1].text:(и)скалечиться; (из)увечиться; превращаться, превратиться в калеку
сиях	1	сия, сих, сисях, сияй, сиял, сикх, киях, сияя, сияю	расписание:senses[0].examples[3].comment:хъулухъазул сияхӏ
сияб	1	сия, сияй, сиял, сляб, сияя, сияю	папирус:senses[2].text:некӏсияб литературияб памятник || топография:senses[1].text:планалде ва картаялде босизелъул ракьул тӏасияб рахъ борциналъул гӏелму 2. бакӏалъул бугеб хӏалалъул план ва карта гьаби
сипь	1	сип, сипи, синь, сипл, сыпь, сипя	гахӏма:senses[0].examples[0].ru:сипь угля в горнило
сипучих	1	липучих, кипучих, сыпучих, шипучих, скрипучих	къали-сахӏ:senses[0].comment:сипучих тел
сипат	1	сипаи, сипит, сипае, сипай, сипая, сипят, сипаю, си пат, сип ат, сиповат	образ:senses[0].comment:художественнияб сипат
синым	1	иным, осиным, ситным, свиным, псиным, синим, синем, сирым, сивым, сизым, с иным, синеным, синёным, синусным, синённым	хъахӏил:senses[0].examples[4].ru:оставаться, остаться синым, голубым
синун	1	синен, синус	сен:senses[0].text:синун
сингармонический	1	ангармонический, энгармонический, субгармонический, дисгармонический	сингармонияб:senses[0].text:сингармонический
сингармонические	1	ангармонические, энгармонические, субгармонические, дисгармонические	сингармонияб:senses[0].examples[0].ru:сингармонические языки
силные	1	сильные, ситные, силосные	сас-хъуй:senses[0].text:силные звуки, шумные голоса
силно	1	сильно, сил но, силос	бортанхъизе:senses[1].text:силно ругать, накричать
сили	1	сил, сии, или, стили, свили, слили, сипли, спили, силки, сияли, сшили, сбили, сжили, сила, соли	амахвад:senses[0].comment:может иметь различные формы падежа; и числа, выражает восторг, удивление по поводу чьей-либо сили, мощи, величины,; бодрости, интеллекта и тому подобное,; буквально
сизоворонка	1	сизо воронка, сковородника	лъарагъеду:senses[0].text:сизоворонка
сиджджин	1	джинсы	сижин:senses[0].text:сиджджин
сидетельстве	1	свидетельстве, свидетельств, сиятельстве, издевательстве, носительстве	свидетельство:senses[0].examples[4].ru:дата, указанная в сидетельстве
сживи	1	сжив, живи, оживи, вживи, сжили, сживу, с живи, сжив и	бидулав:senses[0].examples[0].ru:Сыграю, сынок мой, я свадьбу тебе — Кровника отца сперва со света сживи
сеят	1	сея, сет, селят, сеять, сеет, сеян, снят, свят, сеял, спят, сект, смят, сеют	цӏоросоролъ:senses[0].examples[4].ru:сеят кукурузу
серебрянный	1	серебряный, серебренный, серебрённый, серебреный, серебрёный, сереброносный	меседил:senses[2].examples[1].ru:радость жизни моей, свет очей моих; золотая горошина, серебрянный грош
серебрянные	1	серебряные, серебренные, серебряный, серебрённые, серебреные, серебрянке	кьочӏокь:senses[0].examples[1].ru:бросить серебрянные монеты под фундамент
серебрянника	1	серебрянка, сребреника	къебелъи:senses[0].examples[0].ru:мастерская серебрянника
серебряника	1	серебрянка, сребреника	гӏарцул:senses[1].examples[13].ru:мастерская серебряника
серебряник	1	серебрянки, серебря ник, серебрянка, серебрение, сребреник	гӏарцул:senses[1].examples[12].ru:серебряник
серебреники	1	серебрении, сребреники, серебрение, серебрянки, сребреник	хъахӏаб:senses[0].examples[4].ru:серебреники; белые деньги
сенокосы	1	сенокос, сенокосцы, сенокоса, сенокосе, сенокосу, сено косы	хур-хер:senses[0].text:поля и сенокосы
сенный	1	сенны, сеянный, сменный, санный, сенной, сонный, сенные, сетный, серный, ленный, пенный, сеяный, сенным, генный, щенный	харил:senses[1].text:травяной; сенный
сенаталде	1	селенате	сенатор:senses[0].comment:сенаталде вищарав чи
семьдесять	1	семьдесят, семь десять, семьюдесятью, шестьдесят, пятьдесят	анцӏила:senses[0].examples[5].ru:семьдесять шесть
семых	1	схемы, самых, немых, серых, седых, семерых	анкьил#2:senses[0].examples[0].ru:седьмая часть, седьмая доля, одна семых
семисоттысячный	1	семисот тысячный, семитысячный, трехсоттысячный	анкьнусазарабилеб:senses[0].text:семисоттысячный
семилинейная	1	семи линейная, шестилинейная, полилинейная, билинейная, нелинейная	номер:senses[1].examples[0].ru:семилинейная лампа
семижды	1	семиты	анкьцӏул:senses[0].text:семь раз, семикратно; семью, семижды
селеноцентрическая	1	гелиоцентрическая, моноцентрическая, антропоцентрическая, геоцентрическая	орбита:senses[0].examples[0].ru:селеноцентрическая орбита, орбита вокруг Луны
секирка	1	секира, се кирка, секир ка, секир, кирка	къотӏаро:senses[0].text:резак, секирка
сезонник	1	сезонниц, сезон ник, сенник	сезон:senses[0].examples[5].ru:сезонник
седмых	1	седых, седьмых, седоусых	анкьабизе:senses[0].text:в-седмых
седлуподобный	1	седлу подобный, бесподобный, уподобленный	кьилигӏадаб:senses[0].text:седлообразный, седлуподобный
седельника	1	сед ельника, чересседельника, понедельника, еженедельника, насельника	кьолохъанлъи:senses[0].text:профессия седельного мастера, седельника, шорника
седельник	1	сед ельник, понедельник, еженедельник, насельник, висельник	кьолохъан:senses[0].text:седельный мастер, седельник, шорник
сегодгяшнего	1	сегодняшнего, сегодняшний	жакъа:senses[0].examples[7].ru:с сегодгяшнего дня
сдучиться	1	сучиться, случиться, скучиться, подучиться, доучиться, удручиться, домучиться	лъукъел:senses[0].examples[0].ru:сдучиться — о ранении
сдесь	1	свесь, спесь, смесь, здесь	хӏебтӏизе:senses[0].examples[0].ru:эта скотина не уживётся сдесь
сдеепричастие	1	деепричастие, с деепричастие, деепричастные, деепричастный, причастие	бачине:senses[9].text:сдеепричастие др. глагола выступает в роли вспомогательный глагол глагола с общим значениемучащательности действияза кем-либо
сгорблению	1	оскорблению	кӏкӏвелизабизе:senses[0].text:способствовать сгорблению
сгноют	1	сгною, сгноит, сгниют, сгноят	гьуэр:senses[0].examples[4].ru:да сгноют твои лёгкие
сглатывать	1	заглатывать, проглатывать, сглаживать, схватывать	хӏацӏу:senses[0].examples[2].ru:глотать, сглатывать слюны
святиньей	1	свиньей	рач:senses[0].examples[0].comment:по древнему поверью аварские кузнецы считали наковальню святиньей
святие	1	святите, святое, снятие, святит, святил, святые, святим, смятие, святившие, святящие	авлияал:senses[0].text:праведники; святие
свясло	1	святило	гулирохьен:senses[0].text:свясло
свояченница	1	свояченица, своячениц	вас:senses[1].examples[16].ru:свояченница; тёща сына
свободня	1	свободная, свободна, свободно, свободны, свобод, сводня	эркенаб:senses[0].examples[1].ru:свободня жизнь, привольное житьё
свиний	1	синий, свиной, свиней, свинский, свинячий, свиданий	болъонил:senses[1].text:свиний, свинский
свикнусь	1	свыкнусь, свихнусь, заикнусь	бакъараб:senses[1].examples[1].comment:т. е. свикнусь с голодом
светлосером	1	светло сером, светловолосом, светлобородом, светлокрылом, светлоголовом	канчӏцӏахӏил:senses[0].text:в светлосером цвете
светлокричневый	1	светлоокрашенный	канчӏсурмалъизе:senses[0].text:становиться, стать светлокоричневым; принимать, принять светлокричневый цвет
светлокоричневом	1	светло коричневом, светлоокрашенном	канчӏсурмаго:senses[0].text:в светлокоричневом цвете
светлокоричневого	1	светло коричневого, светлогорского	канчӏсурмияб:senses[0].examples[0].ru:материал светлокоричневого цвета
светлозелёном	1	светло зелёном, вечнозелёном, осветлённом, светлотном, возвеселённом	канчӏгӏурччин:senses[0].text:в яркозелёном, светлозелёном цвете
светлоголубом	1	светло голубом, светлого лубом, светлоголовом, светлоголовым, светлогорском, светловолосом	канчӏхъахӏил:senses[0].text:в яркоголубом, светлоголубом цвете
свершаемое	1	совершаемое, свергаемое, довершаемое, завершаемое, свертываемое	мугӏжизат:senses[1].comment:публично свершаемое пророком в подтверждение своей миссии
сверхсрочно	1	сверхсрочное, сверхсрочной, сверхсрочном, сверхсрочною, сверхпрочно, сверхурочно, сверх срочно, сверхсрочный, сверхсрочник	болжал:senses[0].examples[5].ru:сверхсрочно
сверун	1	сверну, сверен	панно:senses[1].text:накъиш-сурат тӏад гьабураб ва сверун рамка бугеб къоно
свертница	1	сверстница, смертница, сверстниц, вестница	гӏелцояй:senses[0].text:ровесница, свертница
свертники	1	сверстники, смертники, сверстник, свертки	кьерилал:senses[0].text:свертники, ровесники, одногодки; сверстницы, ровесницы
сватовстстве	1	сватовстве, сватовство, святотатстве, хвастовстве, фатовстве	бакка-бахъи:senses[0].examples[1].comment:напр. о сватовстстве
свардивость	1	сварливость, свариваемость, сваривать	кӏалквешлъи:senses[1].text:злоязычность, свардивость
сванка	1	свана, свинка, станка, сварка, свалка, яванка, сван ка, сван, канкан	сванай:senses[0].text:сванка
сбрей	1	сбей, брей, сбруей, обрей, серей, сбруй, сбрею, с брей	бетӏер:senses[0].examples[52].ru:голова-то под шапкой, а шею сбрей до блеска
саху	1	суха, сваху, усах, саха, сахо, соху, сану, салу, сапу, паху, саку, саму, маху, саду, шаху	сахӏ:senses[0].examples[3].ru:по саху
сатаниского	1	сатанинского, сатанического, санаторского, осанистого	илбисмахӏав:senses[0].examples[0].ru:человек сатаниского характера
сасанидско	1	санидин	сасанияб:senses[0].examples[0].ru:владения сасанидско Хосрова [Ануширвана]
сасанидский	1	самаркандский, сатанинский, асканийский, нганасанский	сасанияб:senses[0].text:сасанидский
санэпидстанции	1	санэпидемстанции, санэпидемстанция	санэпидстанция:senses[0].examples[1].ru:работать в санэпидстанции
сантиметралда	1	сантиметра, сантиметр	ярд:senses[0].comment:91,44 сантиметралда бащадаб роцен
санитариябгун	1	санитария	санэпидстанция:senses[0].comment:санитариябгун эпидемиологияб станция
сандалавое	1	сандаловое, сандала вое, сандальное, саламандровое, лавсановое, лавандовое	сурмацӏул:senses[1].examples[0].ru:сильно загорел; стал как сандалавое дерево
санаг	1	сана, салаг, санам, санах, наган, саг	парк#2:senses[0].text:парк (1. аскаралъе техникияб материал кьолеб, добе-гьанибе баччизе санагӏат рекъезабураб склад
самочка	1	самоучка, рамочка, мамочка, садочка, дамочка, сумочка, замочка, сам очка, самосадка	гӏалаяб:senses[0].text:самка, самочка
самостоятельый	1	самостоятельный, самостоятельность, малосостоятельный, состоятельный, самодеятельный	жибго:senses[1].examples[1].ru:самостоятельый
самолётал	1	самолёта, самолётам, самолётах, самолёт	авиазавод:senses[0].comment:самолётал ва вертолётал гьарулеб завод
самолётазул	1	самолётик	авиабаза:senses[0].comment:самолётазул база
самбистка	1	самбиста, самбист ка, самбист, камбиста, камбист	самбистка:senses[0].text:самбистка
самбиситов	1	самбистов, камбистов, саммитов, самшитов	самбист:senses[0].examples[0].ru:соревнование самбиситов
сакъат	1	самокат	ортопедиялъул:senses[1].examples[0].comment:масала, хӏатӏазе сакъат бугезе хьитал гьарулеб
садовничество	1	садовнический, посадничество, надомничество, чиновничество	ахихъанлъи:senses[0].text:садовничество, садоводство
савком	1	совкам, саком, совком, севком, сарком, садком, завком, сачком	ччумучч:senses[0].examples[1].ru:пересыпать савком
савка	1	сака, ставка, славка, сбавка, сивка, совка, севка, сайка, лавка, самка, садка, давка, шавка, сачка, красавка	ччумучч:senses[0].examples[2].ru:он насыпал в пакет два савка сахару
саба	1	баса, слаба, самба, сабо, сана, раба, сала, сапа, паба, сака, сама, сада, баба, сага, сажа	къали#2:senses[0].text:кали, саба; мера сыпучих тел
рязъясниться	1	разъясниться, изъясниться, разъясниваться, разъяснить, разъяснится	багьизе:senses[3].text:обясняться, обясниться; выясняться, выясниться; разъясняться, рязъясниться; доходить до кого-либо
рязъяснить	1	разъяснить, изъяснить	багьизабизе:senses[3].text:обяснять, обяснить; выяснять, выяснить; разъяснять, рязъяснить
рыхлыть	1	рыхлить, рыхлость	гьогьлъизабизе:senses[0].text:(с)делать что-либо мягким, рыхлым; размягчать, размягчить; (раз)рыхлыть что-либо
рыхдый	1	рыхлый	гьацаб:senses[0].examples[0].ru:рыхдый снег
рысца	1	сырца, рыска, рысцой	гьели:senses[1].text:рысь, рысца; бег
рыжекосая	1	рыже косая, рыжеволосая	гъалалбагӏар:senses[0].text:рыжеволосая; рыжекосая
рушкой	1	рукой, врушкой, грушкой, решкой, тушкой, сушкой, пушкой, ряшкой, мушкой, душкой, рубкой, ручкой, чушкой, пирушкой, ракушкой	чӏучӏаризе:senses[0].text:заниматься шелушением, лущением, рушкой
рушке	1	решку, руке, ушке, врушке, грушке, решке, тушке, сушке, пушке, ряшке, мушке, душке, рубке, ручке, чушке	гвай:senses[0].examples[3].ru:помочь по рушке кукурузы
рушка	1	руша, рука, ушка, врушка, грушка, круша, решка, тушка, сушка, пушка, ряшка, мушка, душка, рубка, ручка	чӏучӏари:senses[1].text:шелушение; лущение, рушка
рух	1	ух, рут, тух, рус, сух, пух, рук, мух, руд, дух, руб, бух, чух, рюх, жух	гъвар-гъвариялда:senses[0].examples[0].ru:старая стена с грохотом рухнула || гӏаси:senses[1].examples[0].ru:страшно испугался, трухнул || къед:senses[0].examples[5].ru:рухнуть — о стене
румянощёкая	1	краснощёкая	гӏоно:senses[0].examples[2].ru:румянощёкая девушка
румазул	1	разул	пантеон:senses[1].text:некӏсиял греказул ва румазул киналго аллагьзабазе бараб храм
рукъарал	1	рукополагал	пантеон:senses[0].text:пантеон (1. хӏурмат бугел машгьурал гӏадамал рукъарал хабзал
рукоплескание	1	рукоплесканий, рукоплескания, рукоплескавшие, рукоплескавший, рукоплескать, рукописание	кьурди-хъат:senses[0].text:танцы, пляска; танец и рукоплескание
руги	1	ригу, ругни, круги, угри, риги, нуги, туги, вуги, рули, руки, куги, дуги, шуги, руби, буги	собозе:senses[0].examples[0].ru:руги немеют
ругел	1	ругал, русел, круглел	пансион:senses[1].text:жанир ругел чагӏазе квана-гьекъолеб жо букӏин
рубцевать	1	рубцеваться	гьудазе:senses[0].text:(за)живать, зажить; (за)рубцевать, срастаться, срастись
роцен	1	ровен, эоцен, ро цен, оценен	ярд:senses[0].comment:91,44 сантиметралда бащадаб роцен
ротлоб	1	рот лоб, робот, оборот	рокьоб:senses[0].text:ротлоб
рокотаньем	1	рокотанием, клокотаньем, грохотаньем	гӏал-гӏалияда:senses[0].examples[0].ru:по канаве вода текла с рокотаньем
рождёный	1	рождёны, рождённый, рожденный	илбис:senses[1].examples[2].ru:дьявол, рождёный от дьявола
родукты	1	продукты, продукт	гӏатӏ-тӏех:senses[0].text:мучные продукты, рипасы; родукты питания; смолотое зерно; мука и толокно
родственица	1	родственница, родственниц, родственника, родственник, родственна	эбелдахъачӏужу:senses[0].text:родственица по матери
родствеенники	1	родственники, родственник, производственники, родственниц, родственности	нижер:senses[1].examples[0].ru:наши родствеенники
родосхватывать	1	расхватывать, прохватывать, подхватывать, схватывать	чӏвазе:senses[20].examples[60].ru:родосхватывать
рогообразный	1	горообразный, многообразный, горбообразный, благообразный, разнообразный	кетузаз:senses[0].text:астрагал шестицветковый; эспарцет рогообразный
рогоз	1	рогов, рогом, розг, роз	бутихьин:senses[0].text:рогоз
ровну	1	ровную, ровни, ровна, ровно, ровне, ровны, ровня, говну, ровню, ров ну, поровну	баща-бакъад:senses[0].text:поровну || баща-бакъад:senses[0].examples[0].ru:подели приблизительно поровну || бащад:senses[0].text:поровну, равными частями, в одинаковом количестве, одинаково
рихьизари	1	ализарин	проекция:senses[1].text:экраналда суратал, киноялъул кадраби рихьизари
ритменный	1	рифменный, притененный, примененный, ритмичный, примеренный	ритм:senses[0].examples[2].ru:ритмический, ритменный
ритвинами	1	витринами, литвинами, рытвинами, витаминами, викторинами, витрина, витамин	гвандахине:senses[0].text:становиться, стать ухабистым; покрываться, покрыться ямами, колдобинами, выбоинами, ритвинами
рипасы	1	припасы, припас, кипарисы	гӏатӏ-тӏех:senses[0].text:мучные продукты, рипасы; родукты питания; смолотое зерно; мука и толокно
рижеусый	1	стриженый	михъбагӏар:senses[0].text:рижеусый мужчина
ригьзабазул	1	ультрабазиты	панно:senses[0].text:панно (1. ригьзабазул тӏадехунисеб гьумераб рахъалда рекӏинабураб сурат
реёнка	1	ребёнка	лъимер:senses[0].examples[14].ru:кормить реёнка грудью
рещение	1	крещение, ращение, решение, речение, запрещение	хӏукму:senses[0].examples[0].ru:рещение сельского судьи
решительнаял	1	решительная, решительна ял, решительный	таваккалчӏужу:senses[0].text:решительнаял, смелая, самоотверженная женщина
реч	1	ре, речи, речь, греч, реи, рее, теч, рев, рей, реп, рек, рея, меч, ред, рез	абизе:senses[0].examples[15].ru:совершенный, безукорезненный, безупречный || Албастӏи:senses[0].comment:страшное существо в образе женщины, встречающееся в аварских сказках || амруяб:senses[0].examples[1].ru:повелевающая речь
рецензентка	1	рецензента, рецензент ка, рецензент	рецензент:senses[0].text:рецензент и рецензентка
рехулеб	1	рефулер	бомбардировщик:senses[0].comment:бомбаби рехулеб самолёт
рефрижираторе	1	рефрижераторе, рефрижератор	рефрижиратор:senses[0].examples[0].ru:везти мясо на рефрижираторе
рефрижиратор	1	рефрижератор, респиратор	рефрижиратор:senses[0].text:рефрижиратор
реформаторство	1	реформатство, реформаторский, реформатор, реставраторство	реформаторлъи:senses[0].text:реформаторство
референтский	1	рецензентский, регентский, претендентский, интервентский	референтлъиялъул:senses[1].text:референтский
ретузы	1	рейтузы, ре тузы, ретушеры	тӏажу:senses[0].text:брюки, штаны, шаровары, ретузы
рестораннный	1	ресторанный, арестованный, престранный, перестиранный, расторженный	рестораналъул:senses[1].text:рестораннный
репетиторствовать	1	репетиторство, редакторствовать, притворствовать, антрепренерствовать	репетиторлъи:senses[0].examples[0].ru:репетиторствовать
реперация	1	репарация, репе рация, рекуперация, темперация, операция, регенерация	реперация:senses[0].text:реперация
ренесанс	1	ренессанс, перенесла	ренесанс:senses[0].text:ренесанс
ремизы	1	релизы	маххало:senses[0].text:ремизы (присобление для уплотнения ткани ковров, шалей и тому подобное)
рекъезабураб	1	табуреточка	парк#2:senses[0].text:парк (1. аскаралъе техникияб материал кьолеб, добе-гьанибе баччизе санагӏат рекъезабураб склад
ректорствовать	1	редакторствовать, ораторствовать, диктаторствовать, секретарствовать	ректорлъи:senses[0].examples[0].ru:ректорствовать
резидентство	1	президентство, регентство	резидентлъи:senses[0].text:резидентство
резидентский	1	президентский, претендентский, рецензентский, диссидентский, декадентский	резидентлъиялъул:senses[1].text:резидентский
резветь	1	реветь, трезветь, звереть	бигьине:senses[2].text:(от)резветь, протрезветь, протрезвляться, протрезвиться
редьким	1	редьки, редким, редькам, реденьким	лъеде-гъедерлъизе:senses[0].text:(по)редеть; становиться, стать редьким (по количеству); изреживаться
редкоредколлегия	1	редко редколлегия, партколлегия	редкоредколлегия:senses[0].examples[0].ru:редкоредколлегия журнала
регъей	1	реггей, регалией	сварка:senses[0].comment:регъей
революцинный	1	революционный, инволюционный, эволюционный	ревлюционияб:senses[0].text:революцинный
ревлюционеру	1	революционеру, революционерку, революционер, революционен	ревлюционер:senses[0].examples[0].ru:памятник ревлюционеру
ревлюционером	1	революционером, революционеркам, революционер, революционном, революционен	ревлюционер:senses[0].examples[1].ru:стать ревлюционером
ревлюционерка	1	революционерка, революционера, революционер, реакционерка, революционен	ревлюционерка:senses[0].text:ревлюционерка
ревлюционера	1	революционера, революционерка, революционер, революционен, революционна	ревлюционерлъи:senses[0].text:профессия ревлюционера
ревлюционер	1	революционер, революционен	ревлюционер:senses[0].text:ревлюционер
реванщистская	1	реваншистская, ревизионистская	реваншистазулаб:senses[0].examples[2].ru:реванщистская политика
ребятышек	1	ребятишек, ребятушек, ребрышек	къокъа:senses[0].examples[0].ru:куча ребятышек
ребеёнком	1	ребенком, ребёнком, ребятёнком, ребёночком	лъикӏго:senses[0].examples[4].ru:ты хорошенько присматривай за ребеёнком
ращновидность	1	разновидность, дальновидность, шаровидность, стреловидность	тӏехӏнису:senses[0].comment:ращновидность
рашать	1	решать, украшать, расшатать, шарахать, рать	суал:senses[1].examples[3].ru:рашать [поставленную] задачу
рахъалда	1	балдахина	панно:senses[0].text:панно (1. ригьзабазул тӏадехунисеб гьумераб рахъалда рекӏинабураб сурат
рахъ	1	рахат	топография:senses[1].text:планалде ва картаялде босизелъул ракьул тӏасияб рахъ борциналъул гӏелму 2. бакӏалъул бугеб хӏалалъул план ва карта гьаби
раторопно	1	расторопно, оператор	хех:senses[5].text:ловко, проворно, раторопно, живо
ратля	1	траля, ратуя, травля	ратӏал:senses[0].examples[0].ru:от ратля сметаны получишь щигат (1,2 кг) масла
расчёсивать	1	расчёсывать, расчёркиваться, расчерчивать, растрачивать, растачивать	катӏари:senses[0].examples[0].ru:расчёсивать чуб
расхохотиться	1	расхохотаться, расхорохориться, расходиться, расхотеться, расхорохорится	гӏагӏадизе:senses[0].text:хохотать; громко, раскатисто смеяться; рассмеяться, засмеяться; расхохотаться, расхохотиться, разразиться хохотом
расходована	1	расходовала, расходование, израсходована, расходовать, расколдована	бугӏа:senses[1].examples[2].comment:букв. т. е. годами не расходована
расул	1	расу, разул, рас ул, рассудил	расуллъи:senses[0].text:от расул
растущущие	1	растущие, растущий, страждущие	тайга:senses[0].examples[0].ru:деревья, растущущие в тайге
растрёпаться	1	растрепаться, растрёпанность, растратиться, расступаться, растрогаться	бигъа-битине:senses[0].text:растрёпаться
растрёпать	1	растрепать, растрёп ать, растрёпанность, растрёпа, растрёпка, растрать	бигъа-битинабизе:senses[0].text:растрёпать
растройством	1	расстройством, расстройство, расстройств, устройством, мироустройство	вирулагь:senses[0].examples[0].ru:он страдает растройством желудка
растройство	1	расстройство, расстройств, устройство, устройств, растровый	риххел:senses[0].text:понос, дизентерия; растройство желудка
растрелять	1	расстрелять, настрелять, растравлять, стреляться, распределять, перестрелять	чӏвазе:senses[0].examples[3].ru:растрелять предателя
растранжировать	1	растранжиривать, раст ранжировать, растиражировать, растранжирить, растранжиривание, аранжироваться	тирщавухъ:senses[0].examples[0].ru:разбрасывать, разбросить; раскидывать, раскидать; растранжировать, растранжирить
растояние	1	расстояние, настояние, расточение, расторжение, состояние, стояние	марказ:senses[0].examples[1].ru:укажите растояние от вашего аула до районного центра
расторопнно	1	расторопно, расторопный, порасторопнее, расторопша, растоптано	жигаралда:senses[0].text:энергично, сноровисто, расторопнно; пытливо; живо
растопиривай	1	растопивший, растранжиривай	гъалдибер:senses[0].examples[3].ru:не веди себя надменно; не растопиривай палочки галдибера
растлеются	1	растлеваются, растеряются, растекаются, расследуются	ракьа:senses[0].examples[14].ru:да растлеются кости твои!
растилка	1	растила, расстилка, настилка, растирка, распилка, пастилка, застилка, растил ка, расстила, расстил, страстишка, раскатиста	тӏибитӏизаби:senses[4].text:растилка
растилаются	1	расстилаются, растираются, застилаются, расти лаются, распластаются, расстилающийся, растлеваются, растачиваются	тӏибитӏизе:senses[1].examples[0].ru:перед нашим аулом растилаются сады
растилать	1	расстилать, настилать, растирать, растилась, застилать, растил ать, растратить, распластать, растить, устилать	тӏибитӏизабизе:senses[4].text:растилать, разостлать; разворачивать, развёртывать, развернуть
растерзу	1	растерзать, растерт, растер	бихъ-бихъизе:senses[2].examples[0].ru:я его растерзу
растегнуть	1	расстегнуть, застегнуть, расстегнут, расторгнуть, перестегнуть, пристегнуть	маргъал:senses[1].examples[4].ru:растегнуть пуговицу
растаться	1	расстаться, срастаться, раститься, разрастаться, расстараться, растираться, растоптаться	батӏалъизабизе:senses[1].text:вынуждать, вынудить кого-либо растаться с кем-либо уйти от кого-либо; разлучать, разлучить кого-либо с кем-либо; разводить, развести кого-либо с кем-либо
растановками	1	расстановками, радиоустановками, приостановками, радиопостановками, остановками	кӏкӏвине:senses[0].examples[2].ru:говорить медленно, с растановками: говорить как тот человек, который верёвку глотает
растался	1	расстался, срастался, растился, распался, растирался, растоптался, растекался, расточался	батӏалъизе:senses[1].examples[4].ru:жени, её жена скончалась; он ушёл от жены, растался с женой; он развёлся с женой; он лишился
растались	1	растилась, расстались, срастались, растились, распались, раскались, растирались, распластались, растачивались, растлились	базе:senses[5].examples[0].ru:десять лет прошло, как мы растались
раставаться	1	расставаться, растачиваться, растаскиваться, растаптываться, расхвастаться	къороллъи:senses[1].examples[0].ru:раставаться с вдовьей жизнью; снять с себя вдовство
раставание	1	расставание, растачивание, растаскивание, расталкивание, растапливание	ратӏалъи:senses[0].text:раставание, разлука
рассчесала	1	расчесала, рас счесала, расчесывала, рассчитала, рассерчала, расчесана	бакъвадго:senses[0].examples[0].ru:она голову рассчесала в сухом виде
расстянутое	1	растянутое, рас стянутое, расстегнутое, расстёгнутое, растянутость, расторгнутое	биххизе:senses[9].examples[3].ru:массажировать расстянутое место [тела]
расстянута	1	растянута, рас стянута, растянут, расстегнута, расстёгнута	биххизе:senses[9].examples[2].ru:ступня расстянута
расстянувши	1	растянувший, расстегнувший, стянувший	хъарщи:senses[0].examples[2].ru:расстянувши лежит, словно доска
расстроенности	1	настроенности, распространенности, растроганности, неустроенности	биххизабизе:senses[2].examples[0].ru:приводить животное в состояние расстроенности
рассточительство	1	расточительство, расточительность, расточительница, авиастроительство, расточительниц	исраплъи:senses[0].text:рассточительность; рассточительство; мотовство
рассточительный	1	расточительный, расточительность, расточительница, расточительниц, рассудительный	исрапчи:senses[0].text:рассточительный человек
расстеряться	1	растеряться, расстелиться, расстегнуться, растереться, расстегиваться	биххизе:senses[2].examples[0].ru:расстеряться
расствориться	1	раствориться, рассориться, растворится, растворяться, расстроиться	зодоб-гӏодоб:senses[0].examples[0].ru:исчезнуть; в небе и внизу расствориться
расстворить	1	растворить, растворимость, растворитель, рассорить, растворять	биинабизе:senses[2].examples[0].ru:расстворить мёд в молоке
расстворе	1	растворе, рас створе, растворите, растворные, раствор	деби:senses[0].examples[3].ru:осадок при расстворе белой глины
расствора	1	раствора, рас створа, расстройство, раствор, расстройств, распутство	цӏалкӏизе:senses[0].examples[0].comment:для расствора
расстает	1	растает, рас стает, рассветает, расстилает, рассчитает, расстелет	бухӏи#1:senses[2].examples[0].ru:если горе сильное настигнет, и камень расстает
рассмортеть	1	рассмотреть, рассмотрение	хал:senses[0].examples[2].ru:разглядывать, разглядеть; рассматривать, рассмортеть; (по)смотреть
расслоить	1	расслоиться, расстроить, расслабить, расславить	гъатахинабизе:senses[0].text:(с)делать слоистым, (от)слоить, расслоить; напластовывать, наслаивать; откладывать пластами, слоями; класть слои, пласты
расскаяние	1	раскаяние, рассекание, рассеяние, расстояние, раскисание	тавбу:senses[0].text:покаяние; расскаяние
расскать	1	рассекать, рассказать, раскатать, рассказывать, распускать	история:senses[0].examples[1].ru:расскать тебе историю этого происшествия?
рассекретиться	1	рассекретить, рассекречиваться, засекретиться, раскрепоститься	рехизе:senses[6].examples[8].ru:рассекретиться
распрячься	1	рас прячься, распрячь, распрягаться, распрямиться, раскорячься	бугьине#1:senses[0].text:распрягаться, распрячься
распряглась	1	распрягалась, распрямлялась, распрямилась, расправлялась, распрыгалась	бугьине#1:senses[0].examples[0].ru:от повозки лошадь распряглась
распросил	1	расспросил, рас просил, распростирал, расспросить, расправил, расспрос	хъизан-рукъ:senses[0].examples[1].ru:он распросил меня о семье
распросах	1	расспросах, распр осах, распродажах, расспросных, расспрос, расправах	инсул:senses[1].examples[9].comment:о дотошных распросах о чём-либо
распрашивала	1	расспрашивала, раскрашивала, спрашивала, распрыскивала, расспрашивать, расспрашивание	гьикъа-бакъизе:senses[0].examples[0].ru:мать распрашивала Юнуса об учёбе
распрашивай	1	расспрашивай, раскрашивай, расспрашивавший, поспрашивай, спрашивай, расспрашивать	гьикъа-бакъи:senses[1].examples[1].ru:распрашивай людей
распологать	1	располагать, располосовать, расположить, растрогать	заман:senses[0].examples[7].ru:распологать временем на что-либо; быть свободным
расплода	1	рас плода, расплодить	къинлъи:senses[1].examples[3].ru:период расплода
распала	1	распаяла, распила, распела, распяла, распада, распалю, рас пала, распаляла, распалила, распахала, распаивала	биххизе:senses[8].examples[1].ru:семья распала
распал	1	распаял, распалю, распил, распел, распял, распад, рас пал, распалил, распалял, распахал, распаивал	биххизе:senses[8].examples[0].ru:колхоз распал
распадать	1	распахать, рас падать, распад ать, распадаться, распродать, распаивать, распаривать	биххизе:senses[8].text:распадать
раскыта	1	раскаты, раскрыта, раската, раскрыт	диргъизе:senses[0].examples[0].ru:грудь раскыта
раскаливаться	1	раскаиваться, раскалываться, раскачиваться, раскармливаться, расхваливаться, расклиниваться, раскошеливаться	бикь-бикьизе:senses[0].text:распадаться, разделиться; раскаливаться, расколоться
раскаливать	1	раскалывать, раскачивать, раскалив ать, раскармливать, расхваливать, расклинивать, раскаиваться	бикь-бикьизабизе:senses[0].text:раскаливать, расколоть
раскаливается	1	раскаивается, раскалывается, раскачивается, раскармливается, расхваливается, расклинивается, раскошеливается	бетӏер:senses[0].examples[15].ru:голова раскаливается
расделить	1	расселить, разделить, рас делить, распределить, расстелить, расшевелить, растлить	гьоркьоб:senses[0].examples[1].ru:расделить, распределить между кем-либо
расдался	1	распался, раздался, рас дался, распадался, раскидался, расстался, рассылался	чӏваркьи:senses[1].examples[1].ru:расдался треск падающего дерева
расветёт	1	рассветёт, расцветёт, рассветет, рассветает, рассвет	гьабсагӏат:senses[0].examples[4].ru:вот-вот расветёт
рапсределяли	1	распределяли, предопределяли, распределили, распределители, распредели	мугь:senses[1].examples[1].comment:горцы собирали с каждого дыма по кружке и варили в огромных котлах зерно в пору цветения деревьев, чтобы спасти почек от стихийных бедствий; затем рапсределяли его между жителями аула
рапиристка	1	рапириста, рапирист ка, рапирист, расистка, пуристка, радистка	рапиристка:senses[0].text:рапиристка
ранше	1	ране, раньше, ранее, ранте, ранке, ракше, ранге, ранце, Чанше, траншее	цебе:senses[2].examples[4].ru:здесь ранше было болото
раноцветный	1	разноцветный, красноцветный, одноцветный, темноцветный, первоцветный	батӏи-батӏияб:senses[0].examples[2].ru:раноцветный
ранный	1	оранный, раненый, кранный, бранный, ранний, ранней, ратный, равный, ванный, санный, рамный, манный, данный, рунный, разный	ригьдагояб:senses[0].text:ранный, наступивший преждевременно
ракьул	1	каракуль	топография:senses[1].text:планалде ва картаялде босизелъул ракьул тӏасияб рахъ борциналъул гӏелму 2. бакӏалъул бугеб хӏалалъул план ва карта гьаби
райвоенкомом	1	рай военкомом, райвоенкоматом, райвоенкомат	райвоенком:senses[0].examples[1].ru:работать райвоенкомом
райвоенкома	1	райвоенкомат, рай военкома, военкомата, военкомат, военкома, военкора	райвоенком:senses[0].examples[0].ru:должность райвоенкома
райвоенком	1	рай военком, райвоенкомат, военкомом, военкором, райковом	райвоенком:senses[0].text:райвоенком
райбойники	1	разбойники, разбойник, разбойнички	толозе:senses[2].examples[0].ru:райбойники ограбили путника
разяснить	1	разъяснить, разниться, раздразнить	баянлъизабизе:senses[0].text:выяснять, выяснить; объяснять, объяснить; разъяснять, разяснить; прояснять, прояснить
разярять	1	разъярять, разорять, размерять, размять, разъять, разнять	бубудизабизе:senses[0].text:разярять, разъярить
разукрупнить	1	разукрупнять, раз укрупнить, разукрупнение, разукрасить, укрупнить, упразднить	гьитӏинлъизабизе:senses[0].text:уменьшать, уменшить, преуменьшать, преуменьшить; убавлять, убавить; разукрупнять, разукрупнить что-либо
разрыхлиться	1	разрыхляться, разрыхлить, разрыхлять, разразиться, развалиться	гьогьлъизе:senses[0].text:быть, стать мягким, рыхлым; размягчаться, размягчиться; разрыхляться, разрыхлиться
разровняться	1	раз ровняться, разровнять, заровняться, сровняться, разгоняться	битӏа-бишизе:senses[0].text:(вы)ровняться, выравниваться,; разравниваться, разровняться, сровняться что-либо; расправляться, расправиться что-либо
разрезывание	1	разрезывавшие, разрезывающие, размазывание, разрывание	суй#1:senses[1].text:разрезывание чего-либо
разрезивание	1	разравнивание, разрезание, разваривание, разменивание	сусуй:senses[1].text:разрезивание
разозлённо	1	разозлёно, разозлённое, разозлённой, разозлённом, разозлённою, разозлён но, разозлённый, разозлено, разобщённо, разорёно	цалхине:senses[0].examples[0].ru:говорить разозлённо
разнюхивание	1	разнюхивающие, разнюхивавшие, разнюхивать, размахивание	сентӏей:senses[2].text:вынюхивание, разнюхивание чего-либо
разновитность	1	разновидность, разнолистность, разноцветность, разномастность, разновыгодность	тӏирихал:senses[0].comment:разновитность обуви на деревянной основе
размягчатья	1	размягчать, размягчаться, размягчатся, размягчать я, размягчить, размягчая	тамахлъизе:senses[0].text:смягчаться, смягчиться; размягчатья, размягчиться; становиться, стать мягким, нежёстким
размозжи	1	размозжит, размозжив, размозжил, размозжим, размозжу	аздагьо:senses[0].examples[1].ru:размозжи голову змее, пока она не превратится в дракона
размельчиться	1	размельчаться, размельчить, измельчиться, разместиться, размельчать	гӏисинлъизе:senses[0].text:становиться, стать мелким или мельче, меньше; (из)мельчать, измельчиться, размельчиться
размельчание	1	размельчение, размельчавшие, размельчающие, измельчание, размельчаемые	чухӏчухӏи:senses[1].text:размельчание, измельчение; толчение
размежевывать	1	размежевать, разжевывать, разыменовывать, пережевывать	гӏорхъи:senses[0].examples[6].ru:проводить межу, межевать, размежевывать; устанавливать границы
размаливать	1	разваливать, размалывать, размачивать, размахивать, размочаливать, раздавливать, размазывать, размораживать	ххенезе:senses[1].text:(с)молоть, размаливать, размолоть что-либо
разлаживать	1	разглаживать, разлаживаться, размораживать, разгораживать, расхолаживать	хвезабизе:senses[2].text:расстраивать, расстроить; разлаживать, разладить; дезорганизовывать, дезорганизовать что-либо; нарушать, нарушить что-либо
разжидить	1	разжиться, разжижать, раздражить, разжиреть	лъама:senses[0].examples[0].ru:разжижать, разжидить; (с)делать жидким или жиже
раздумываться	1	разд умываться, раздумывать, раздуваться, задумываться, разламываться	эргъезе:senses[0].text:раздумываться, быть занятым мыслями; погружаться в раздумье
раздроблятьсч	1	раздробляться, раздроблять сч, раздроблять, раздробиться	гъуризе:senses[0].text:(раз)дробиться, раздроблятьсч, размельчаться; крушиться, сокрушаться, ломаться, переломиться, разломиться
раздвоенно	1	раздвоено, раздвоенное, раздвоенной, раздвоенном, раздвоенною, разд военно, раздвоен но, раздвоенность, раздвоенный, раздвоение, раздвоёно	кӏикӏвекь:senses[0].text:раздвоенно; с двумя концами
раздаватся	1	раздаваться, раздавится, раздавался, раздавятся, раздаиваться, раздавливаться, раздавать, раздавиться	хваши:senses[0].examples[0].ru:раздаватся — о шорохе
разговеть	1	раз говеть, разговорить	биччазе:senses[8].examples[4].ru:разговеть
разговарвать	1	разговаривать, разгораживать, разочаровать, разгримировать, заговаривать	кӏалъазе:senses[0].text:(по)говорить, разговарвать, (по)беседовать с кем-либо
развывается	1	развивается, развевается, разрывается, размывается, развязывается, разведывается, разжевывается, развертывается	инсухълъи:senses[0].examples[0].ru:отчизна развывается
развратнный	1	развратный, развращённый, развращенный, возвратный, разверстанный	пасикъаб:senses[0].text:развратнный, распутный
развинтивать	1	развинчивать, развинтив ать, развинтить, развинтивший, развивать, развенчивать	бурав:senses[0].examples[4].ru:развинтивать, раскручивать винт
разветлённым	1	разветвлённым, развеселённым, разветвлённый, разветвленным, разведённым	гӏаркьа-кӏичӏизе:senses[0].text:быть, стать ветвистым, разветлённым (во всех направлениях и безпорядочно); куститься
разветлённое	1	разветвлённое, развеселённое, разветвленное, разветвлённость, разветвлённые	кӏигӏаркьелаб:senses[0].examples[0].ru:разветлённое надвое дерево
разветляющийся	1	разветвляющийся, разветвляющий, развертывающийся, развеивающийся, разверзающийся	лъабгӏаркьелаб:senses[0].text:разветляющийся на три части
разветляющееся	1	разветвляющееся, разветвляющийся, разбавляющееся, развертывающееся, разверзающееся	лъабгӏаркьелаб:senses[0].examples[0].ru:разветляющееся на три части дерево
разветлять	1	разветвлять, развеять, разветвить	карахинабизе:senses[0].text:понудительная форма разветлять
разветляется	1	разветвляется, разветвляться, разверзается, развевается, разветвится	бартурахъ:senses[0].text:основная канава, от чего разветляется вода
разветвистое	1	раз ветвистое, развесистое, разветвите, развесистость, развалистое	гӏаркьел:senses[0].examples[4].ru:разветвистое дерево
развевание	1	разевание, развеивание, раздевание, развешивание, разведывание, развенчивание, развертывание	парпади:senses[1].text:развевание, колыхание; реяние; колебание
разбобрать	1	разобрать, разболтать, разбросать, разбогатеть, разбраковать	глушитель:senses[0].examples[2].ru:разбобрать глушитель
разаоблачать	1	разоблачать, раза облачать, разоблачить, облачать	суризе:senses[2].text:разаоблачать, разоблачить себя
радоть	1	радость, радеть, радовать	рохел-аваданлъи:senses[0].text:радоть и веселье
радителеграфная	1	радиотелеграфная, ради телеграфная, радиотелеграфный, радиотелеграфия, фототелеграфная, радиотелеграф	радиотелеграфалъул:senses[1].examples[1].ru:с районом имеется радителеграфная связь
радиопрограмму	1	радио программу, радиограмму, микропрограмму, подпрограмму, сопрограмму	радиопрограмма:senses[0].examples[2].ru:опубликовать радиопрограмму в газете
радиожурналистом	1	радио журналистом, радиожурнал истом, фотожурналистом, традиционалистом, тележурналистом, журналистском	радиожурналист:senses[0].examples[1].ru:работать радиожурналистом
радиожурналист	1	радио журналист, радиожурнал ист, радиожурнал, фотожурналист, традиционалист, журналистика	радиожурналист:senses[0].text:радиожурналист
радикалазул	1	радикализм	радикализм:senses[0].comment:радикалазул политикияб нух
радиактивный	1	радиоактивный, ради активный, интерактивный, экстрактивный, реактивный, аккредитивный	препарат:senses[0].examples[1].ru:радиактивный препарат
рагъулав	1	расплав	военком:senses[0].comment:рагъулав комиссар
рагъулаб	1	табулатура	военкомат:senses[0].comment:рагъулаб комиссариат
равлечение	1	развлечение, завлечение, траволечение, радиолечение, привлечение, вправление	рекӏелгъей:senses[0].text:равлечение
рабудил	1	разбудил, раб удил, будил	авал-къоно:senses[0].examples[1].ru:так [сильно] кричал, что рабудил людей близлежащих кварталов
работат	1	работа, работает, работать, работают, работай, работал, работая, работам, работаю, работах, работ ат, работка, работ	агентлъи:senses[0].examples[0].ru:работат агентом
пёрнуть	1	пырнуть, дёрнуть	кьазе:senses[0].text:выпустить газы; портить воздух; пукнуть; пёрнуть
пятиюродная	1	пятидневная	рахъубикь:senses[0].text:пятиюродный брат; пятиюродная сестра
пятисоттысячный	1	пятисот тысячный, пятитысячный, пятисоттонный, пятисотенный	щунусазарабилеб:senses[0].text:пятисоттысячный
пятизарядная	1	пяти зарядная, шестизарядная	щуцӏул:senses[1].examples[1].ru:пятизарядная винтовка
пятидесятитысячный	1	пяти десятитысячный, пятидесяти тысячный, десятитысячный, пятидесятидневный, пятидесятиминутный, пятидесятиградусный	кӏикъоялда:senses[0].examples[3].ru:пятидесятитысячный
пяный	1	паяный, пряный, пьяный, пятый	мехтизе:senses[1].examples[1].ru:пяный от бузы — трезвеет, пьяный от достатка хлеба — не трезвеет
пьятую	1	пятую, пьяную	хъумус:senses[0].examples[0].ru:выделить пьятую часть военной добычи
пьятая	1	пятая, пьяная	хъумус:senses[0].text:пьятая часть военной добычи
пьянсвовать	1	пьянствовать, пьяноватый	рогӏоро:senses[0].examples[3].ru:пьянсвовать; держать рот под трубой
пьянения	1	опьянения, опьянение, пьянея	мехтизабизе:senses[0].text:(о)пьянить, опянять кого-либо; спаивать, споить, напаивать, напоить допьяна кого-либо; довести до пьянения
пыинке	1	пинке, пылинке	яхӏ:senses[0].examples[4].ru:кристально чистый, не запятнявший чести; не давший пыинке сесть на честь
пыжовник	1	крыжовник	чӏортобахъ:senses[0].text:шомпол, пыжовник
пшениной	1	пшенной, пшеничной, пшеничкой	хӏичи:senses[0].text:густая каша из пшениной муки, болтушка
пустосердечный	1	пусто сердечный, простосердечный, чистосердечный, подсердечный	ракӏ:senses[1].examples[33].ru:пустосердечный, равнодушный человек; человек с полым сердцем
пурщину	1	пурину, пурпурин	пурщина:senses[0].examples[0].ru:приготовить пурщину
пурщина	1	пурина, пуританина	пурщина:senses[0].text:пурщина
пунт	1	пнут, пут, унт, пуант, пункт, шпунт, пинт, пуст, пунш, шунт, бунт, хунт, фунт	пункт:senses[0].examples[0].ru:диспетчерский пунт
пулемётчи	1	пулемётчик, пулемётчиц, пулемётики, пулемётик, пулемёт, пулеметчиц	пулемётчилъи:senses[0].text:от пулемётчи
пукать	1	купать, укать, пускать, пикать, аукать, нукать, путать, тукать, пугать, гукать, фукать, пук ать, укатать	кьа-кьадизе:senses[0].text:пускать газы, пукать, пердеть
пузатик	1	пуза тик, пузат	гӏакдачехь:senses[0].text:пузатик; коровье пузо
птнами	1	пятнами, панами, птомаинами	багӏарчараб:senses[0].examples[0].ru:корова с рыжими птнами
психологичекий	1	психологический, психологистический, стихологический, психологичный, ихтиологический	психологиялъулаб:senses[0].examples[0].ru:психологичекий анализ
психиатором	1	психиатром, психомоторном, психопатом, психистом	психиатр:senses[0].examples[0].ru:работать психиатором
псиголог	1	психолог	психолог:senses[0].examples[0].ru:опытный псиголог
прясло	1	пряло, спряло, трясло, прятало	тӏагъди:senses[0].text:прясло, пряслице, пряслень
пряслице	1	пришелице	тӏагъди:senses[0].text:прясло, пряслице, пряслень
прыишла	1	пришла	кӏури:senses[0].examples[1].ru:моя сестра прыишла из сада с вязанкой обрезанных веток
прывичку	1	привычку	гьусизе:senses[0].examples[1].ru:тебе пора бросить прывичку натравливать людей друг на друга
прудовый	1	пудовый, удодовый	хӏорил:senses[1].text:прудовый, озёрный
прудовая	1	продувая, пудовая, трудовая	хӏорил:senses[1].examples[0].ru:прудовая вода
прошлогодный	1	прошлогодний, прошлогодней, прошло годный, пригородный	гъоркьсияб:senses[0].examples[0].ru:прошлогодный запас
прошллогоднее	1	прошлогоднее, прошлогодние, прошлогодний	гъоркьсияб:senses[0].examples[1].ru:прошллогоднее варенье
прошлий	1	пришлой, прошли, прошлой, прошлый, проливший	сон#1:senses[0].examples[0].ru:прошлий год
прош	1	про, апрош, прошу, пров, прок, пром, прод, проб, грош, проч, проф	ана:senses[0].comment:прош. вр.
прохудеете	1	похудеете, про худеете, пропотеете	нах:senses[3].examples[1].ru:спросили у обуви: “Когда вы прохудеете?” Те ответили: “Спросите у масла”
проффессия	1	профессия, прогрессия, процессия, профессор	комментаторлъи:senses[0].text:работа, должность, проффессия комментатора
профорганизация	1	проф организация, парторганизация, переорганизация, реорганизация, самоорганизация	профорганизация:senses[0].text:профорганизация
профессионалиябгун	1	профессионализация, профессионализм, непрофессионал	профтехучилище:senses[0].comment:профессионалиябгун техникияб училище
професия	1	профессия, процессия, прогрессия	связистлъи:senses[0].text:должность, работа, професия, специальность связиста
профгруппорга	1	профгруппа	профгруппорглъи:senses[0].text:должность профгруппорга
профгруппорг	1	профгруппа	профгруппорг:senses[0].text:профгруппорг
протяж	1	про тяж, протяжка	дирго:senses[0].comment:протяж местоимение
проторять	1	проторят, проторить, проторчать, приотворять, повторять, протопать	бокъинабизе:senses[1].text:(у)трамбовать что-либо; проторять, проторить что-либо
протестантазул	1	протестантство, протестантизм, протестантка, протестант	пастор:senses[0].comment:протестантазул кашиш
просяный	1	просяной, просяные, просяным, просяных, просеянный, простойный, простынный, просторный	гвенегадул:senses[1].text:просяный
простынью	1	простынь, простыню, простынею, просты нью, простынуть	шаршав:senses[0].examples[1].ru:стирать простынью
проституткин	1	проститутки, проститутка	хъахӏба:senses[0].examples[3].ru:сукин сын; проституткин сын
проституированный	1	проституировавший, прокомпостированный, проституировать, протестированный	хъахӏбаяб:senses[0].text:свойственный развратнице, распутнице, проститутке; проституированный; развратный, блудливый; предосудительный
прослывает	1	прослывет, простывает, проплывает, просовывает, пропалывает, прослаивает, прокалывает	хвезе:senses[1].examples[1].ru:издохшая корова дойной прослывает
проситутка	1	проститутка, просит утка, проступка, пропитка	хъахӏба:senses[0].text:развратница, распутница, блудница, проситутка, шлюха
просвирник	1	просвир ник, просвирниковые, просвирный, просвирка, просвир	хӏамихинкӏ:senses[0].text:просвирник лесной
просачиваемая	1	протачиваемая, просачиваемся, прокачиваемая, просаживаемая, просвечиваемая, проворачиваемая, пропесочиваемая, присобачиваемая	гӏекк:senses[0].text:просачиваемая вода, течь
прорицательство	1	прорицательница, прорицательниц, прорицатель, прихлебательство	кашпу-карамалъи:senses[0].text:ясновидение, прорицательство
пропытана	1	пропитана, про пытана, протоптана, промотана, прокатана, пропана	бизине:senses[0].examples[0].ru:дорога вся пропытана; дорога вся мокрая
пропольщицы	1	подпольщицы, полольщицы, прогульщицы, поливальщицы	чӏарадухъанлъи:senses[0].text:занятие пропольщицы
промтовар	1	промтовары, пром товар, промтоваров, промтоварный	промтовар:senses[0].text:промтовар
промерывать	1	проматывать, промазывать, промывать, пронумеровывать	гъварилъи:senses[1].examples[1].ru:измерять, промерывать глубину
промелькнуться	1	промелькнуть, протолкнуться, проникнуться	партӏизе:senses[1].text:промелькнуться
промакательная	1	промокательная, про макательная, промывательная, проницательная, промокательный, макательная	щакъи:senses[0].examples[4].ru:промакашка.; промакательная бумага
пролётся	1	прольётся, протрётся, пролёт, прётся	гъугъазе:senses[0].examples[1].ru:где б гром не громыхал, а дождь в Гунибе пролётся
пролетарка	1	пролет арка, пролетариата, пролетариат, пролетарий, пролетка	пролетарий:senses[0].text:пролетарий и пролетарка
прокурорсий	1	прокурорский, прокуривший, прокусивший, прокурор	прокурорлъиялъулаб:senses[0].text:прокурорсий
проклиняет	1	проклинает, прок линяет, проклянет	къоркъокӏал:senses[0].text:человек, который проклиняет всех
происждения	1	происхождения, происхождение, провождения, прохождения	лагъзадерил:senses[1].text:невольничий, рабский, рабского происждения
прожённым	1	прожжённым, прощённым, прожёванным, прорежённым, протяжённым, прокажённым	кьеризе#2:senses[1].text:быть, стать прожённым; [слегка] обжигаться, обжечься
прожорорливость	1	прожорливость, прозорливость, поворотливость, пронырливость, противоречивость	чехьквешлъи:senses[0].text:обжорство; прожорорливость, ненасытность
проектал	1	проекта, протекал, проектам, проектах, проект, пролетал, пропекал	проектировщик:senses[0].comment:проектал гьарулев чи
продёржки	1	продёрни	резин:senses[1].text:резинка (для продёржки и тому подобное)
продырявылась	1	продырявилась, продырявливалась, проковырялась	эгъе:senses[0].examples[1].ru:пятка чулка продырявылась
продырявлющий	1	продырявливающий, продырявливай, продырявивший, проявляющий	эгъеборлъ:senses[0].text:вид насекомых; . продырявлющий пятку
продырявливанием	1	продырявливавшем, продырявливаем, продырявливающем, продырявливавшим	гӏомо:senses[0].examples[4].ru:бездельничать, бить баклуши, гонять лодыря; заниматься продырявливанием клубка
продуктабазул	1	полупродукт	продмаг:senses[0].comment:продуктабазул тукен
продатвать	1	продавать, продавливать, продевать, продувать, продлевать	хира:senses[0].examples[5].ru:продатвать по высокой цене
продажник	1	продаж ник, продажный	ватӏанбич:senses[0].text:продажник; продавший родину
продавть	1	продать, продавить, продавать, продрать	гӏарац:senses[1].examples[29].ru:давать, продавть за деньги
прогрешил	1	погрешил, про грешил, согрешил, прогрел	ккезе:senses[0].examples[6].ru:он прогрешил; он впал в грех
програма	1	программа, программ, барограмма	аграрияб:senses[0].examples[1].ru:аграрная програма
провианты	1	провиант, провианта, провианте, провианту, провитамины	кванил:senses[2].examples[0].ru:продовольственные провианты
пробывать	1	побывать, пробивать, прибывать, пробовать, пребывать, прорывать, промывать, прозывать, про бывать, пробыв ать, пробрасывать, проматывать, прокатывать, проплывать	багьизабизе:senses[0].examples[0].ru:прорывать, пробывать стену
пробудждаться	1	пробуждаться, пробудиться, побуждаться, прохлаждаться, препровождаться	борчӏизе:senses[2].text:просыпаться, проснуться; пробудждаться, пробудиться
приятних	1	приятных, приятнейших	ботӏиш:senses[0].examples[1].ru:приятних запах ботишей
пришласил	1	пригласил, пришла сил, пришлась, пришла, пригасил	данде:senses[0].examples[8].ru:он пришласил в круг соседку
прихрамываясь	1	прихрамывать, проламываясь, примазываясь, присасываясь	рекъдизе:senses[0].examples[2].ru:отец пришёл прихрамываясь
прихрамивать	1	прихрамывать, прихваливать, прихватывать, приравнивать, пристраивать	щванкӏизе:senses[0].text:припадать на бок; прихрамивать; ступать на хромую (короткую) ногу
приуныться	1	приумыться, приуныть, прилуняться, прилуниться, приучиться	гӏодоб:senses[0].examples[53].ru:приуныться, быть в унынии, быть не в духе
приунить	1	приуныть, приучить, приструнить, притенить, приударить, причинить	бетӏер:senses[0].examples[30].ru:повесить, понурить голову; поникнуть головой; приунить, повесить нос; быть не в настроении; голову опустить
притеснить	1	притенить, притеснять, при теснить, притеснитель, притеснение, протесниться, притерпитесь	зиян-захӏмат:senses[0].examples[0].ru:притеснить; нанести вред, урон, ущерб, чреватые трудностями, проблемами
притеснеие	1	притеснение, притесненные, притеснителе, притесненный, притеснявшие	зулмучилъи:senses[0].text:притеснеие, насилие, угнетеие, гнет; тирания, эксплуатация, деспотизм
притерпывать	1	притопывать, притаптывать, привертывать, приклепывать	яхӏ-махӏ:senses[0].examples[0].ru:старался притерпывать
притаиваться	1	припаиваться, присваиваться, пристраиваться, притрагиваться, притягиваться	бахча-хьвазе:senses[0].text:притаиваться, притаиться; скрываться, скрыться
притаивание	1	припаивание, притаскивание, пристраивание, присваивание, притягивание	бахча-хьвай:senses[1].text:притаивание; утайка
притаивался	1	припаивался, пристраивался, притрагивался, присваивался, притягивался	бахча-хьвай:senses[1].examples[1].ru:хоть притаивался бы
приступлении	1	притуплении, преступлении, исступлении, преступление, приставлении, притупление	бисмила:senses[1].examples[0].comment:что-либо; напр. при приступлении к трапезе
приступление	1	притупление, преступление, исступление, приставление, поступление, наступление	нигат:senses[1].text:приступление к какому-либо религиозному обряду
приступиться	1	притупиться, приступить, приспуститься, пристроиться, пристраститься	квер:senses[0].examples[3].ru:подступиться, приступиться
пристрочить	1	пристроить, прострочить, при строчить, приторочить, прочистить, пристрастить, присочинить	кьегӏ:senses[0].examples[0].ru:наложить швы, сшить стёжками, пристрочить
пристижённо	1	пристыжённо, пристыжёно, приближённо, приструнёно, прижжёно	нечадго:senses[0].text:стыдливо, пристижённо, сконфуженно, застенчиво, стеснительно; несмело, робко
приспособливание	1	приспосабливание, приспособление, приспосабливавшие, приспосабливающие, приспособлявшие	ругьунлъи:senses[2].text:приспособливание, акклиматизация, адаптация
присомтра	1	присмотра, пристрастие	тох:senses[0].examples[2].ru:не оствляйте детей без присомтра
присобление	1	приспособление, приспособленке, приспособленец, приспособленные	маххало:senses[0].text:ремизы (присобление для уплотнения ткани ковров, шалей и тому подобное)
присвоиить	1	присвоить, пристроить, притворить, присборить, приотворить	полковниклъи:senses[0].examples[0].ru:присвоиить звание полковника
присвоеноо	1	присвоено, присвоено о, присвоение, присвоенный, пристроено	адмираллъи:senses[1].examples[0].ru:ему присвоеноо звание адмирала
прирастётся	1	пристрастится, разрастётся, прирастая, срастётся	гъоркь:senses[0].examples[15].ru:да не прирастётся внизу [в земле] и не пробирается вверх [наружу]
прирастился	1	причастился, при растился, пристрастился, пристрастится, припустился, прифрантился	бакъвачӏагӏа:senses[0].examples[1].ru:Для густой бузы солод подготовили, Чтоб прирастился в мякину положили
приподнесшая	1	преподнесшая, при поднесшая, приподнявшая, приподнимавшая, поднесшая, преподнёсшая	кьезе:senses[6].examples[2].ru:да здравстыует рука, дар приподнесшая
приплюснуться	1	приплюснуть, приплюснутость, приплюснут, притиснуться	хъибихъизе:senses[0].text:сплющиться, приплюснуться; расширяться, расшириться
приобревший	1	приобретший, приобретавший, приободривший, подобревший, приобщивший	лъай:senses[3].examples[0].ru:не приобревший сознания ребёнок
примыкающиеся	1	при мыкающиеся, примы кающиеся, пресмыкающиеся, примазывающиеся, протыкающиеся, примащивающиеся	ратӏа:senses[0].examples[1].ru:рёбра, примыкающиеся к передней ноге
примкнуться	1	приткнуться, примкнуть, прикинуться, проникнуться, прикоснуться	рахъ#1:senses[4].examples[4].ru:перейти на сторону; присоединиться, примкнуться к кому-либо
примечетских	1	периметрических, примиренческих, причетнических	напакъа:senses[0].examples[0].comment:учащимся примечетских школ аульчане выделяли продукты на пропитание
примекнулся	1	приткнулся, применялся, примерился	гӏондокь:senses[1].examples[0].ru:покажись, ласка, только хвост твой мне примекнулся
прилюбиться	1	полюбиться, прилепиться, прибиться, приключиться	базе:senses[30].examples[30].ru:приглянуться, прилюбиться
прилипаются	1	приливаются, прилагаются, приласкаются, припаиваются, прилаживаются	рекӏ-рекӏине:senses[0].examples[0].ru:руки прилипаются
прилипаться	1	приливаться, прилизаться, прилипать, прилагаться, приласкаться, припаиваться	рекӏ-рекӏине:senses[0].text:прилипать, прилипаться
прилеплённый	1	прилепленный, прищеплённый, прикреплённый, приплетённый, притуплённый, приселённый	гъабударекӏ:senses[0].text:прилеплённый к лозе
прилежать	1	пролежать, прилетать, прибежать, прилегать, при лежать, принадлежать, прилететь, прилепить, приезжать	хьибил:senses[0].examples[4].ru:прилежать
прикутанные	1	припутанные, перекутанные, прикуренные, прикушенные, припрятанные	ракь:senses[3].examples[3].ru:прикутанные земли
прикурнуть	1	прикорнуть, при курнуть, прикрикнуть, прикурить, прикрякнуть, прикинуть	кӏкӏуй:senses[0].examples[2].ru:прикурнуть; сделать один затяжок
прикопать	1	прикопить, прикипать, прокопать, притопать, приковать, прикупать, при копать, приковывать, приклепать, приколоть, прикатить	гъабу:senses[0].examples[3].ru:прикопать виноградную лозу
приклонить	1	преклонить, прислонить, при клонить, приколотить, прикончить, приклеить, прикнопить	бетӏер:senses[0].examples[9].ru:негде голову приклонить
приклееный	1	приклеены, приклеенный, при клееный, приклепанный, прикопленный, прикупленный, проклеенный	ракь:senses[6].examples[13].ru:как вкопанный; как к земле приклееный человек
приказанье	1	приказание, приказанные	буюр:senses[0].text:приказ, приказанье
прижками	1	прыжками, пряжками, пружками, прижимками, прижимами, придирками, примерками	кьурди:senses[1].examples[0].ru:пляска с выбиванием дроби; танцы с прижками
приемлимо	1	приемлемо, приемлем, приморцем	къабул:senses[0].text:приемлимо, удовлетворительно; согласно
приедеть	1	приедет, приодеть, приедете, приедешь, предвидеть, придет	ичӏабилелъ:senses[0].examples[0].ru:он приедеть девятого декабря
придержаться	1	продержаться, при держаться, придерживаться, придержать, поиздержаться, придерживать	тавбу:senses[0].examples[0].ru:придержаться к покаянию, не грешить дальше
придвать	1	придать, придавать, призвать, придвигать, придавливать, прикидывать, прививать	кваркьи:senses[0].examples[6].ru:окрылять, придвать крылья; воодушевлять, вдохновлять, прибавлять энергии
приданье	1	придание, приданое, приданые, приданные	кӏатӏи:senses[0].examples[2].ru:в крупном ауле девушек на приданье полно; аул большой — платков много
пригребав	1	пригребла, пригреб, пригрев	бухӏун:senses[0].examples[0].ru:золу пепла отгребав, золу огня пригребав
пригоже	1	пригожие, пригожее, пригожей, пригожем, пригожею, пригоне, пригожесть	берцинлъизе:senses[0].text:становиться, стать красивым или краше, пригожим или пригоже; (по)красиветь; (по)хорошеть
пригнетать	1	пригнет ать, пригнать, приплетать, прилетать, пригреть	бугӏизе:senses[0].text:совать, засовывать, (за)сунуть, всунуть; пихать, впихивать, впихнуть, запихнуть что-либо куда-либо; пригнетать
приглосят	1	пригласят, приглядят	элги:senses[0].examples[3].ru:и они приглосят тебя в гости
пригать	1	пригнать, пригарь, прыгать, придать, прижать, при гать, прижигать, пригасить, придвигать, пригорать	кӏанцӏизе:senses[0].text:пригать, (с)прыгнуть куда-либо
пригай	1	пригар, прыгай, придай, прижигай, пригибай, придвигай, прилагай	гӏентӏеро:senses[0].examples[0].ru:сиди спокойно не пригай, как мельничный коник
привязанностях	1	привязанность	хӏал:senses[0].examples[10].ru:он не постоянен в своих привязанностях
привяз	1	привязи, привязь, привоз, привез, при вяз, привязка	рахас:senses[0].text:цепь, привяз
привывать	1	прививать, привыкать, призывать, прибывать, привязывать, приковывать, привёртывать, привертывать	ругьунлъизабизе:senses[0].text:приучать, приучить кого-либо к чему-либо; воспитывать привычки, привывать навыки
привительства	1	правительства, представительства, правительств, приятельства, просветительства	хӏукумат:senses[0].examples[2].ru:глава привительства
приведствует	1	приветствует, приветствуемый, приветствие	аллагь:senses[1].examples[16].ru:да благословит и приведствует [его] Аллах
прибывшй	1	прибывший, прибывшей, прибывай, прибывавший	сардилъ:senses[0].examples[4].ru:гость, прибывшй ночью; ночной гость
приблиз	1	приблизь, при близ, прибл из, приблизить, прибл	къого-лъеберго:senses[0].comment:приблиз; счёта
приближаетя	1	приближает, приближается, приближаете, приближает я, приближая	ахирлъизе:senses[0].examples[0].ru:приближаетя конец света
прздничный	1	праздничный, пряничный	праздникалъул:senses[1].text:прздничный
преходяще	1	преходящие, преходящее, преходящей, преходящем, преходящею, преходящий, переходящие, подходяще	абад:senses[0].examples[1].ru:земное жилище — преходяще, загробное жилище вечное
престали	1	перестали, предстали, пристали, преступали, преступили, представали, пролистали	алапа:senses[0].examples[2].comment:т. е. престали платить
пресолиться	1	пролиться, переселиться, преисполниться, пересолить	цӏамгӏаллъизе:senses[0].text:быть, стать пересолённым; пресолиться
пресняки	1	пресненский	беччизе:senses[0].examples[4].ru:пресняки
прерывистие	1	прерывистое, прерывистые, прерывист	хӏункъдизе:senses[0].text:издавать прерывистие звуки
преровный	1	прерывной, прерывный, проверенный, проверочный, препротивный, неровный	цӏанбитӏараб:senses[0].text:совершенно ровный, ровный-преровный
пререзала	1	перерезала, прирезала, прорезала, перелезала, перезаказала, презирала, перезапрягла	милица:senses[0].examples[0].ru:Гордая милиция пререзала им путь, В сторону степей повернула их
преприятнейшем	1	пренеприятнейшем, неприятнейшем, пренеприятнейшим, пренеприятнейший	кӏалгӏа-ралъад:senses[0].examples[0].ru:он в хорошем расположении духа; он в преприятнейшем настроении
преподначенное	1	предназначенное, преподнесенное, преподнесённое, предначертанное	насиб:senses[0].text:доля, удел; удача, счастье; что-либо преподначенное судьбой
преподавательствовать	1	председательствовать, предводительствовать, преподавательский, председательствовавший	мударислъи:senses[0].examples[0].ru:работать преподавателем, преподавательствовать
преподавательство	1	преподавательский, преподавательница, преподавательниц, преподаватель	мударислъи:senses[0].text:преподавательство
преобъяснить	1	объясниться, объяснить	чӏамизе:senses[0].examples[3].ru:преобъяснить
прен	1	пирен, парен, арен, поен, прет, прел, плен, преп, крен, прея, прем, пред, прею, хрен, прение	макърагӏин:senses[0].comment:прен.; буквально
премирие	1	перемирие, примирение, припрем, примиренцем, приемлем	биххизе:senses[5].examples[2].ru:нарушить мир, премирие
преливчатый	1	переливчатый, переливчат	гугьар:senses[0].examples[0].ru:преливчатый
прекратитья	1	прекратить, прекратиться, прекратится, прекратить я, прекращать, превратить	къатӏизе:senses[0].text:прекращаться, прекратитья; утихать, утихнуть
презр	1	презрю, прорез	къвачӏа:senses[0].examples[14].ru:презр. беднота, бедный люд, нищие
президентствовать	1	президентство, антрепренерствовать, антрепренёрствовать, воспрепятствовать	президентлъи:senses[0].examples[0].ru:президентствовать
предсумеречнюю	1	предсумеречною, предсумеречную, предсумеречный	бакъани-маркӏачӏуда:senses[0].text:в ранний вечер; в предсумеречнюю пору
предстоятель	1	предстоят ель, предстоять, предстоят, председатель	имам:senses[1].comment:лицо, возглавляющее молитву-намаз мусульман; предстоятель на молитве
предсказитель	1	предсказатель, пред сказитель, представитель, предсказать, председатель, распределитель	кагьин:senses[2].text:прорицатель, предсказитель, пророк
предпринимательница	1	предпринимательства, предпринимательский, предпринимательство, предприниматель	предприниматель:senses[0].text:предприниматель и предпринимательница
предовтратить	1	предотвратить, предотвращать, превратить	гьукъизе:senses[1].examples[0].ru:предовтратить беду
предназначеный	1	предназначены, предназначенный, предназначений, предназначение, предназначаемый, предназначай, переназначенный	насибаб:senses[0].text:судьбою предназначеный, предписанный
предмедах	1	предметах, предметиках	лъоба:senses[2].comment:употребляется, когда речь идёт о предмедах, находящихся выше говорящего
предл	1	пред, прел, предал, предел, предо, предс	цо:senses[3].text:употребляется в-ка; пожалуйста (располагается в предл. после повелительных форм
предводить	1	пред водить, предводитель, препроводить, предвосхитить, превосходить	бихьизабизе:senses[1].examples[1].ru:предводить, руководить
предвижения	1	передвижения, продвижения, предвидения, профдвижения, передвижение, предварения, предвидение	рекӏине#3:senses[1].comment:на средства предвижения
предасть	1	предаст, предать, предстать, предавать	хвел:senses[0].examples[16].ru:предать огню, уничтожить, разрушить; предасть огню смерти
прегрешить	1	предрешить, погрешить, преградить, перерешить, грешить	гӏасилъизе:senses[1].text:совершать, совершить недозволенное; прегрешить; отступиться; ослушаться
превышащий	1	превышающий, превышавший, превышай, превышений	исрапаб:senses[1].text:превышащий норму, меру; выходящий за предел
пребранка	1	перебранка, перебрана	къацанди:senses[1].examples[0].ru:пребранка женщин
пребирать	1	перебирать, прибирать, пробирать, презирать, перебрать, притирать, припирать	чӏумал:senses[1].examples[0].ru:пребирать чётки
пребивание	1	перебивание, пробивание, пребывание, перебеливание, прививание, прореживание, приманивание	кӏотин:senses[1].text:пребивание под действием наркоза
прдставительство	1	представительство, представительств, правительство, представительность, представительский	вакиллъи:senses[0].text:прдставительство, полномочие
првыкнуть	1	привыкнуть, приобвыкнуть, прицыкнуть, выкрикнуть	ругьунлъизе:senses[0].examples[0].ru:првыкнуть к курению
прапорщица	1	прапорщика, прапорщик, притворщица, подборщица, потворщица	прапорщик:senses[0].text:прапорщик и прапорщица
празничный	1	праздничный, приграничный, практичный, пряничный, прозаичный	гӏидалъул:senses[1].text:празничный
пприбавилось	1	прибавилось, прибавлялось, прибарахлилось, прославилось, позабавилось	мукъраниб:senses[1].examples[0].ru:разбогател; в зобе зёрнышко пприбавилось
появивийся	1	появившийся, проявившийся, появлявшийся, подивившийся, поживившийся	цӏи:senses[0].examples[1].ru:вновь появивийся
поэти	1	поэт, поэта, поэте, порти, пойти, поэты, поэту, почти, по эти, поэт и	элго:senses[0].examples[1].ru:те самые поэти приезжали и в наш аул
пощелкнуть	1	по щелкнуть, прищелкнуть, щелкнуть, пощелкать	чӏвархизабизе:senses[0].examples[0].ru:пощелкнуть кнутом
почувстовали	1	почувствовали, посочувствовали, прочувствовали, сочувствовали, чувствовали	чӏвазе:senses[17].examples[3].ru:с утра почувстовали солнечное тепло
почончить	1	покончить, починить, поточить, подточить, помочить	бахъизе:senses[25].text:почончить с чем-либо, прекращать, прекратить что-либо
потчевает	1	потчевать, потчевание, отпотевает, отчерпывает	хӏама:senses[0].examples[23].ru:на осле сидит — потчевает, на коне сидит — попивает
потвердить	1	подтвердить, по твердить, отвердитель, твердить, посердить, отвердеть	у:senses[0].examples[0].ru:потвердить, дакать
потатуйка	1	потатчика	гьудгьуд:senses[0].text:удод, потатуйка
посёлковый	1	поселковый, полушёлковый, полосковый	посёлокалъул:senses[1].text:посёлковый
посёлковой	1	поселковой, посёлков ой, полушёлковой, новосёлкой, полосковой, полковой	посёлокалъул:senses[1].examples[1].ru:глава посёлковой администрации
посыпивание	1	посыпание, посапывание, подписывание, попискивание	карщ:senses[1].examples[3].ru:заливать, выдумывать небылицы; рассказывать вещи, напоминающие посыпивание мякини в кашу
постояность	1	постоянность, постоянство, постыдность, поясность, постоянен	даимлъи:senses[1].text:постояность, вечность
постилаемый	1	подстилаемый, постигаемый, перестилаемый, настилаемый, застилаемый, устилаемый	какикьжо:senses[0].text:коврик (постилаемый при совершении намаза), намазлык
посмещищем	1	посмешищем, посмешище, посещением, посвищем	гӏадамал:senses[0].examples[4].ru:стать всеобщим посмещищем
посллелог	1	послелог, послесловие	цебеса:senses[3].text:посллелог спереди кого-чего-либо
послеложный	1	после ложный, послеполетный, осложненный, посложней, поселочный	хадурегӏелалъулаб:senses[0].text:послеложный
послеложная	1	после ложная, послеполетная, послужная, поселочная, поселенная	хадурегӏелалъулаб:senses[0].examples[0].ru:послеложная структура
послелоги	1	послелог, послелога, послелоге, послелогу, после логи, послелог и, послесловии	хадурегӏел:senses[0].examples[2].ru:послелоги не имеют своего значения
последыш	1	последы, послед	ахирисеб:senses[0].examples[1].ru:последний ребёнок, последыш
последне	1	последе, последние, последнее, последней, последнем, последнею, после дне, послед не, последний, послед	ахираб:senses[0].examples[2].ru:последне время он изрядно вырос
поскрипнуть	1	по скрипнуть, скрипнуть, осипнуть	къиризе:senses[0].text:издать скрип, поскрипнуть
поскребыш	1	поскреб	къвачӏакӏутӏ:senses[0].text:поскребыш, последний ребёнок в семье; сумотряс
посевный	1	посевной, посевные, посевным, посевных, повседневный, посеянный, подневный, посещенный	рекьул:senses[1].text:пахотный, посевный
посевать	1	поспевать, подсевать, подевать, досевать, позевать, посещать, пожевать, посев ать, посетовать, подоспевать, посватать, повоевать	хур:senses[0].examples[1].ru:засевать, посевать поле, вспахать поле
порожным	1	порожним, пирожным, порожнем, породным, дорожным, порочным, порожденным, порождённым, опорожненным, опорожнённым	чӏобоголъизе:senses[0].text:стать пустым, (о)пустеть; опорожняться, опорожниться; освобождаться, освободиться; становиться, стать порожным
порожный	1	порожний, пирожный, порожней, породный, дорожный, порочный, порожденный, порождённый, опорожненный, опорожнённый	чӏобогояб:senses[0].text:пустой, порожный; свободный
поразительность	1	по разительность, порази тельность, заразительность, сообразительность, разительность, разорительность	хӏикмалъи:senses[2].text:поразительность, странность, удивительность
попрыгуня	1	попрыгунья, попрыгуний	кӏанцӏеро:senses[0].examples[0].ru:блоха — попрыгунья, но стрекоза — попрыгуня намного крупнее неё
попрыгун	1	по прыгун, попрыгунья, попрыгуний, попрыгунчик, прыгун	кӏанцӏеро:senses[0].text:попрыгунчик, попрыгун; попрыгунья
попрыгивать	1	подпрыгивать, подрыгивать, допрыгивать, припрыгивать, отпрыгивать, выпрыгивать, впрыгивать	бачине:senses[9].examples[0].ru:попрыгивать
попрыгивание	1	подпрыгивание, перепрыгивание, выпрыгивание, впрыгивание, подпрыгивавшие	кӏанцӏей:senses[1].text:попрыгивание
попрать	1	попирать, поорать, потрать, поправь, подрать, побрать, пожрать, поп рать, поправеть, поправить, попрятать, попрыгать	басра:senses[0].examples[0].ru:попирать, попрать
попорядку	1	по порядку, миропорядку, правопорядку, порядку, порядочку	хадуб-цебе:senses[0].text:попорядку, последовательно
попортиться	1	подпортиться, по портиться, портиться, попортить, поворотиться, попятиться	хвезе:senses[2].text:(ис)портиться, попортиться; пропадать, пропасть
поплеснуть	1	по плеснуть, плеснуть, подхлестнуть, ополоснуть, полоснуть	чӏвазе:senses[20].examples[83].ru:умыться; поплеснуть водой лицо
поплакнуть	1	всплакнуть, поплакать, поддакнуть	мигьлъизе:senses[0].text:уменьшаться, уменьшитсья; убавляться, убавиться; всхлипывать; поплакнуть
поньюхать	1	понюхать, пронюхать, понаехать	сунтӏизе:senses[0].examples[0].ru:поньюхать запах
понул	1	пнул, погнул, пнуло, тонул, понур, посул, понял, подул, пхнул, понукал	жем-жемизаби:senses[0].text:понул.
поношеный	1	поношены, поношенный, по ношеный, проношенный, пообношенный, потрошеный, неношеный	пинжак:senses[0].examples[0].ru:старый (поношеный) пиджак
поминнках	1	поминках, поминах, починках	дугӏа:senses[0].text:мольба, зов, просьба; молитва (после намаза, еды, при поминнках и тому подобное)
помакать	1	потакать, помыкать, помазать, помахать, по макать, пом акать, поскакать, помешкать, поплакать, поматывать	ччуйзе:senses[0].examples[1].ru:и то и другое хочешь; хочешь и похлебать и помакать
польностью	1	полностью, вольностью, зольностью, монопольностью, поддельностью, похвальностью, полётностью	юхъарухъан:senses[0].examples[0].ru:сегодня пропольщица прополола польностью маленькое поле
полуумный	1	полоумный, полу умный, полубезумный, полутемный, полутёмный, полумассный	тӏубараб:senses[1].examples[6].ru:ненормальный, неполноценный, неполноумный, полуумный
полуумие	1	полоумие, полумиле, полумили	ботӏрокълъи:senses[0].text:полуумие; безглавие
полуметрами	1	полумерами, полу метрами, полуметра ми, полуметра, полуметаллами, полумиллиметра, полуметровыми	натӏ:senses[0].examples[2].comment:полуметрами
полуколония	1	полу колония, рукоположения, полнолуния, полония, колония	колония:senses[0].examples[2].ru:полуколония
полопаешь	1	похлопаешь, потопаешь, покопаешь, поломаешь, по лопаешь, полоскаешь, полетаешь	хӏалтӏи:senses[1].examples[15].comment:что потопаешь, то и полопаешь
положа	1	положат, положи, положе, полоса, полола, положу, полоза, полога, полоща, похожа, по ложа	гьедизе:senses[0].examples[1].ru:клясться, положа руку на Коран
полномоченным	1	уполномоченным, полн омоченным, полно моченным, уполномоченный, полномочным, помоченным, полномочный	ихтияр:senses[0].examples[5].ru:иметь право; быть полномоченным в каких-либо делах
полмешка	1	полешка, полешкам, пол мешка, помешкать	бащдаб:senses[0].examples[3].ru:полмешка
политэкономический	1	полит экономический, полигонометрический, микроэкономический, макроэкономический, общеэкономический	политэкономияб:senses[0].text:политэкономический
политтика	1	политика, полит тика, политико, политик, политрука, полосатика	реакционияб:senses[0].examples[1].ru:реакционная политтика
полинь	1	полить, покинь, полынь, по линь, полинять	хъияхъ:senses[0].text:полинь
полвесны	1	пол весны, полновесны	их:senses[0].examples[4].ru:прошла полвесны
полбарана	1	пол барана, полба рана, покарана	ракьхъен:senses[0].examples[0].ru:половина барана, полбарана
покукарекал	1	прокукарекал, по кукарекал, кукарекал, покумекал, попрекал	хӏелеко:senses[0].examples[0].ru:петух покукарекал
покрывить	1	покривить, покрывать, покрыть	гьереси:senses[0].examples[0].ru:(со)лгать, (со)врать, говорить неправду; покрывить душой; искажать правду; брехать
покрапывание	1	похрапывание, накрапывание, подкапывание, поскрипывание, покряхтывание	щунщун:senses[0].text:покрапывание дождевых капел
покрапывал	1	прокапывал, похрапывал, накрапывал, покрывало, покрывал, подкапывал	щунщун:senses[0].examples[0].ru:дождь покрапывал
поколебимость	1	непоколебимость, неколебимость	бусса-свери:senses[1].text:уступчивость, поколебимость
поклястся	1	поклясться, поклянётся, поклянется, поклянутся, поклюётся	гьедизе:senses[0].examples[2].ru:вор поклястся, шлюха поплачет
покаркала	1	покарала, прокаркала, пошаркала, по каркала, покалякала, покрякала, покараулила, покапала	хъвагӏдезе:senses[0].examples[0].ru:ворона покаркала
покапывает	1	окапывает, прокапывает, подкапывает, посапывает, покалывает, показывает, откапывает, обкапывает, перекапывает, похрапывает	цӏад:senses[0].examples[7].ru:капает, покапывает
позудело	1	погудело, похудело, по зудело, позу дело, подзудило	балагьизе:senses[9].examples[5].ru:поискал — нашёл, позудело — почесал
позорнике	1	озорнике, поморнике, поборнике, озорник	бетӏеркъотӏ:senses[0].examples[0].comment:о позорнике
поздоровкании	1	бороздовании, позировании, дозировании	кьабизе:senses[0].examples[8].ru:брать руку (при поздоровкании); брать руку ударом [своей руки]
позвращают	1	возвращают, поз вращают, развращают, извращают, постращают, отвращают	тӏагъур:senses[0].comment:с отца, у которого родился сын; позвращают после обмывки
позапрошлогодный	1	позапрошлогодний, позапрошлогодней, прошлогодний	кьерцсинаб:senses[0].text:позапрошлогодный
позапрошлогодного	1	позапрошлогоднего, позапрошлогодний	кьерцсинаб:senses[0].examples[0].ru:кукуруза позапрошлогодного урожая
позапозапрошлый	1	поза позапрошлый, позапрошлый	кьорцониса:senses[0].text:позапозапрошлый год, в позапозапрошлом году
пожурчала	1	прожурчала, по журчала, журчала, пожурила	кӏулкӏудизе:senses[0].examples[0].ru:нежно пожурчала мне вода родника родного аула
подённо	1	подённое, подённой, подённом, подённою, подённый, подведёно, подгноёно	къол:senses[0].text:подённо
подходяший	1	подходящий, подходивший, походивший, подохший	сверел#2:senses[0].examples[0].ru:иметь подходяший момент
подхалимажом	1	подхалимажем, подхалима жом, подхалимаж ом, подхалимаж, подхалимом, подхалимском, подхалимством	хӏеладго:senses[0].text:с подхалимажом, с угодливостью; с желанием угождать, подлизываться
подушиться	1	потушиться, подучиться, по душиться, поду шиться, подурачиться, подступиться, удушиться, душиться	одеколон:senses[0].examples[1].ru:подушиться одеколоном
подтвержение	1	подтверждение, подтвержденные, подтверждавшие, подтверждающие, повержение	исбат:senses[0].text:доказательство, подтвержение
подталкиваться	1	подталкивать, подтапливаться, проталкиваться, подталкивания	тенкезе:senses[0].text:подталкиваться, толкаться; толкать друг друга
подстрекнуть	1	подстрекать, подстегнуть, попрекнуть, подчеркнутость	гьусизе:senses[0].text:натравливать, натравить; науськивать, науськать кого-либо на кого-что-либо; подстрекать, подстрекнуть кого-либо на что-либо
подствавляющий	1	подставляющий, поставляющийся, подплавляющийся, подавляющийся, поставляющий	кьихь:senses[0].examples[0].ru:человек, у которого ни кармана, ни кисета, но подствавляющий подол
подсос	1	поднос, подрос, подкос, подсох, подсосный	чӏунтӏ:senses[0].text:молоко, надаиваемое за один подсос; капля молока
подседельник	1	подседельный, понедельник, подсвекольник, пододеяльник	гъалтахъ:senses[0].examples[0].ru:подседельник
подр	1	под, пор, одр, прод, поди, пода, подо, поде, подл, подп, поды, поду, бодр, по др	хапун:senses[0].comment:подр. — о быстром хватании
подпоясывания	1	подписывания, подпоясывая, подпоясывавший, подпоясываться	хвалченбухьи:senses[0].comment:связанный с совершеннолетием сына хана с ритуалом подпоясывания сабли
подорожение	1	подорожание, подорожнике, порождение, подороже, продолжение	къиматлъи:senses[2].text:подорожение, дороговизна
подожды	1	подожди, подожду, подождать	цодагьалъ:senses[0].examples[0].ru:подожды ещё немного
подниаться	1	подниматься, поднабраться, породниться, поднатужиться, подписаться	лъоба:senses[2].examples[5].ru:подниаться туда в горы
подмачивать	1	подманивать, подначивать, подтачивать, подкачивать, подмасливать, подворачивать, подкорачивать, подщелачивать	хӏеккинабизе:senses[0].text:размачивать, размочить; подмачивать, подмочить
подмастил	1	подмаслит, подмаслил, подсластил, подстилал	масс:senses[0].examples[0].ru:ты мне подмастил
подмаренник	1	подмаргивание	маркь:senses[0].text:подмаренник
подкувшинник	1	подкинувший	гӏертӏикькквел:senses[0].text:войлочная накидка (используемая аварками при ношении на спине кувшина с водой); подкувшинник
подиматься	1	подниматься, поджиматься, пониматься, подыматься, подуматься, пожиматься, подмазаться, позаниматься, подписаться, подтираться	къимат:senses[0].examples[0].ru:подиматься в цене
поджареные	1	поджарены, поджаренные, под жареные, поджаренный, пожаренные, подаренные, поджарые	барсизе:senses[1].examples[2].ru:поджареные бобы
поддёргиваться	1	подёргиваться, поддёргивать, продёргиваться, подергиваться, отдёргиваться	бер#1:senses[0].examples[57].ru:поддёргиваться, дёргаться — о веках
подданых	1	подданных, поддатых, поданных, подданный, подделанных, поддонных	тӏалаб-агъаз:senses[0].examples[5].ru:заботиться о подданых
подгреться	1	погреться, подогреться, под греться, подтереться, подпереться, подгружаться, прогреться	бахьизе:senses[0].text:согреваться, согреться; подогреться, подгреться; (по)теплеть; становиться, стать чуть тёплым, умеренно тёплым, тепловатым
подготовляться	1	подготовлять, подготовиться, приготовляться, подготовляя	хӏадурлъизе:senses[0].text:(под)готовиться, подготовляться; приготовляться, приготовиться к чему-либо; делать приготовления, провести подготовку; собираться, собраться
подводой	1	подводной, подводкой, подводов, подводом, под водой, подвод ой, подводимой, подвидовой, подворной, подвозной	гьоко:senses[0].examples[5].ru:возить подводой
подвешанные	1	подвешенные, подмешанные, подверстанные, подведенные, подвешенный, подвязанные	сел:senses[0].comment:вдетая в верёвки, подвешанные на крючки с потолка; в основном употребляется для сушки мяса и сыра
подвержённый	1	подверженный, подтверждённый, подведённый, подвезённый, подтвержденный	мазлум:senses[0].text:пострадавший от насилия, подвержённый насилию человек
подвержённого	1	подверженного, подтверждённого, подведённого, подвезённого, подтвержденного	мазлум:senses[0].examples[0].ru:ропот подвержённого насилию человека угнетатель не услышит
погребалные	1	погребальные, погребальный, погребенные, погребённые, погребные	мали:senses[2].text:носильки (для переноски больных); погребалные носилки
погостившись	1	погостивший	бугӏа:senses[1].examples[1].ru:хлебом-солью привязанности приобретёшь, погостившись — доверия приобретёшь
погано	1	погона, поганое, погнано, поганой, поганок, поганом, поганою, погани, погань, поганя, подано, пугано, поганю, поганка, погашено	квеш:senses[0].text:плохо, дурно, скверно, погано просторечное слово, выражение; зло
поганно	1	погнано, поруганно, опоганено, поганка, погань	капурго:senses[1].text:отвратительно, поганно
повязываться	1	повязывать, отвязываться, обвязываться, привязываться	тӏадчӏвазе:senses[0].text:повязываться, повязаться чем-либо; накидывать, накинуть что-либо
повинованию	1	повиновению, повиливанию, повизгиванию, компонованию, подвинчиванию	нахъбилълъинабизе:senses[0].text:заставлять, заставить кого-что-либо повиноваться; приводить, привести к повинованию
повечерело	1	по вечерело, вечерело, повечерие, повертело, черепослов	къасимех:senses[0].examples[0].ru:повечерело, вечер наступил
повестую	1	повествую, повестью, повес тую, поверстную	къиса:senses[0].examples[1].ru:я тебе повестую о тех, кто остался в пещере
повестти	1	повести, повестки, подвести, провести	тала#1:senses[0].examples[2].ru:повестти стадо на поляну
повернутья	1	повернуть, повернуться, повернутая, повернутся, повернуть я, повернут, повергнуться, провернуться, повергнуть	нахъбуссине:senses[0].text:возвращаться, возвратиться, вернуться; повернутья обратно
повелика	1	повилика, по велика, повели ка, повеллита	борхьил:senses[1].examples[1].ru:повелика Куркута
поварачиваясь	1	поворачиваясь, подворачиваясь, проворачиваясь, переворачиваясь, подговариваясь	битӏухъе:senses[0].examples[0].ru:иди прямо, никуда не поварачиваясь
поварачивать	1	поворачивать, подворачивать, посворачивать, проворачивать, подкорачивать	тиризе:senses[3].text:вращать, поварачивать, повернуть; крутить, вертеть что-либо
поварачивайся	1	поворачивайся, поворачивавшийся, поворачивающийся, переворачивайся, покачивайся	буссине:senses[3].examples[2].ru:поварачивайся!
поборёт	1	поорёт, обопрёт, поборет, поберёт, поборют, побор, оботрёт	пударизе:senses[1].examples[0].ru:хвастаться, что любого поборёт
поблеяли	1	проблеяли, поблекли, по блеяли, облепляли, пособляли, побелели	багӏдизе:senses[0].examples[0].ru:овцы поблеяли
победнеть	1	обеднеть, побледнеть, по беднеть, победнее, победить, беднеть, пообедать	тӏеренлъизе:senses[3].examples[0].ru:победнеть, стать бедным
победнел	1	обеднел, побледнел, победнее, победней, по беднел, побелел	хъарцин:senses[1].examples[1].ru:старик победнел
победнеешь	1	обеднеешь, побледнеешь, по беднеешь, победнее, побелеешь, пообедаешь, обедняешь	кваназе:senses[0].examples[1].ru:не умеешь кушать — похудеешь, не умеешь работать — победнеешь
плошадь	1	лошадь, плошать, площадь	ритӏел:senses[0].examples[1].ru:ровная плошадь
плотят	1	сплотят, платят, плодят, воплотят, плот	ужра:senses[0].examples[1].ru:плотят по работе
плотнить	1	уплотнить, плот нить, плотничать, плотность, сплотить	хъегъезабизе:senses[0].text:сделать плотным; (по)плотнить
плоскоти	1	плоскости, плоски, плотности, осиплости, сколоти	гьабугьин:senses[0].examples[1].ru:на плоскоти река течёт медленно
плет	1	лет, плети, полет, плеть, плетя, плету, плюет, плит, плат, плот, поет, плен, пнет, прет, плев	цӏал#1:senses[0].text:кнут, плет, плётка, нагайка, бич
плесневать	1	плесневеть, плеваться, наплевать, сплевывать, плевать	ккалазе:senses[0].text:(за)плесневать; покрываться, покрыться плесенью
пленящий	1	пенящий, пленяющий, ленящийся, леденящий, пленений, лепящий	панаяб:senses[1].text:очаровывающий, пленящий; за душу берущий
племяница	1	племянница, племянниц, племянника, пленница	студентка:senses[0].examples[1].ru:моя племяница — студентка университета
племяником	1	племянником, племянниковом, племянничком, племянников, племянник	къайимлъи:senses[0].examples[1].ru:дядя взял на себя опекунство над сиротой [племяником] перенести
плево	1	плове, плев, плевое, плевой, плевок, плевом, плевою, плева, плеве, влево, плело, плевы, плеву, плечо, плев о	хелет:senses[0].text:мокрота, плево
планетал	1	планета, планетам, планетах, плане тал, планетолет, планетка, планет, планшет	планетарий:senses[1].text:планетал хьвадулеб куц бихьизабизе бараб хасаб мина
планетазул	1	планета	планетарий:senses[0].text:планетарий (1. планетазул хьвади бихьизабулеб прибор
планеристка	1	планериста, планерист ка, планерист	планеристка:senses[0].text:планеристка
планалде	1	планиде	топография:senses[1].text:планалде ва картаялде босизелъул ракьул тӏасияб рахъ борциналъул гӏелму 2. бакӏалъул бугеб хӏалалъул план ва карта гьаби
плагиатством	1	плагиаторством, плагиаторство, плагиатором	плагиатлъи:senses[0].examples[0].ru:заниматься плагиатством
плагиатство	1	плагиаторство	плагиатлъи:senses[0].text:плагиатство
писменную	1	письменную, посменную, пи сменную, смененную, сменную, сметенную, смещенную	хъвадаризе:senses[0].text:заниматься писанием, писаниной; выполнять, выполнить писменную работу
писменности	1	письменности, пи сменности, письменность, сменности, пламенности, низменности	хъвай-хъвагӏай:senses[2].examples[0].ru:бесписьменный, не имеющий писменности
пирей	1	пире, порей, пирен, пырей, пируй, гирей, чирей, пищей, жирей, хирей, пи рей, пир ей, пиореей	мацӏ#1:senses[0].examples[32].ru:пирей
пионеразул	1	пионе разул, пионерлагерь	пионервожатая:senses[0].comment:пионеразул вожатая
пильник	1	поильник, пыльник, пильщик, напильник, пилильщик	хӏургьукъ:senses[0].text:пильник; защищающий от пыли
пиль	1	пил, иль, шпиль, пили, пила, пило, пиле, пить, киль, пилы, пыль, пиля, пяль, миль, пилу	хӏур:senses[0].examples[11].ru:осёл кувыркается там, где пиль мягка
пещерообразный	1	первообразный, веерообразный, зверообразный, пеплообразный	нохъахараб:senses[1].text:пещерообразный, с углублениями; пещеристый
петлиться	1	теплиться, перелиться, печалиться, переселиться, петушиться	кӏичӏ-кӏичӏизе:senses[0].text:искривляться, извиваться, петлиться; становиться волнистым
песый	1	пейсы, песий, пестрый	гьвел:senses[1].text:собачий, псиный, песый
песчанная	1	песчаная, песчанистая, пересданная, пересланная, счесанная	авлахъ:senses[0].examples[0].ru:песчанная равнина
пест	1	пес, ест, поест, песет, пестр, перст, спет, паст, песо, пост, тест, мест, пуст, уест, шест	ражихо:senses[0].examples[0].ru:по ступе и пест
песень	1	песен, песнь, плесень, печень, пе сень, пень, сень	диск:senses[2].examples[0].ru:записать диск новых песень
персиовым	1	персиковым, персиковый	мокьрогъветӏ:senses[0].examples[1].ru:мы сидели под персиовым деревом
перехватиить	1	перехватить, перехваливать, перехватывать, перехвалить, перепихивать	тӏадбахъине:senses[0].text:перебивать, перебить, перехватывать, перехватиить что-либо у кого-либо
пересытиться	1	пресытиться, перекреститься, переместиться, пересыпаться, перестроиться	ракӏчӏвазе:senses[0].text:наесться до отвала, пересытиться
перессудам	1	пересудам, пере ссудам, пересдам, пересдачам, пересоздам, пересуд	бицардизабизе:senses[0].text:заставлять, заставить кого-либо разговаривать, переговариваться; давать, дать повод разговорам, перессудам
пересолённым	1	переслоённым, пересоленным, переселённым, перетомлённым, перенаселённым, переслащённым, перекислённым	цӏамгӏаллъизе:senses[0].text:быть, стать пересолённым; пресолиться
пересолённая	1	переслоённая, пересоленная, переселённая, перенаселённая, переслащённая, перекислённая, перетомлённая	цӏамгӏалаб:senses[0].examples[0].ru:пересолённая еда
перескакивалось	1	перескакивал ось, перестукивалось, пересказывалось, перетаскивалось, перекрикивалось	мергикьлъел:senses[0].comment:чтобы оно не перескакивалось
пересилиться	1	переселиться, пере силиться, пересилить, перебеситься, перевеситься, перелиться	гочине:senses[1].text:переселяться, пересилиться
перерываясь	1	прерываясь, перекрываясь, перевязываясь, переписываясь, перевертываясь, перемалываясь	гьаву:senses[0].comment:слово, которое проигравший в игре чижики должен нараспев произносить одным выдохом, не перерываясь в течение определённого времени
перерываться	1	прерываться, перекрываться, перемываться, перематываться, перекатываться, перевертываться, перерабатываться	къотӏизе:senses[4].examples[0].ru:перерываться
перервались	1	перевались, прервались, пере рвались, переливались, переваливались, перевалились, перевивались	кьурди-хъат:senses[0].examples[1].ru:танцы перервались, песни начались
перерабативать	1	перерабатывать, перебарщивать, переборанивать, перестраивать, переворачивать	бахъизе:senses[22].text:(с)делать что-либо из чего-либо; перерабативать, переработать что-либо
переполоть	1	переколоть, перемолоть, пере полоть, переполошить, переполнять, переполнить, переползать	бухъизе:senses[1].examples[1].ru:переполоть посевы
переплятник	1	переплетчик	хъергъу:senses[0].text:ястреб-переплятник
перепливать	1	переплавить, переливать, перепиливать, перепаивать, переплывать, переплачивать, переваливать, перехваливать, переперчивать	къотӏизе:senses[5].text:проходить, пройти; проезжать, проехать; переходить, перейти, перепливать, переплить что-либо; переправляться, переправиться, переваливать, перевалить через что-либо
перепечённое	1	пересечённое, пере печённое, переперченное, перекопчённое, перепечатанное, перетолчённое	бежахине:senses[0].examples[1].ru:перепечённое мясо
перепечься	1	пересечься, пере печься, перемочься, перепиться, переправься, перепрячь	бежахине:senses[0].text:перепечься
перепелятник	1	перепелят ник, перепеленок	боржине:senses[0].examples[3].ru:взлетев, ястреб-перепелятник сел на выступ высокой скалы
перепекли	1	перепелки, перетекли, пересекли, пере пекли, перекликали, переклеили, переклички, переплели	бежахине:senses[0].examples[0].ru:картофель перепекли
перенасытиться	1	пере насытиться, перенасытить, перенасыщаться, перемагнититься, перенасыщать	ракӏ:senses[1].examples[90].ru:перенасытиться; начинять в виде колбасы сердце животного фаршем
перенавоженный	1	переналаженный, перенапряженный, перенаправленный, перезаложенный	ракхӏалаб:senses[0].text:обильно унавоженный, перенавоженный — о почве
перемолется	1	перемелется, переколется, перемолвится, перемолоться, перемолвиться, переметнется	гӏемераб:senses[2].examples[2].ru:много муки перемолется на мельнице Али; утечёт много времени
перелёгкий	1	прелёгкий, перелёгший, пере лёгкий, перелёг кий, перелёг	цӏакъ:senses[0].examples[7].ru:очень лёгкий, лёгонький, лёгкий-перелёгкий, легчайший
перелатать	1	перелетать, перелагать, пере латать, перелистать, переделать, переламывать, перелаживать	букъ-букъизе#1:senses[0].text:зашивать многократно, латать-перелатать
перекувыркаться	1	пере кувыркаться, перекувыркиваться, перекувырнуться, перекувырнутся, перекатываться	чӏезе#1:senses[13].examples[10].ru:кувыркаться, кувыркнуться; перекувыркаться, перекувыркнуться, перевёртываться через голову
перекрестнолистная	1	перекрестноопылителя, перекрестноопылитель, перекристаллизованная, перистолистная	риххел:senses[0].examples[3].ru:горечавка перекрестнолистная
перекратиться	1	перекатиться, прекратиться, перекраситься, перекрутиться, перекреститься, перекраиваться, перекрашиваться, перекривиться	хӏухьел:senses[0].examples[4].ru:задохнуться, перестать дышать; перекратиться — о дыхании
перекратилась	1	перекатилась, прекратилась, перекрасилась, перекрутилась, перекрестилась, перекраивалась, перекривилась, перекрашивалась	буран:senses[0].examples[2].ru:вьюга с утра перекратилась
пережареный	1	пережарены, пережаренный, пере жареный, пережаленный, перепаренный, пережененный, передаренный	кьваризе:senses[3].examples[0].ru:пережареный хлеб
передыхать	1	пересыхать, передержать, передрать, перепахать, передать	хӏалхьи:senses[0].examples[0].ru:отдыхать, отдохнуть; передыхать, передохнуть; (с)делать передышку
передыдущий	1	предыдущий, передувающий	сон#1:senses[0].examples[3].ru:передыдущий год
передные	1	передние, переднее, перечные, переданные, переездные, переводные, переходные	фара:senses[0].examples[1].ru:передные фары
переграду	1	преграду, пере граду, перегуду	багъизе:senses[3].comment:о переграду
переградил	1	преградил, перегладил, перегородил	гӏазу:senses[0].examples[9].ru:снег переградил дорогу
переграда	1	преграда, пере града, перегрета, перегрева, перегуда, перегара	буцур:senses[1].text:дамба, переграда
переварёная	1	пере варёная, переваренная, переваривая, переваленная, перевалянная	белъахине:senses[0].examples[1].ru:переварёная рыба
перебрасивающая	1	перебрасывающая, перебривающая, переборанивающая, перебарщивающая, перебрасывающийся	гӏарада:senses[0].examples[1].ru:железная пушка, перебрасивающая во все места
переборёт	1	переборет, переберёт, переборют, перебороть, перебор, перебредёт, перетрёт	махсара:senses[0].examples[0].comment:напр. борьба с целью кто кого переборёт
пердеть	1	переть, пе рдеть, пер деть, переодеть, твердеть, переспеть, перепреть	кьа-кьадизе:senses[0].text:пускать газы, пукать, пердеть
пергрызла	1	перегрызла, пер грызла, перегрызала	букъизе#5:senses[0].examples[2].ru:лиса пергрызла индюшке горло
перговорю	1	переговорю, пер говорю, переговоров, проговорю, поговорю, перегорю	кӏал:senses[0].examples[21].ru:пока я не перговорю с ним, я не могу выдать тебе деньги
первод	1	перво, перевод, период, первое, первой, первом, первою, пер вод, перерод	таржама:senses[0].examples[0].ru:хороший первод
пенчию	1	пению, пенсию, печению	пенсия:senses[0].examples[4].ru:она получает пенчию
пельмены	1	пельмени, пельмене, пельмень, пельменя, пельменю, пельменный, пелены	чӏвазе:senses[20].examples[1].comment:на пельмены
педучилище	1	пед училище, училище	педучилище:senses[0].text:педучилище
пацифисти	1	пацифист, пацифистки, пацифиста, пацифисте, пацифисты, пацифисту, пацифист и, пацифизм	пацифист:senses[0].text:пацифисти пацифистка
пахтанья	1	барахтанья	ратӏал:senses[0].examples[0].comment:после пахтанья
пахву	1	паху, паву, пахну, пахту, пахлаву	магъакь:senses[0].examples[3].ru:мой скакун далеко оставит его коня (при скачках); мой скакун пахву привяжет к хвосту его коня
пахва	1	паха, пава, павах, пахта, пахла, папах	магъакь:senses[0].text:пахва, подхвостник
патруливать	1	патрулировать, выруливать, прогуливать, приваливать	хъаравуллъи:senses[0].examples[0].ru:караулить, сторожить; патруливать; охранять
патронат	1	патрона, патронам, патронаж, патронах, патрон ат, патронша, патрон, матрона, натрон	патронлъи:senses[0].text:патронат
патрик	1	Патрик, парик, патристика	батӏрикъ:senses[0].text:патрик
пасушийся	1	пасшийся, пасущийся, пасующийся, спасавшийся, сушившийся	саяхъ:senses[1].examples[0].ru:пасушийся без надзора табун
пастьбы	1	пасть бы, пасть	ирга:senses[1].examples[0].ru:подворная очередь пастьбы скота
пастушить	1	пас тушить, паст ушить, пасту шить, пастуший	вехьлъи:senses[0].examples[0].ru:чабанить, чабанствовать; пастушить; пасти скот
пасттушеством	1	пастушеском	гӏачивехьлъи:senses[0].examples[0].ru:заниматься пасттушеством, быть пастухом
пасмо	1	пасом, пасло, попас	цер:senses[2].text:пасмо; небольшой ком шерсти, приготовленный для прядения
партшколы	1	парт школы, парткомы	партшкола:senses[0].examples[1].ru:директор партшколы
партшколу	1	парт школу, парткому	партшкола:senses[0].examples[0].ru:он окончил партшколу
партшколе	1	парт школе, партколлегия	партшкола:senses[0].examples[2].ru:учиться в партшколе
партшкола	1	парт школа, парткома	партшкола:senses[0].text:партшкола
партитя	1	партит, партия, партита, партите, партиты, партиту, партит я	христианазулаб:senses[0].examples[0].ru:христианская партитя
парийные	1	партийные, пародийные, аварийные, припайные, парные	орган:senses[0].examples[1].ru:парийные органы
пардав	1	пар дав, пардон	паранжа:senses[0].comment:пардав
параноя	1	паранойя, пара ноя, параноик	параноя:senses[0].text:параноя
параллелопипед	1	параллелепипед, параллелограмм	параллелопипед:senses[0].text:параллелопипед
панцырь	1	панцирь, панцирный	къолден:senses[0].text:кольчуга, панцырь; броня
пант	1	пан, пат, пуант, пани, пинт, пана, пане, панн, парт, рант, вант, паст, панк, пакт, кант	пант:senses[0].text:пант
пандуриста	1	бандуриста, бандурист	пандрихъанлъи:senses[0].text:профессия пандуриста
пандура	1	пандуса, бандура, пан дура, панд ура	пандур:senses[0].examples[2].ru:струны пандура
пандур	1	панду, пандус, бандур, пан дур	пандур:senses[0].text:пандур
палцем	1	плацем, пальцем, паяцем	бадиб:senses[0].examples[0].ru:тыкать палцем в глаза
палиж	1	пали, палит, палил, палим, палиц	паралич:senses[0].comment:палиж унти
падун	1	паду, панду, падут, падуб	катирачӏ:senses[0].text:падун, тысячелистник
павлиное	1	павлине, павлинов, павлинье, павлином, павлин	тӏавусалъул:senses[1].examples[0].ru:павлиное перо
оягнилась	1	ягнилась, о ягнилась, огласилась	къинлъизе:senses[4].examples[0].ru:овца оягнилась
ошарашиться	1	ошарашить, ошарашивать, страшиться, раскрошиться	кара:senses[0].examples[1].ru:ошеломляться, ошеломиться, ошарашиться
очкур	1	очку, курочка	тӏаждарухьен:senses[0].text:шнурок (продеваемый в пояс штанов); гашник, очкур
очистительнный	1	очистительный, чистительный, обольстительный, сочинительный, расточительный	закагӏат:senses[0].examples[0].ru:отчислить очистительнный налог
очередный	1	очередной, очередные, очеретный, очередным, очередных, поочередный, очеретяный, очерченный, удочеренный	иргадулаб:senses[0].text:поочередной, поочерёдный; очередный
очередно	1	очередное, очередной, очередном, очередною, очередность, поочередно, очередник, очередниц	иргадал:senses[0].text:по очереди, по-очередно; один за другим || иргадулаб:senses[0].text:поочередной, поочерёдный; очередный || отпуск:senses[0].examples[2].ru:очередной отпуск
очароваться	1	очаровываться, разочароваться, очаровать, очаровывать	хӏайранлъизе:senses[1].examples[0].ru:быть, стать изумлённым; быть, стать очарованным; восхищаться, очароваться
охранщик	1	охранник, огранщик, охраняющий	лол:senses[0].examples[1].ru:ночной охранщик стоял у входа в загон
охватиться	1	хватиться, обхватиться, схватиться, ухватиться, о хватиться, охватываться, охватить, спохватится, похвалиться	сантӏизе:senses[0].text:сомневаться, колебаться в чём-либо, попасть в нерешительность охватиться пробуждением
оха	1	ох, ха, охра, соха, охай, охал, лоха, охая, охам, доха, чоха, охаю, жоха, охах, охи	ва#3:senses[0].examples[1].ru:ни аха ни оха
отчастица	1	от частица, отчасти, античастица, частица, частиц	духъ:senses[0].text:3 местнп. отчастица, в основном выражающаая вероятие, правдоподобность; обычно переводится.
отцовсого	1	отцовского, отцовство	гьоболаб:senses[1].examples[0].ru:не бросай отцовсого кунака и дорогу, к которому привык
отточиться	1	от точиться, отточить, точиться, оттопыриться, отличиться	рекӏине#2:senses[0].text:отточиться, заточиться, стать острым
отторгнуться	1	отторгнуть, исторгнуться, вторгнуться, отторгаться	батӏалъизе:senses[0].text:стать отдельным, отделяться, отделиться; выделяться, выделиться; отторгаться, отторгнуться; обособляться, обособиться
отсупление	1	отступление, поступление, исступление, отопление, отепление	нахъекъай:senses[1].text:отсупление
отстрочку	1	отстрочу, отсрочку, отстройку, от строчку, строчку, тросточку, оторочку, тростиночку	мугьлат:senses[0].examples[0].ru:дать отстрочку
отстрочка	1	отсрочка, отстройка, от строчка, строчка, тросточка, оторочка, тростиночка	мугьлат:senses[0].text:отстрочка, приостановка [исполнения]; передышка
отсохни	1	отсохли, отдохни, обсохни, от сохни, отсох ни, отсохнет, отсохнут, отсох, сохни	мацӏ#1:senses[0].examples[4].ru:отсохни у меня язык!
отсохда	1	отсохла, отсох да, отсох	бакъвазе:senses[1].examples[0].ru:ветка дерева отсохда
отсилать	1	отсылать, отослать	битӏизе:senses[0].examples[7].ru:высылать, выслать; отсилать, отослать
отсечётся	1	осечётся, отречётся, стечётся	бетӏеркъотӏ:senses[0].examples[0].ru:Да отсечётся голова твоя — нет тебе места на годекане
отросков	1	отроков, отростков, островков, отоскопов, костров, островов	гӏаркьахараб:senses[1].text:ветвистый, со множеством ветвей, отросков
отроившиеся	1	троившиеся, строившиеся, утроившиеся, о троившиеся, от роившиеся, отрешившиеся, отравившиеся, отрезвившиеся, отпросившиеся	бацӏине#2:senses[0].examples[1].ru:отроившиеся пчёлы, молодой рой
отриц	1	остриц, отрицать	кинаб:senses[0].examples[2].ru:с отриц. глаголом никакой
отрить	1	острить, отбрить, троить, отринь, отлить, отпить, отрыть, отшить, отбить, обрить, отжить, охрить, отрицать, отринуть, отворить	окоп:senses[0].examples[0].ru:отрить окоп
отраслю	1	отраслью, отрасли, отравлю, отрасль, отраслевою	ахихъанлъи:senses[0].examples[0].ru:в сёлах, расположенных в предгорной части Дагестана, садоводство является основной отраслю хозяйства
отравленая	1	отравлена, травленая, отравленная, отравления, о травленая, отравлена я, отправленная, травленная, отравление, отрезвленная	загьрухине:senses[0].examples[0].ru:как отравленая курица
отплюнуть	1	от плюнуть, доплюнуть, плюнуть	ахту:senses[0].examples[0].ru:отплюнуть
отощение	1	отмщение, отягощение, истощение, трощение, отпущение	ччохӏокълъи:senses[1].text:сильное исхудание, отощение
оторачивать	1	отворачивать, оборачивать, вворачивать, разворачивать, поворачивать, проворачивать	кквезе:senses[14].text:обшивать, оторачивать, окантовывать, обивать
отопилась	1	топилась, утопилась, о топилась, от опилась, ото пилась, отопил ась, поторопилась, отоварилась, отоспалась, опиливалась	хинлъизе:senses[1].examples[0].ru:комната отопилась
отоларинтология	1	отоларингология, оториноларингология, отоларинголог, оториноларинголог, трансплантология	отоларингология:senses[0].text:отоларинтология
отоларинтологический	1	отоларингологический, оториноларингологический, трансплантологический, ларингологический, имплантологический	отоларингологиялъул:senses[1].text:отоларинтологический
отношеие	1	отношение, ношение	кӏвар:senses[0].examples[3].ru:халатное отношеие
отламывание	1	обламывание, отламывавшие, отламывающие, доламывание, отламываемые	чӏинкъи:senses[1].text:отламывание, отбивание
откупорыть	1	откупорить, откупоривать, откупорь, полуоткрыть	рагьизе:senses[3].examples[0].ru:откупорыть бутылку
откупорывать	1	откупоривать, отколупывать, откупорить, откусывать, приоткрывать	рагьизе:senses[3].text:откупорывать, откупорить
отзовьётся	1	отзовётся, взовьётся, разовьётся, отзовёшься, обовьётся	кӏутӏизе:senses[0].examples[1].ru:в палец ударит, в сердце отзовьётся
отзив	1	отлив, отпив, отзыв, отшив, отбив, отжив, отразив	отзыв:senses[0].examples[1].ru:отзив о диссертации
отеливается	1	отливается, отбеливается, отстреливается, отваливается, отлавливается, отапливается	санайил:senses[0].examples[1].ru:их корова ежегодно отеливается
отделивать	1	отделывать, отбеливать, отделив ать, отдавливать, отдергивать, отстреливать, добеливать	кквезе:senses[16].text:обделивать, обделать; отделивать, отделать что-либо чем-либо
отгребав	1	отгребал, отгребая, отгребаю, отгребавший, отгребать, отгреб	бухӏун:senses[0].examples[0].ru:золу пепла отгребав, золу огня пригребав
отгонное	1	потогонное, отгоняемое, многотонное, однотонное	гочаризе:senses[0].examples[1].ru:отгонное животноводство
отгнева	1	от гнева, огневка	бер#1:senses[0].text:глаз, око; чего-либо; свет очей; свет очей; умереть; сна кого-что-либо(древниеаварцы верили тому, что дёргание век правого глаза у мужчин, левого — уженщин ко злу, а если наоборот, то к добру)на ком-либо бранное слово, выражение в переносном значении ласкательная (форма) чьих-либо ласкательная (форма) пословица поговорка поговорка загадкацӏаддождьбранное слово, выражение в переносном значении бранное слово, выражение поговорка бранное слово, выражение буквально в переносном значении(отгнева)в переносном значении
отвишей	1	отвисшей, отвисавшей	квер:senses[0].examples[71].ru:щедрый, благодушный; с отвишей от подарков рукой
отбывшаяся	1	отбившаяся, отмывшаяся, отбивавшаяся, открывшаяся, отбрыкавшаяся, отбесившаяся	булук:senses[0].text:часть отары, отбывшаяся от остальных овец
отбываться	1	отбиваться, отрываться, отмываться, отзываться, отбрасываться, отбывать, добываться, откатываться	чӏинкъизе:senses[0].examples[0].ru:отламываться, отбываться
отбуквально	1	от буквально, буквальность, буквально	бацӏцӏалъизе:senses[1].text:очиститься; лишиться чего-либо, оставаться ни; освобождаться, избавляться чего-либо; счем отбуквально
отбелиться	1	отелиться, отбеситься, отселиться, отделиться, от белиться, отбеливаться, отбелить, белиться, осмелиться	хъахӏлъизе:senses[0].text:становиться, стать белым; (по)белеть; отбеливаться, отбелиться
отавить	1	отравить, оставить, отдавить, отбавить, ставить, отправить	жахӏабго:senses[0].examples[0].ru:оставить в покое; отавить кого-либо где-либо
осётровый	1	осетровый, костровый, остроговый, тросовый, ростковый	осётралъул:senses[1].text:осётровый
осётровая	1	осетровая, остроговая, островная	осётралъул:senses[1].examples[0].ru:осётровая икра
осьпа	1	оспа, ось па, спалось	къанагӏалъизе:senses[0].examples[0].ru:осьпа стала редким явлением
осып	1	оспы, осы, осыпи, осыпь, осип	зиртӏун:senses[0].examples[0].ru:голос полностью исчез, совсем осып
осуществлятся	1	осуществятся, осуществляется, осуществляться, осуществляются, осуществлялся, осуществлять, осуществляя, осуществлявшийся, осуществляющийся	гьесадизе:senses[1].examples[3].ru:да никогда не осуществлятся твои намерения
осушится	1	сушится, обсушится, опушится, о сушится, потушится, сушиться, тушится, уширится	хьонтӏи:senses[0].examples[0].ru:да осушится семя твоё, да не будет у тебя детей
остужатьтся	1	остужаться, остужать, оступаться	квачазе:senses[0].text:охлаждаться, остужатьтся
остившем	1	острившем, костившем, мостившем, гостившем, стоившем, остывшем, мстившем, простившем, осветившем, оснастившем, освятившем	цӏородго:senses[1].text:в остившем виде, остывшим
оствляйте	1	оставляйте, осуществляйте	тох:senses[0].examples[2].ru:не оствляйте детей без присомтра
останавливатсья	1	останавливаться, останавливать, останавливавшийся, восстанавливаться, останавливающийся	лъалхъизе:senses[0].text:останавливатсья, остановиться; (с)делать передышку
оставшего	1	ставшего, отставшего, доставшего, вставшего, остывшего, уставшего, о ставшего, оставившего, оставлявшего, достававшего, остывавшего	нахъа#2:senses[0].examples[30].ru:для кувшина [с вином], оставшего на потом, прибывает лучший гость
оставание	1	отставание, доставание, вставание, остывание, оставление, расставание, отстаивание, приставание	нахъеккей:senses[1].text:оставание кого-либо в чём-либо
осрамлением	1	посрамлением, обрамлением, посрамление, осрамленным, обрамление, ослаблением	чӏинчӏу:senses[0].examples[1].comment:по обычаю аварцев снятие с головы женщины платка считалось осрамлением чести его хозяйки
осрамление	1	посрамление, обрамление, осрамленные, осрамленный	сури:senses[1].text:осрамление
ослепнуться	1	ослепнуть, шлепнуться, ослепляться, слипнуться	беццлъизе:senses[0].text:ослепнуться; (о)слепнуть
ослаблеть	1	ослабеть, ослаблять, ослабевать, ослабить, слабеть, слабость	дабагъ:senses[0].examples[1].comment:физически ослаблеть
ослабину	1	ослабну, слабину, о слабину	бичча-бихъантезе:senses[0].text:распускать; дать ослабину; показать оплошность
ослабина	1	слабина, ослабила, о слабина, ослаблена, неослабна	бичча-бихъантей:senses[1].text:оплошность; ослабина; безалаберность
оскорбленте	1	оскорбление, оскорблен те, оскорбленные, оскорбленный, оскорбителе, оскорбите	къали#2:senses[1].examples[4].comment:в виде штрафа за оскорбленте личности
осиротила	1	осиротела, отбросила, отпросила, сиротела, тротила	бесдаллъизабизе:senses[0].examples[0].ru:война осиротила тысячи детей
осиротил	1	осиротел, отпросил, отбросил, тротил, оросил	бесдаллъизабизе:senses[0].examples[1].ru:он осиротил детей
осипать	1	описать, осыпать, ощипать, осип ать, осиплость, поспать	гъинабизе:senses[0].text:(с)трясти, обивать, обить; осыпать, осипать что-либо; стряхивать, стряхнуть что-либо
осення	1	осенняя, осенне, осеняя, осенять	сордо:senses[0].examples[7].ru:осення ночь
освоводиться	1	освободиться, доводиться, возводиться, проводиться, руководиться	тархъанлъизе:senses[0].examples[1].ru:освоводиться от ига
осведемлён	1	осведомлён	щуябго:senses[0].examples[2].comment:о чём осведемлён говорящий или пишущий
оружий	1	оружии, оружие, оружия, орудий, орущий, оружию	хӏара:senses[0].comment:огнестрельных оружий
ортодокссальный	1	ортодоксальный, ортодокс сальный, ортодоксальность, парадоксальный, докторальный	ортодоксалияб:senses[0].text:ортодокссальный
оргромные	1	огромные, разгромные, хоромные, скоромные	чӏахӏияб:senses[0].examples[7].ru:оргромные деревья
опянять	1	опьянять, опьянят, опять, попенять	мехтизабизе:senses[0].text:(о)пьянить, опянять кого-либо; спаивать, споить, напаивать, напоить допьяна кого-либо; довести до пьянения
опянеешь	1	опьянеешь, опресняешь	буза:senses[0].examples[0].ru:кумыкская буза такой напиток, сколько бы её не выпишь — не опянеешь
опьянеющий	1	пьянеющий, опьяняющий, о пьянеющий, опьяневший	щонщо:senses[0].text:горчак розовый; плевел опьянеющий
опретивный	1	препротивный, оперативный, превентивный, препозитивный	отряд:senses[0].examples[0].ru:опретивный отряд
опресняки	1	опресноки, опресняли, опресняющий	могьоргояб:senses[0].examples[1].ru:опресняки
определёность	1	определённость, определён ость, определенность, определительность, сопредельность, определимость	баян:senses[0].examples[0].ru:вносить определёность, ясность; объяснять, объяснить; разъяснять, разъяснить; выяснять, выяснить
оправдиваться	1	оправдываться, оправдаться, опрашиваться, протравливаться, опрыскиваться	ритӏухълъизе:senses[1].text:оправдиваться, оправдаться
оппортунистский	1	оппортунистический, оппортунистка, оппортунист	оппортунистияб:senses[0].text:оппортунистский
оппортунистская	1	оппортунистическая, оппортунистка, оппортунист	оппортунистияб:senses[0].examples[0].ru:оппортунистская группа
опостилеть	1	опостылеть, попростеть, полетность, поплестись	бизарлъизе:senses[0].text:скучать, соскучиться по кому-либо; надоедать, надоесть кому-либо; опостилеть
опостилели	1	опостылели, оповестили, опростили, постелили, посетители	бизарлъизе:senses[0].examples[0].ru:опостилели мне больница и лекарства
опорыш	1	опоры	тӏутӏ#1:senses[0].examples[7].ru:опорыш, личинка мухи
опорожгить	1	опорожнить, опорочить, посторожить, поторопить, попортить	бочка:senses[0].examples[3].ru:опорожгить бочку
ополчить	1	ополячить, ополчиться, дополучить, опорочить, получить	тӏадеразаризе:senses[0].text:ополчать, ополчить кого-либо
ополчать	1	оползать, ополчаться, помолчать, получать, полегчать	тӏадеразаризе:senses[0].text:ополчать, ополчить кого-либо
опозоренно	1	опозорено, опозоренное, опозоренной, опозоренном, опозоренною, опозорен но, опозоренный, опозорение, позорно	инжит:senses[1].text:позорно, опозоренно
опоздаться	1	опоздать, опознаваться, создаться, попадаться	кватӏизе:senses[0].examples[1].ru:опоздаться
оплошиться	1	всполошиться, опустошиться, копошиться, воплотиться	тохлъи:senses[0].examples[0].ru:(про)зевать, упустить из виду; оплошиться
оплошаться	1	оплошать, опустошаться, пошататься, воплощаться	кӏарччанлъи:senses[3].examples[2].ru:сплоховать, оплошаться
опленён	1	пленён, оплетён, о пленён	пикру:senses[0].examples[4].comment:букв опленён
опленяют	1	пленяют, о пленяют, сочленяют	асирлъи:senses[0].examples[3].ru:воина, не попавшегося в плен в бою, опленяют твои прекрасные очи
опленить	1	пленить, о пленить	босизе:senses[7].examples[10].ru:подвергать влиянию, опленить
опитный	1	опийный, опытный, пиритный, пилотный	хӏалбихьи:senses[1].examples[1].ru:опитный
опешиться	1	опериться, спешиться, опушиться, потешиться, опешить, отрешиться, копошиться	рещтӏине:senses[1].examples[3].ru:сойти с коня, опешиться
опешился	1	оперился, спешился, опушился, потешился	рещтӏине:senses[1].examples[4].ru:на коня сел — дом забыт, опешился — конь забыт
оперрета	1	оперетта, оперетка, оперетт, перетоптать	оперрета:senses[0].text:оперрета
опереньем	1	оперением, опережением, переносьем, перемен	кьер#1:senses[1].examples[1].ru:птица с красивым опереньем
опедеделённым	1	определённым, переделённым, определённый, неподелённым	мухӏканлъизе:senses[1].text:быть, стать чётким, ясным, опедеделённым
опарник	1	парник, о парник, пожарник	гад:senses[0].text:опарник
опалиться	1	спалиться, опаляться, опа литься, опечалиться, опалить, повалиться, отдалиться	чӏурхӏизе:senses[0].text:опалиться
омег	1	оме, омеги, омега, омеге, омегу, ожег, мегом	кьинчӏ:senses[1].examples[0].ru:омег
олеб	1	боле, хлеб, Глеб	багъа-бачари:senses[1].text:шатание, качание; колыхание, колебание; сотрясение || багъа-бачаризабизе:senses[0].text:расшатывать, (рас)шатать; раскачивать, (рас)качать; колыхать, колебать что-либо || багъа-бачаризе:senses[0].text:шататься, качаться; колыхатья, колебаться
олго	1	ого, волго, долго, голо, алгол, гол	багӏаризе:senses[0].examples[4].ru:мальчик согрелся от долгой беготни || басра:senses[0].examples[4].ru:Долгой тебе жизни, Алил Магомед, Не издевайся оттого, что я в руках твоих || бахъунчӏезе:senses[0].examples[4].ru:от долгого стояния ноги болят
оладьев	1	оладье, оладьей, оладьею, оладье в, оладья	гӏуризабизе#2:senses[0].examples[0].ru:он наелся оладьев
оладик	1	оладий	хъухъанчед:senses[0].text:блин; оладик
окутиться	1	окутаться, окатиться, окупиться, очутиться, покрутиться, открутиться, раскутиться, отшутиться	тӏупизе:senses[0].text:окутываться, окутиться
окрылились	1	окрысились, окрылялись, округлились, окислились, окружились, окрылить	кваркьи:senses[0].examples[8].ru:молодые пчёлы окрылились
округлел	1	круглел, округлил, округлен, округлял, о круглел	гургинлъизе:senses[1].examples[0].ru:он округлел, как колобок
окрепнулся	1	окрепнуть	ракьа-щекӏ:senses[0].examples[0].ru:окрепнулся; кости и суставы стали крепкими
окотится	1	окатится, охотится, облокотится, колотится, покоптится, оскотинится	гӏодоб:senses[0].examples[1].ru:шутка пойду, барана найду — тебе подарю, баран окотится — ягнёнка подарю
окотились	1	окатились, охотились, облокотились, колотились, оскотинились, укоротились	анцӏабго:senses[1].examples[1].ru:мои все десять овец окотились
окотившей	1	окатившей, окоротившей, облокотившей, отколотившей, поколотившей	гӏедегӏизе:senses[0].examples[3].ru:у поспешно окотившей овцы ягнёнок рождается слепым
окорить	1	корить, покорить, окормить, окурить, укорить, о корить, окоротить, корчить, контрить, коробить	макъар:senses[0].examples[2].ru:очищать от коры, ошкуривать, окорить
окладывать	1	откладывать, докладывать, обкладывать, вкладывать, складывать, укладывать, прокладывать, подкладывать, выкладывать, накладывать	нахътӏамизе:senses[0].text:окладывать, отложить
озорствовать	1	ораторствовать, потворствовать, упорствовать, зверствовать	орозлъизе:senses[0].text:становиться, стать озорным; озорствовать
озонерит	1	озокерит, опозорит	кьурупицӏ:senses[0].text:горная смола, озонерит
озеленять	1	озеленят, озеленить, позеленеть	гӏурччинлъизабизе:senses[0].text:озеленять, озеленить; (с)делать зелёным
озвончиться	1	созвониться, дозвониться, прозвониться, возвеличиться	зиризе:senses[0].text:становиться, стать зычным, звонким; озвончиться
озвончение	1	озвучение, возвеличение, возвещение, возведение	зири:senses[1].text:озвончение
озабоченость	1	озабоченность, озабочен ость, заболоченность, озадаченность, беззаботность, законченность	ургъел-агъаз:senses[0].text:раздумья, душевное беспокойствие, озабоченость
одёжы	1	одёжи, одёжа, одёже, одёжу, одёжный	ратӏликъ:senses[0].text:с недостатком одёжы, без одежды
одходящий	1	доходящий, подходящий, отходящий, обходящий, од ходящий, исходящий, ходящий, холодящий, доводящий	гъастӏа:senses[0].examples[5].ru:домосед; не одходящий от очага
одуривает	1	одаривает, одуревает, окуривает, одурачивает, одурманивает	батӏи-батӏияб:senses[0].examples[9].ru:разными россказнями он одуривает людей
одичаться	1	одичать, отличаться, докричаться	гӏалхуллъизе:senses[0].text:одичаться; становиться диким, дичать
одиношенек	1	одинешенек, одинёшенек, одинешеньки, одиночек	ялгъуз:senses[0].examples[1].ru:он остался один-одиношенек
одеревеснела	1	одеревенела, одревеснела, деревенела	гӏочӏокъине:senses[0].examples[0].ru:траву следует косить, пока она не одеревеснела
оголяться	1	оголятся, оголиться, оголять, утоляться, догуляться	гӏицӏлъизе:senses[0].text:обнажаться, обнажиться; оголяться, оголиться; лишаться, лишиться покрова
овчиный	1	овчины, овчинный, овчиной, чиновный, вчиненный, вчинённый, овчин	мачӏалтӏимугъ:senses[0].text:горский овчиный тулуп
овцеподобный	1	овце подобный, солнцеподобный, птицеподобный, новоподобный, преподобный	чахъумахӏаб:senses[0].text:овцеподобный
овцевдство	1	овцеводство, овощеводство, воеводство, цветоводство, воеводств	гӏияхъанлъи:senses[0].text:овцевдство; профессия овцевода
овладатель	1	обладатель, овладевать, владетель	сиррурабан:senses[0].examples[0].ru:овладатель знания сокровенного
обясняться	1	объясняться, поясняться, обняться, проясняться, обороняться	багьизе:senses[3].text:обясняться, обясниться; выясняться, выясниться; разъясняться, рязъясниться; доходить до кого-либо
обяснять	1	объяснять, обняться, обонять, обнять	багьизабизе:senses[3].text:обяснять, обяснить; выяснять, выяснить; разъяснять, рязъяснить
обясниться	1	объясниться, проясниться, оборониться, облениться, объяснить	багьизе:senses[3].text:обясняться, обясниться; выясняться, выясниться; разъясняться, рязъясниться; доходить до кого-либо
обясни	1	объясни	аслу:senses[0].examples[0].ru:обясни сущность этого вопроса
обьятиях	1	объятиях, объятьях	кӏичӏ:senses[1].examples[5].ru:Будучи в обьятиях супруги своей, Стрелы Амура зачем пускаешь в красавиц села?
обыженным	1	обиженным, обыденным, обуженным, обожженным, обхоженным, обнаженным, обложенным	цалхине:senses[0].text:быть в нерасположении духа; быть обыженным, огорчённым кем-чем-л; разозлиться на кого-либо
обыженно	1	обиженно, обыденно, обнаженно, обожжено	инжит:senses[0].text:униженно, обыженно, измученно кем-чем-либо; кого-либо; надругаться над кем-либо
обыжаешься	1	обижаешься, обнажаешься, облобызаешься, обвешаешься	барщаризе:senses[0].examples[0].ru:ты сразу обыжаешься, словно ребёнок
обыдеть	1	обидеть, обындеветь	инжит:senses[0].examples[0].ru:унизить, обыдеть, оскорбить, измучить; глумиться над кем-л
объязан	1	обязан, обвязан	закагӏат:senses[0].examples[1].ru:он объязан был каждый год отчислять очистительный налог от своего золота
обществоведческий	1	естествоведческий, искусствоведческий, обществоведение, востоковедческий	обществоведениялъул:senses[1].text:обществоведческий
обществоведческие	1	естествоведческие, обществоведение, искусствоведческие, естествоведческий	обществоведениялъул:senses[1].examples[0].ru:обществоведческие науки
обужиться	1	обжиться, обучиться, об ужиться, обнаружиться, обложиться, обнажиться, обуглиться	чӏедерлъизе:senses[0].text:суживаться, сужаться; обуживаться, обужиться; сузиться; становиться, стать узким или уже
обуживаться	1	об уживаться, обслуживаться, обнаруживаться, обугливаться, удосуживаться	чӏедерлъизе:senses[0].text:суживаться, сужаться; обуживаться, обужиться; сузиться; становиться, стать узким или уже
обуживание	1	обживание, обслуживание, обезоруживание, обхаживание, обсаживание	чӏедерлъизаби:senses[1].text:сужение, обуживание
обточённый	1	обточенный, об точённый, точённый, обличённый, облечённый, облачённый	гӏурулхоно:senses[0].text:речной камень (обточённый водой и употребляемый в качестве точильного бруска, пестика и тому подобное, также для укладки стен); речное яйцо
обставленый	1	обставлены, обставленный, об ставленый, оставленный, отставленный, восставленный, ставленый	гӏуцӏа-кӏутӏизе:senses[0].examples[1].ru:обставленый, убранный
обрюзгнул	1	обрюзгну, обрюзгнут, обрюзгнув, обрюзглый	гьарт-гьартизе:senses[1].examples[0].ru:он обрюзгнул
оброниться	1	оборониться, обронить, сторониться, хорониться, ворониться	билизе:senses[0].text:(по)теряться, утеряться; утрачиваться, утратиться; оброниться, выброниться (потеряв); пропадать, пропасть; исчезать, исчезнуть
обращени	1	обращен, обращении, обращение, обращений, обращения, обращению, обращена, обращено, обращены, обращен и, разобщении, разобщение, ращении, ращение	хохоч:senses[0].comment:ласковое обращени к мальчику
обращаеться	1	обращается, обращаться, обращаешься, обращаемость, обобраться, обретаться, разобраться	къибла:senses[0].comment:сторона, к которой мусульманин обращаеться лицом во время молитвы
образуми	1	образумит, образумив, образумил, образумим, образами, образумь, образу ми, образующими, образуемыми, образинами	бакӏа-бахаризе:senses[3].examples[1].ru:образуми сына своего: у него дела неважные
обоюдострый	1	обоюдоострый, обостренный	кӏибалаб:senses[0].text:обоюдострый
оборванность	1	оторванность, обоснованность, надорванность, разорванность, образованность	хъаркӏаслъи:senses[2].text:оборванность; бедность
обнятый	1	отнятый, обмятый, объятый, отснятый	талихӏ:senses[0].examples[12].ru:счастливый, везучий; рождённый под счастливой звездой, в рубашке рождённый; счастьем обнятый
обнищаться	1	обниматься, обнищать, обобщаться, общаться, обращаться	ракӏ:senses[1].examples[28].ru:быть беспомощным, печальным; сердцем обнищаться
обнародоваться	1	обнародовать, обнародования, обнаруживаться, нарадоваться	загьирлъизе:senses[1].text:появляться, появиться, возникать, возникнуть; открыться; обнародоваться
обмерить	1	обмереть, отмерить, об мерить, обмеривать, обматерить, мерить, обрить	борцине:senses[0].text:(из)мерить, обмеривать, обмерить; замерять, замерить что-либо
обменятьмя	1	обменяться, обменять, обременять	хис-бас:senses[0].examples[0].ru:обменятьмя
обманивающий	1	обменивающий, обмакивающий, обманывающий, обмахивающий, обзванивающий, оболванивающий, отуманивающий, одурманивающий	рекӏкӏ:senses[0].examples[3].ru:бесхитростный, не обманивающий, не подводящий; не коварный к кому-либо
обитаются	1	обираются, обиваются, обижаются, обсчитаются, оббиваются, обособится, обабится	гӏиллигун:senses[0].examples[0].ru:души святых праведников обитаются в эмпирее
обитаешься	1	обираешься, обижаешься, обсчитаешься, обретаешься, обвешаешься	рукӏел:senses[2].examples[2].ru:не по душе даже то место, где ты обитаешься
обжегшись	1	обжегшийся	риидал:senses[0].examples[3].comment:обжегшись на молоке, станет дуть и на воду; пуганая ворона куста боится
обессилевшись	1	обессилевший, обессиливший	къечхӏа-гедазе:senses[0].examples[0].ru:овцы лежат, обессилевшись от зноя
обескультурье	1	бескультурье, о бескультурье, общекультурные	болъонил:senses[1].examples[1].comment:о обескультурье
обезьяный	1	обезьяны, обезьяний, обезьяной, обезьян	маймалакалъул:senses[1].examples[0].ru:обезьяный мех
обезьяни	1	обезьян, обезьяний, обезьянки, обезьяньи, обезьяна, обезьяне, обезьяны, обезьяну, обезьян и	маймун:senses[0].examples[0].ru:длинные как у обезьяни руки
обезобразилось	1	обезобразил ось, изобразилось, обезобразить, преобразилось, отобразилось	сурукълъизе:senses[0].examples[0].ru:его лицо обезобразилось
обезводиться	1	обзаводиться, обезвоживаться, возводиться, обводиться	лъадакълъизе:senses[0].text:лишаться, лишиться воды, обезвоживаться, обезводиться; стать, быть безводным; испытывать недостаток в воде
обезводить	1	обезволить, обезвредить, обезволеть, возводить, обводить	лъадакълъизабизе:senses[0].text:лишать, лишить воды; обезвоживать, обезводить
обдурывать	1	обдумывать, обдувать, обыгрывать, обрывать	гуккизе:senses[0].text:обманывать, обмануть кого-либо; надувать, надуть кого-либо; проводить кого-либо; обдурывать, обдурить кого-либо; водить за нос кого-либо; оставлять в дураках
обдуривает	1	обкуривает, докуривает, обдувает, обшаривает, обривает	гуро:senses[0].examples[6].ru:не первый раз он нас обдуривает
обдумываясь	1	одумываясь, обдумываться, обдумывать, вдумываясь, задумываясь	бер#1:senses[0].examples[40].ru:не обдумываясь, закрыв глаза
обдираться	1	обираться, добираться, обтираться, отдираться, обжираться, обдирать, продираться, ободраться, отбираться	хъащкьизе:senses[0].text:обдираться, исцарапаться; получать, получить ссадину, царапину
обделивать	1	обеливать, добеливать, обделывать, обделив ать, обстреливать, отбеливать, обездоливать, подбеливать	кквезе:senses[16].text:обделивать, обделать; отделивать, отделать что-либо чем-либо
обгащаться	1	обогащаться, обращаться, обобщаться, общаться, обольщаться, обещаться	реччдаллъизе:senses[0].text:обгащаться, обогатиться влагой; учащаться, участиться — о дождях
няньчить	1	нянчить	лъимал:senses[0].examples[2].ru:няньчить детей
нюхательница	1	нюхательный, нанимательница, начинательница, читательница	сонтӏохъан:senses[0].text:нюхатель и нюхательница табака
нюхатель	1	нюхательный	сонтӏохъан:senses[0].text:нюхатель и нюхательница табака
нюхание	1	нюханье, нюхающие	сунтӏи:senses[1].examples[0].ru:нюхание табака
ньюхание	1	нюханье	сунтӏи:senses[1].text:ньюхание
ньюхальщица	1	нюхальщица, нюхальщиц	сунтӏуч:senses[0].text:ньюхальщик и ньюхальщица табака
ньюхальщик	1	нюхальщик, нюхальщица	сунтӏуч:senses[0].text:ньюхальщик и ньюхальщица табака
ныряться	1	нырять	ччударизе:senses[0].text:ныряться
нуцал	1	нукал	нуцал:senses[0].text:князь, нуцал
нух	1	ну, ух, хну, них, нут, тух, сух, пух, мух, дух, бух, чух, нюх, жух	радикализм:senses[0].comment:радикалазул политикияб нух
нус	1	ну, нс, ус, анус, гнус, сну, нас, нос, нес, нут, рус, кус, бус, ну с	финка:senses[0].comment:нус
нун	1	ну, нон, нут, лун, бун	нун:senses[0].text:нун
нукеру	1	нумеру, кернеру	буюризе:senses[0].examples[0].ru:хан велел нукеру выгнать шейха вон
нукерствовать	1	актерствовать, резонерствовать, зверствовать	нукарлъи:senses[0].examples[0].ru:нукерствовать, служить нукером
нукерство	1	юнкерство	нукарлъи:senses[0].text:нукерство; должность, служба нукера
нукерский	1	юнкерский, нукусский	нукарасул:senses[1].text:нукерский
нукерская	1	юнкерская, нукусская	нукарасул:senses[1].examples[0].ru:нукерская форма
нукером	1	нумером, бункером	нукарлъи:senses[0].examples[0].ru:нукерствовать, служить нукером
нукера	1	нумера, кернера	нукарлъи:senses[0].text:нукерство; должность, служба нукера
нука	1	наука, внука, нукай, нукал, нукая, нукаю, наук, нута, тука, рука, сука, лука, пука, кука, мука	воре-гьа:senses[0].examples[0].ru:собаки начали лаять, услышав крик ночного караульщика скота: “А нука!”
ношениия	1	ношении, ношения, ношении я, ношение, орошения, сенокошения, кошения	къвал:senses[0].examples[0].ru:домотканная длинная лента для ношениия кувшина
носильках	1	носилках, носильщиках, носиках	жаназа:senses[0].examples[1].ru:вслед его трупом [на носильках] весь аул пошёл на кладбище
номеровать	1	нумеровать, номеров ать, нормировать, нотировать, наименовать, веровать	номер:senses[0].examples[4].ru:номеровать
нолной	1	лонной, ноной, нотной, норной, волной, полной, ночной, ножной, волновой, полнотой	керен:senses[1].examples[3].ru:быть до предела нолной
нозёл	1	козёл	гӏиял:senses[1].examples[3].ru:вожак (отары); овечий нозёл
нозвоночник	1	позвоночник, позвоночный	булагьин:senses[0].examples[1].ru:нозвоночник, похожий на оглоблю
ножнички	1	ножички, ночнички, ножничный	кӏвекьмахх:senses[0].examples[0].ru:ножнички
ножицами	1	ножницами, рожицами, ножиками, кожицами, ножищами, ночницами, божницами, житницами	кӏвекьмахх:senses[0].examples[5].ru:резать ножицами
ногайцы	1	ногайский	ногъаял:senses[0].text:ногайцы
ногайка	1	нагайка, но гайка, гайка	ногъаяй:senses[0].text:ногайка
ногаец	1	нога	ногъаяв:senses[0].text:ногаец
новеллистка	1	новеллиста, новеллист ка, новеллист, листовертка	новеллистка:senses[0].text:новеллистка
новелист	1	новеллист, норовист	новеллист:senses[0].text:новелист
нищенствовующий	1	нищенствующий, нищенствовавший, совершенствующий, верховенствующий	кӏалдиб:senses[0].examples[22].ru:умирающий с голоду, нищенствовующий; тот, у кого во рту завелись вши
нищенственный	1	неженственный, невещественный, вещественный, имущественный	ресукъаб:senses[0].text:неимущий, бедный, несостоятельный; нищенственный
ничуточку	1	ни чуточку, ниточку, чуточку, ночничку	асаргӏанги:senses[0].examples[0].comment:букв. ничуточку не спали
нитчатка	1	нитка	симил:senses[0].text:нить, нитчатка
нисполал	1	ниспослал, ниспосылал, исполнил	авараглъи:senses[0].examples[0].ru:Аллах нисполал пророчество Мухаммеду, когда достиг сорока лет
нинешний	1	нонешний, нынешний, внешний, нездешний, нелишний, вешний	исанасеб:senses[0].text:этого года; нинешнего года, нинешний
нинешнего	1	нонешнего, нынешнего, внешнего, нездешнего, нелишнего	исанасеб:senses[0].text:этого года; нинешнего года, нинешний
низкоросло	1	низкорослое, низкорослой, низкорослом, низкорослою, низко росло, низкорослость, низкорослый	чорхокъ:senses[0].text:низкоросло
низание	1	лизание, нищание, занимание, нарезание, наказание, издание	херхин:senses[1].text:низание
нигогда	1	никогда, книгоеда	гӏорцӏизе:senses[0].examples[1].ru:голодный думает, что никогда не насытится, а сытый, что нигогда не проголодает
неэнергичный	1	не энергичный, энергичный, энергичнейший, негигиеничный	бечӏараб:senses[2].text:ленивый, неэнергичный
неэнергично	1	не энергично, энергично, энергичный	бечӏадго:senses[1].text:лениво, неэнергично
нехолощённым	1	не холощённым, холощённым, холощёным, холощённый, охолощенным	гванзлъизе:senses[3].text:быть нехолощённым
неуязвымый	1	неуязвимый, неуязвим	квер:senses[0].examples[55].ru:неуязвымый
неутступчивый	1	неуступчивый, неуступчив, неустойчивый, уступчивый	бусса-свери:senses[1].examples[0].ru:неутступчивый, непоколебимый
неурожайность	1	не урожайность, урожайность, неурочность, неосторожность, нестройность	тӏорщаликълъи:senses[1].text:неурожайность
неунавоженное	1	не унавоженное, унавоженное, занавоженное, навороженное, унавоженные	рак#1:senses[0].examples[3].ru:неунавоженное поле — не поле, а хозяйство без поля — не хозяйство
неукоризненная	1	не укоризненная, укоризненная, укоризненный, укорененная, безукоризнен	камилаб:senses[1].examples[0].ru:неукоризненная работа
неузвим	1	неуязвим	квер:senses[0].examples[56].ru:он неузвим
неудержное	1	неудержимое, безудержное, невоздержное, удержанное	палахин:senses[0].examples[0].ru:быть в сильном возбуждении; разозлиться; попасть в неудержное состояние
неугасимо	1	негасимо, неугасимое, неугасимой, неугасимом, неугасимою, неугасимый, негасим	свин:senses[1].examples[3].ru:негасимо, неугасимо
нетотёпа	1	недотёпа, недотёп	синугьечӏ:senses[0].text:нетотёпа; невоспитанный человек
несчатная	1	несчастная, несчетная, несчётная, непечатная, несчитанная, бессчастная	бакъвазабизе:senses[0].examples[6].ru:несчатная любовь иссушила его
нестремительны	1	не стремительны, стремительны, стремительность, необременительны, неосмотрительны	зенаб:senses[0].examples[2].ru:Вы к еде нестремительны, но с кулаками в драку броситься готовы
нестреляющее	1	не стреляющее, стреляющее, устремляющее, истребляющее, нестареющее	кьижахъе:senses[0].examples[0].comment:т. е. нестреляющее
несторианцы	1	несторианство, преторианцы	нистӏуриял:senses[0].text:несторианцы
несторианский	1	несторианство, преторианский, викторианский, термидорианский	нистӏуриязул:senses[1].text:несторианский
несторианка	1	несторианства, несторианство	нистӏурияй:senses[0].text:несторианка
несторианец	1	несторианство, преторианец	нистӏурияв:senses[0].text:несторианец
неспр	1	не спр, нес пр, пронес, принес	бихьа-рагӏизе:senses[0].comment:неспр
несплочённым	1	не сплочённым, сплочённым, сплочённый, сплоченным, сплоённым	батӏа-батӏалъизе:senses[0].text:стать разрозненным, несплочённым
неспеша	1	не спеша, спеша	хӏалтӏи:senses[1].examples[7].ru:хороша работа, которая делается неспеша
неспесив	1	не спесив, спесив, привнеси	чӏухӏа-къули:senses[0].examples[1].ru:среди сотрудников он неспесив
несодержательный	1	не содержательный, бессодержательный, содержательный, содержательность, тестоделательный	чӏобогояб:senses[1].text:пустой, напрасный; несодержательный, нестоящий
несеянном	1	не сеянном, незасеянном, сеянном, несомненном, осмеянном	захӏмат:senses[1].examples[0].ru:кто хочет наслаждатья без труда, пусть жнёт хлеба в несеянном поле без серпа
несерёзный	1	несерьёзный, несерьезный, серьёзный, разнесенный	гьагула:senses[0].text:несерёзный человек; тот, кто делает глупости; глупец, олух; вертихвост и вертихвостка
несемейный	1	внесемейный, не семейный, бессемейный, семейный, несметный, несъемный	хъизан:senses[0].examples[4].ru:бессемейный, несемейный
несбиточное	1	несбыточное, бессточное, слиточное	букӏунареб-лъугьунареб:senses[0].text:невозможное; несбиточное
нерожающая	1	не рожающая, рожающая, нержавеющая	чӏужу:senses[0].examples[13].ru:нерожающая ребёнка женщина
нереч	1	черен	щвартӏан:senses[0].comment:нереч.
нервабазул	1	нервировал	невралгия:senses[0].comment:нервабазул унти
нерассчетливо	1	нерасчетливо, нерасчетлив, нерасчётливо, расчетливость, расчетливо	исрап:senses[0].examples[0].ru:промотать; проявить рассточительность; нерассчетливо тратить; излишествовать
неразрешаемое	1	не разрешаемое, неразрешимое, разрешаемое, неразрешенное, неразрешённое	нух#1:senses[3].examples[1].ru:неразрешаемое действие
неразговаривать	1	не разговаривать, разговаривать, недоговаривать, неразговорчивость, переговаривать	кӏалъавукълъизе:senses[0].text:мало говорить; неразговаривать, молчать
непропечённый	1	не пропечённый, пропечённый, проперчённый, недопечённый, непроторённый	чед:senses[0].examples[2].ru:непропечённый хлеб
неприставная	1	не приставная, приставная, неприступная, непристойная, приставленная	болъо:senses[0].comment:неприставная
непригдядный	1	неприглядный, непригодный, непроглядный, приглядный	нурдакъаб:senses[0].text:непригдядный, непристойный, осуждаемый людьми
неприбыльный	1	не прибыльный, бесприбыльный, прибыльный, непрофильный, неправильный	хайир:senses[0].examples[3].ru:неприбыльный, малоприбильный, нерентабельный, невыгодный
непревратившаяся	1	не превратившаяся, превратившаяся, прекратившаяся, превратившийся, нераспустившаяся	мухӏур:senses[0].comment:непревратившаяся ещё в золу
непохвальный	1	не похвальный, похвальный, похваленный, поливальный, повивальный	мункараб:senses[0].text:неодобряемый, непохвальный; гнусный
непосредствено	1	непосредствен, непосредственно, непосредствен о, посредственен, посредственно, посредственный, посредствен	битӏухъе:senses[1].examples[3].ru:непосредствено ей в руки отдал записку
непослушность	1	не послушность, послушность, непослушный, непостоянность, неподступность	чанкӏкӏараб:senses[0].examples[0].ru:неподатливость, непослушность; наглость
непороворотливый	1	неповоротливый, неповоротливость, неповоротлив, поворотливый	хӏинцаб:senses[0].text:медленный, медлительный, ленивый, непороворотливый, нерасторопный, вялый
неполноумный	1	неполно умный, неполноценный, неполнозубый, полоумный, неполный	тӏубараб:senses[1].examples[6].ru:ненормальный, неполноценный, неполноумный, полуумный
неполномоченный	1	неполно моченный, уполномоченный, неполноценный, перемолоченный, переполненный	ихтияр:senses[0].examples[6].ru:неимеющий права; неполномоченный
неполивные	1	не поливные, неполитичные, непоседливые, непонятливые, внеположные	лъалъазе:senses[0].examples[3].ru:неполивные, богарные земли
неплодородность	1	не плодородность, неплодотворность, плодородность, неоднородность, теплопроводность	рижаликълъи:senses[1].text:малоурожайность; неплодородность
неплодоносящее	1	не плодоносящее, плодоносящее, плодоносящие, преподносящее	пихъ:senses[0].examples[4].ru:неплодоносящее дерево
непечённый	1	не печённый, недопечённый, печённый, неизречённый, пересечённый	бежизе:senses[2].examples[9].ru:непечённый хлеб
неотточенный	1	не отточенный, отточенный, отороченный, проточенный, наточенный	бал:senses[1].examples[5].ru:неотточенный, тупой
неотставать	1	не отставать, недоставать, отставать, отстаивать, наставать	хадуб:senses[5].examples[5].ru:неотставать
неорганиченный	1	неограниченный, неорганизованный, неорганический, ограниченный, отграниченный	гӏорхъи:senses[0].examples[9].ru:безграничный, неорганиченный, беспредельный
неопред	1	военпред	цо:senses[2].text:употребляется в значении неопред. местоимения один, некий, какой-то; какой-нибудь
неопознанности	1	непознанности, неосознанности, непризнанности, непознанность, неосознанность, осознанности	жакъа:senses[0].examples[4].comment:о неопознанности грядущих событий
неожидданно	1	неожиданно, неожиданный, неожиданнейший, неожидан, невиданно	тахӏанкан:senses[1].examples[1].ru:неожидданно пошёл дождь
неодобряемый	1	не одобряемый, одобряемый, удобряемый, ободряемый, обременяемый	мункараб:senses[0].text:неодобряемый, непохвальный; гнусный
неодноукратно	1	неоднократно, неоднократный, однократно	чанцӏулго:senses[0].text:многократно, неодноукратно, несколько раз
неогласовка	1	не огласовка, огласовка, несогласованна	сукун:senses[0].comment:неогласовка в арабской письменности
необтесанность	1	неотесанность, необоснованность, необработанность, неотёсанность, необтесанный	хьварсмахӏлъи:senses[0].text:тупость, грубость, грубоватость; необтесанность
необструганная	1	не обструганная, обструганная, необстрелянная, наструганная, соструганная	сургу:senses[0].examples[3].ru:необструганная доска
необснованный	1	необоснованный, обоснованный, необразованный, обследованный, необыкновенный	батӏулаб:senses[2].examples[0].ru:необснованный спор
необеспеченнй	1	необеспеченной, необеспеченный, необеспеченна, необеспеченно, необеспеченны, обеспеченный, обеспеченность, обеспечение	мискинаб:senses[0].text:бедный, небогатый, необеспеченнй; жалкий, убогий; скудный; нуждающийся; несчастный, горемычный; полный лишений, неимущий
ненормалный	1	ненормальный, неформальный, нормальный, некормленый	тӏубараб:senses[1].examples[7].ru:ненормалный человек, дураковатый человек; дурень, простофиля
ненатянутый	1	не натянутый, натянутый, затянутый, неженатый	чучаб:senses[0].comment:ненатянутый
ненасытгый	1	ненасытный, ненасыщенный, ненастный	хъантӏараб:senses[0].text:жадный, алчный, ненасытгый
немягкий	1	не мягкий, мягкий	къвакӏараб:senses[3].text:жёсткий, немягкий
немусульманин	1	не мусульманин, мусульманин, мусульманка, мусульман	капураб:senses[0].examples[0].ru:человек, не исповедующий мусульманства; немусульманин
немусульмане	1	не мусульмане, мусульмане, мусульманине, мусульманке, мусульманские	капурзаби:senses[1].text:иноверцы, немусульмане
немужчиной	1	не мужчиной, мужчиной, неметчиной	кӏусур:senses[0].examples[0].ru:из-за тебя пришлось унижаться перед этим немужчиной
немужчина	1	не мужчина, мужчина	кӏусур:senses[0].text:немужчина; женоподобный мужчина; мужчина, который берётся выполнять и женские работы
немужественный	1	не мужественный, мужественный, недружественный, невежественный, дружественный	кӏурукӏ:senses[0].text:трус; немужественный человек; женоподобный мужчина
немолотый	1	не молотый, перемолотый, немолчный, молотый	чӏагояб:senses[4].text:немолотый
немолотая	1	немолодая, не молотая, перемолотая, немолчная, молотая	чӏагояб:senses[4].examples[0].ru:немолотая пшеница, пшеница в зерне
немноги	1	немногие, немногий, немногим, немногих, немного, нем ноги, премногий	бакӏ:senses[0].examples[2].ru:если тяжело, немноги сними
немно	1	немо, неумно, темно, нежно, нем но, немного	гьесарав:senses[1].text:чуть, немно
нелицевая	1	не лицевая, лицевая, лицевавшая, нацеливая, невеликая	бегуниса:senses[0].examples[6].ru:изнанка, нелицевая сторона
некрепкость	1	неконкретность, некорректность, непокорность, непреклонность	чӏемегӏлъи:senses[1].text:непрочность, нетвёрдость, некрепкость; хрупкость, слабость
некрасноречивый	1	не красноречивый, красноречивый, красноречив, разноречивый	такъва:senses[0].examples[0].ru:некрасноречивый человек
неистовать	1	неистов ать, неистовость, неистовство, отнерестовать, аттестовать	тӏури#1:senses[2].examples[1].ru:взбеситься, приходить в ярость; свирепеть, неистовать, бесноваться
неимеющееся	1	несмеющееся, не имеющееся, имеющееся, именующееся, виднеющееся, смеющееся	буге-гьечӏеб:senses[0].text:всё, все; имеющееся-неимеющееся
незря	1	резня, незряч, не зря	гӏадада:senses[0].examples[1].ru:незря учёные говорят…
незначитель	1	незначительный, позначительнее, значительный, значительность	мигьго:senses[0].text:мало, немного, недостаточно, незначитель
незамужной	1	незамужний, незамужней, незамутненной, незаметной, замутненной	къинаб:senses[0].examples[5].comment:будучи незамужной
незаммужная	1	незамутненная, незамутнённая, замутненная	жеги:senses[0].examples[4].ru:пока еще незаммужная
незамешенное	1	незамеченное, незамещенное, не замешенное, замешенное, незамещённое, незамутненное, незавершенное	гьанщизе:senses[0].examples[1].ru:жевать незамешенное толокно
незавуалированно	1	не завуалированно, завуалированно, завуалированный, завуалировано, неквалифицированно	бадиса-бадибе:senses[1].text:прямо, незавуалированно; без обиняков
нежёсткость	1	не жёсткость, жёсткость, нечёткость, нечеткость	тамахлъи:senses[1].text:мягкость, нежёсткость
нежёстко	1	не жёстко, жёстко	тамах:senses[0].text:мягко, нежёстко
нежёсткий	1	не жёсткий, жёсткий	тамахаб:senses[0].text:мягкий, нежёсткий
нежирность	1	не жирность, нежизненность, жирность, неверность, нежность	нахукълъи:senses[0].text:нежирность
нежирно	1	нежирное, нежирной, нежирном, нежирною, не жирно, жирно	хӏалакъ:senses[0].text:в худом состоянии, нежирно
недстаточная	1	недостаточная, нед статочная, достаточная, остаточная, среднесдаточная, статочная	мукъсанаб:senses[0].examples[0].ru:недстаточная еда
недостать	1	не достать, недоставать, недостаток, недосчитать, недостанет	мукъсанлъизе:senses[0].text:быть, стать скудным; недоставать, недостать; не хватать, не хватить чего-либо; уменьшиться
недоспелость	1	недозрелость, позднеспелость, недоступность, раннеспелость	щовукълъи:senses[1].text:недоспелость
недосолённый	1	неосведомлённый, осведомлённый, среднесолёный, просолённый	цӏам:senses[0].examples[3].ru:недосолённый
недожёвывать	1	не дожёвывать, дожёвывать, пожёвывать, дожевывать	чӏама-къамизе:senses[0].text:слегка разжёвывать, недожёвывать
недожарить	1	недожаривать	кьеризабизе#2:senses[0].text:недожарить
недожарила	1	недожаривала, недожарена	кьеризабизе#2:senses[0].examples[0].ru:Асма недожарила хлеб
недожареное	1	недожарено, недожаренное, недожаренные, недожаренный, недоваренное, недодержанное	бежа-белъине:senses[0].examples[1].ru:некачественно подготовленное; недожареное и недовареное
недодатливость	1	неподатливость, недогадливость, податливость, непоседливость, незадачливость	согӏлъи:senses[1].text:упрямство, недодатливость
недовольствие	1	недовольстве, неудовольствие, не довольствие, недовольство, довольствие, довольстве	разилъунгутӏи:senses[0].text:несогласие; недовольствие
недовареный	1	недоварены, недоваренный, доваренный, недожаренный, недовариваемый, арендованный	хамаб:senses[0].text:сырой, недовареный
недовареное	1	недоварено, недоваренное, недоваренные, недоваренный, доваренное, недожаренное	бежа-белъине:senses[0].examples[1].ru:некачественно подготовленное; недожареное и недовареное
недобропорядочного	1	не добропорядочного, недобро порядочного, добропорядочного, добропорядочность, добропорядочный, неупорядоченного	кӏаркьен:senses[0].examples[2].comment:упитанность щёк аварцы считают признаком недобропорядочного человека
негорькие	1	не горькие, горькие	пурчӏун:senses[0].examples[1].ru:негорькие косточки
негатавное	1	негативное, негаторное, неуставное	гӏаксаб:senses[0].examples[0].ru:негатавное значение
невьющаяся	1	небьющаяся, не вьющаяся, вьющаяся, гневающаяся	багӏаргьоло:senses[0].examples[4].ru:невьющаяся фасоль
невыданный	1	невиданный, неведанный, не выданный, невыделанный, невыдержанный, выданный, выведанный	тамашаяб:senses[0].text:диковинный; невыданный, необыкновенный, необычайный, удивительный, изумительный
невоспытанный	1	невоспитанный, неиспытанный, перевоспитанный, воспитанный	бахьикъосараб:senses[1].text:негодный, невоспытанный, хулиганистый
невосприимчимвый	1	невосприимчивый, невосприимчивость, невосприимчив, восприимчивый	тӏунцаб:senses[0].text:нелюдимый, молчаливый, невосприимчимвый
невлажную	1	неважную, не влажную, увлажненную, влажную, увлажнённую, увлаженную	бугӏа:senses[0].examples[1].comment:т. е. в невлажную почву
невзрослый	1	не взрослый, взрослый	чи:senses[0].examples[8].ru:невзрослый
невечный	1	венечный, неверный, невеяный, не вечный, нечеловечный, вековечный, вечный, чечевичный	абад:senses[0].examples[0].ru:невечный, преходящий
невечной	1	венечной, неверной, невеяной, не вечной, нечеловечной, вековечной, человечной, внепечной	дуниялалъул:senses[2].examples[2].ru:насладиться невечной жизнью
невечная	1	венечная, неверная, невеяная, не вечная, нечеловечная, невзрачная, неведанная, свечная	дуниялалъул:senses[2].examples[1].ru:сей мир; невечная жизнь
невезучесть	1	невезуч есть, невезучий	къобухӏи:senses[1].text:бедность, убожество; бесталанность, беспомощность; невезучесть
неведающий	1	не ведающий, недоедающий, ведающий, неувядающий, наедающий	жагьилаб:senses[1].text:неведающий
неважый	1	жеваный, неважный	кӏваричӏеб:senses[0].text:ненужный, излишний, неважый, не имеющий значения
небудет	1	не будет, неодет	наслу:senses[0].examples[3].ru:да небудет у тебя потомства!
небоящийся	1	не боящийся, боящийся, небьющийся	беркъай:senses[1].examples[0].ru:небоящийся, смелый
небогоугодным	1	не богоугодным, богоугодным, богоугодный, неугодным, многодневным	магӏихъанлъи:senses[0].examples[0].ru:по мусульманскому вероисповеданию занятие плакальщицы считается небогоугодным
небладарном	1	неблагодарном, неблагодарным, неблагородном, благодарном	хинкӏ:senses[0].examples[0].comment:о небладарном человеке
неблагочестивому	1	не благочестивому, благочестивому	варагӏ:senses[0].examples[1].ru:неблагочестивому нет близости к Аллаху
неараб	1	не араб, барабан	гӏажамияв:senses[0].text:неараб
неавторитетный	1	не авторитетный, авторитетный, авторитетнейший, поавторитетней, поавторитетнее	асгьечӏ:senses[0].text:неавторитетный человек; несолидный человек; человек, лишённый достоинства
начислить	1	начистить, начислять, зачислить, на числить, исчислить, числить, намаслить, начинить	пеня:senses[0].examples[1].ru:начислить пеню
началный	1	начальный, накачанный, наличный	байбихьул:senses[0].text:началный
начадить	1	насадить, наладить, начудить, нагадить, на чадить, чадить, начинить, начитать, начать	кӏкӏуй:senses[0].examples[11].ru:надымить, начадить, напустить дыму, чаду
находяшейся	1	находящейся, находившейся, находящийся	гьадай:senses[0].comment:о женщине, находяшейся на одной горизонтали с говорящим, а также может иметь значение заглазности
находитя	1	находит, находится, находите, находить, находит я, находимый	лъалъ:senses[0].examples[2].ru:его пашня находитя на поливном месте
наух	1	набух, наук, науч, на ух	историкияб:senses[0].examples[0].ru:доктор исторических наух
натыкание	1	натекание, затыкание, натыканные, натыкавшие, натыкающие, накатывание	тӏадеккей:senses[1].text:натыкание на кого-чего-либо
натуженно	1	натужено, натуженное, натуженной, натуженном, натуженною, натужен но, натуженный, натружено, натужно	хӏалуцадго:senses[0].text:напряжённо, натуженно
натруждаться	1	натруживаться, утруждаться, награждаться, нарождаться	ккезе:senses[14].examples[7].ru:натруждаться; сталкиваться, столкнуться с трудностями
натов	1	нитов, татов, матов, на тов, пенатов, НАТО, анатомов	натӏ:senses[0].examples[0].ru:я в магазине купил шесть натов (3 метра) ткани
натами	1	нартами, нитами, нотами, татами, нарами, латами, матами, датами, натащи, нахами, хатами, фатами, наймитами, нами	натӏ:senses[0].examples[2].ru:мерить натами
натам	1	натаем, нартам, нитам, нотам, татам, нарам, латам, матам, датам, натаю, хатам, фатам, на там, сонатам, атаманам	тел#1:senses[0].text:пролёт (мера длины чего-либо, равная 8 натам —
натаивать	1	настаивать, напаивать, затаивать, натаскивать, наталкивать, настраивать, надраивать	биинабизе:senses[0].text:натаивать, натаять, дать чему-либо растаять; расплавлять, расплавить; растапливать, растопить что-либо
насытытесь	1	насытитесь, насытьтесь, насытить	гьабудизе:senses[0].examples[5].ru:трудитесь — насытытесь, сидеть будете — проголодаетесь
насхом	1	настом, насосом	насх:senses[1].examples[0].ru:написать насхом
насх	1	нас, снах, наст	насх:senses[1].text:насх
насушить	1	нарушить, насупить, надушить, засушить, на сушить, нас ушить, сушить, нашить	сухари:senses[0].examples[1].ru:насушить сухари
настырничать	1	настырность, насильничать	хадучӏезе:senses[1].text:настырничать; проявлять, проявить настырность
настыгнет	1	настигнет, настигает	дун:senses[0].examples[5].ru:да настыгнет тебя такая же участь
наструг	1	настриг, заструг, на струг, настругать, струг, струна	сургу:senses[0].text:рубанок, фуганок, струг, наструг
насстроениии	1	настроении, авиастроении, настроение, станкостроении	ихтилаталда:senses[0].text:в веселье; в весёлом, приподнятом насстроениии
наслаждатья	1	наслаждать, наслаждаться, наслаждать я, наслаждая, насаждаться, насаждать	захӏмат:senses[1].examples[0].ru:кто хочет наслаждатья без труда, пусть жнёт хлеба в несеянном поле без серпа
наряжение	1	снаряжение, напряжение, натяжение, заряжение, наряженные, разряжение	къачӏади:senses[1].text:нарядность, наряжение
нартские	1	нантские, нарвские, назаретские, нацистские, араратские, сенатские	нартав:senses[0].examples[1].ru:сказания о нартах, нартские сказки
нартовских	1	натовских, мартовских, моцартовских, наркомовских, саратовских, мартеновских	гъадаробер:senses[0].text:одноглазый, циклоп (персонаж нартовских сказок); тарелка-глаз
нартил	1	настил, нарт ил, нарастил, напортил, начертил	гӏин:senses[0].examples[4].comment:'нартил чирахъ' керосиновая лампа
напрвляются	1	направляются, натравляются, заправляются, напыляются	бухта:senses[0].examples[1].ru:корабли напрвляются в бухту
напрвление	1	направление, вправление, правление, прибавление, напыление	балагьи:senses[3].text:напрвление
напрвилась	1	направилась, напр вилась, напросилась, направлялась	накӏкӏирохь:senses[0].examples[1].ru:лиса напрвилась в сосновый лес
направ	1	напав, направо, направь, наорав, неправ, наврав, накрав, надрав, набрав, нажрав, на прав, направив, напр, прав	дуде:senses[0].comment:направ. п.
напонить	1	напоить, наполнить, напомнить, напортить, заполонить, напомадить, напоминать	цӏезабизе:senses[0].examples[1].ru:напонить мешок рожью
наполненый	1	наполнены, наполненный, незаполненный, заполненный, наполнение, наполняемый	тӏех:senses[0].examples[8].ru:кожаный мешочек, наполненый толокном
наплаву	1	наплавку, наплыву, наплачу, на плаву, наплавка, плаву	балай:senses[0].examples[4].ru:Любовью брошен я в пучину морскую, Утону ли я в ней иль останусь наплаву
написть	1	написать, напасть, напитать, надписать, напустить, напастись	листовка:senses[0].examples[0].ru:написть листовку
напильнык	1	напильник, апикальный	гургинаб:senses[0].examples[7].ru:напильнык
нанизив	1	занизив, низина	гӏучӏ:senses[3].examples[9].ru:с миру по нитке; на палочку насадив, на ниточку нанизив
нанизать	1	нанимать, на низать, нанизывать, низать, занизить, занижать	херхине:senses[0].examples[0].ru:нанизать бисер
намогильний	1	намогильной, намогильный, надмогильный	хабал:senses[1].examples[1].ru:намогильний памятник, надгробие
намелю	1	намел, намели, намела, намело, намерю, населю, намылю, наделю, нагелю, нацелю, на мелю	гьобо:senses[0].examples[16].ru:захочу — на мельнице намелю, захочу — в печи пожарю
намелет	1	наметет, намечет, на мелет, наметает, наметем, намет, мелет	гьобо:senses[0].examples[19].ru:много воды утечёт; много муки намелет мельница Али
нальзя	1	нельзя	гӏункӏрукь:senses[0].examples[2].comment:т. е. нальзя трогать глаз
налитим	1	налитом, налетим, налитым, налит им, налит, налим, навалим, накалим	цӏезе:senses[0].text:заполняться, заполниться; наполняться, наполниться чем-либо; быть, стать наполненным, набитым, насыпанным, налитим чем-либо
накъиш	1	накажи	панно:senses[1].text:накъиш-сурат тӏад гьабураб ва сверун рамка бугеб къоно
накшбендия	1	наклонения	тӏарикъат:senses[0].examples[0].ru:суфийское течение накшбендия
накрычать	1	накричать, накрывать, накрыть, накачать	хъичизе:senses[0].text:накрычать, поднимать голос на кого-либо; рассердиться
накрычав	1	накричав, накрыв, накрав	биххизабизе:senses[2].examples[1].ru:накрычав, привёл в растерянность
наклеветать	1	на клеветать, клеветать, наклеивать, наклепывать, налетать	мацӏ#3:senses[0].examples[0].ru:доносить, донести чего-либо на, (с)делать доносы; (по)ябедничать; сплетничать, говорить плохое о человеке; кляузничать, заниматься кляузами; наклеветать, оклеветать
наизуть	1	наизусть, накинуть	аят:senses[0].examples[0].ru:выучить наизуть стихи Корана
наибы	1	наивный	добаго:senses[0].examples[6].comment:оба знаменитые наибы Шамиля
наибствовать	1	наличествовать, напутствовать, начальствовать, странствовать	наиблъи:senses[0].examples[0].ru:работать, служить наибом, наибствовать
наибстве	1	таинстве	наиблъи:senses[1].examples[0].ru:в Гунибском наибстве
наибства	1	таинства	нухтӏалъи:senses[0].examples[1].comment:когда посильной должен отправляться в дальний путь, напр. в центр наибства
наиб	1	наб, наим	наиб:senses[0].text:наиб
наи	1	на, ни, аи, наим, нами, наши, наги, наци, таи, нар, нас, паи, нам, над, наш	абзац:senses[1].examples[0].ru:выучи(те) четыре абзаца наизусть || алхӏам:senses[0].examples[3].ru:выучить алхамд наизусть || аят:senses[0].examples[0].ru:выучить наизуть стихи Корана
назук	1	наук, базук, назубок	назук:senses[0].text:назук, чурек
надымлено	1	задымлено, надломлено, надоумлено, надломленно, наделено	кӏкӏуйкӏачинабизе:senses[0].examples[0].ru:от частого курения в комнате надымлено
надымленная	1	задымленная, надломленная, продымленная, надоумленная, наделенная	кӏкӏуй:senses[0].examples[12].ru:надымленная комната
надцать	1	надрать, наддать, тринадцать, двенадцать, пятнадцать, двадцать	анцӏила:senses[0].text:…надцать,…десят
надоедливй	1	надоедлив, надоедливой, надоедливый, надоедлива, надоедливо, надоедливы	бизараб:senses[0].examples[1].ru:надоедливй человек
надзирательство	1	надзирательский, надзирательница, разбирательство, надзирательниц	надзирательлъи:senses[0].text:работа, служба, профессия надзирателя; надзирательство
надеела	1	надела, надоела, надъела, наделяла, наделила, наделена, наделёна	бахчари:senses[1].examples[0].ru:мне надеела его привычка прятаться
надгрудник	1	нагрудник, грудничок	магьдидарай:senses[0].text:надгрудник
надаиваемое	1	напаиваемое, надшиваемое, надстраиваемое, надпиливаемое, надклеиваемое, настаиваемое	чӏунтӏ:senses[0].text:молоко, надаиваемое за один подсос; капля молока
нагинается	1	нагибается, начинается, нагнетается, наглотается, нагревается, нагоняется	мугь:senses[0].examples[6].ru:колос с налитым зерном нагинается
наврагическая	1	невралгическая, трагическая, гидравлическая, наставническая	невралгиялъул:senses[1].examples[0].ru:наврагическая болезнь
навонять	1	наводнять, завонять, нагонять, на вонять, вонять, нанять	махӏбахъинабизе:senses[0].text:навонять, завонять, наполнить воздух запахом
навить	1	навит, навита, навито, налить, навиты, давить, нашить, завить, набить, нажить, на вить, набавить, навинтить, навивать, натравить	мергу:senses[0].examples[0].ru:навить пряжу на веретено
навиду	1	наведу, Давиду, на виду, навивку	берзукь:senses[1].text:навиду; в поле зрения; перед глазами; под надзором
навзичь	1	навзничь, навозить	речӏчӏизе:senses[3].examples[4].ru:упасть навзичь
навверху	1	наверху, на вверху, наверх, вверху	аха-тӏарада:senses[0].text:навверху и внизу
набросаться	1	наброситься, забросаться, на бросаться, набросать, разбросаться, бросаться, набросься	тӏадекӏанцӏизе:senses[0].text:набрасиваться, набросаться; накидываться, накинуться; налетать, налететь
мёрт	1	мрёт, мёр, мёртв, мирт, март, тёрт, мёрз, чёрт	хвел-рахъин:senses[0].examples[0].ru:надо разузнать, жив или мёрт
мятьём	1	мытьём, мять	кӏвекӏаризе:senses[0].text:заниматься мятьём, размягчением
мятежница	1	мятежника, мяте жница, мятежник	питнадулай:senses[1].text:смутьянка; бунтовщица, мятежница
мякини	1	мякина, мякине, мякины, мякину, мякиши, мякинный	карщ:senses[1].examples[3].ru:заливать, выдумывать небылицы; рассказывать вещи, напоминающие посыпивание мякини в кашу
мышехвост	1	мечехвост	гӏонкӏкӏорачӏ:senses[0].text:мышехвост
мышенью	1	мишенью	гӏуж#2:senses[2].examples[4].ru:взять мышенью
мычанье	1	мычание, мыканье	баси:senses[0].examples[4].ru:слышно мычанье бычков
мылостинью	1	мылкостью	кӏалккинасордоялъ:senses[0].examples[0].ru:мать раздала мылостинью вечером накануне мусульманского поста
мушмулы	1	муллы, мулы	гваргин:senses[0].examples[1].ru:кустарники мушмулы
мушмулу	1	муллу, мулу	гваргин:senses[0].examples[0].ru:собирать мушмулу
муховод	1	мух овод, воздуховод	тӏотӏохъан:senses[0].text:пчеловод; муховод
мухаррам	1	мухоморам	мухӏарам:senses[0].text:мухаррам
мухаджир	1	хаджи	мугьажир:senses[1].text:мухаджир
муфлон	1	фуфло	гӏалхул:senses[3].examples[13].ru:муфлон
муталим	1	баламутим	мутагӏилав:senses[0].text:муталим
мутаку	1	тумаку, мутанту	ботека:senses[0].examples[0].ru:садиться на мутаку
мутака	1	тумака, мутанта	ботека:senses[0].text:мутака, валик
мутаалимов	1	мутантов	напакъа:senses[0].examples[0].ru:пропитание для мутаалимов
мусульмани	1	мусульман, мусульманин, мусульманки, мусульмане, мусульман и	бусурманлъизе:senses[0].examples[1].ru:и намаза не совершает как мусульмани, и не крестится как христианин
муравьиний	1	муравьиной, муравьиный, муравьи	цӏунцӏрадул:senses[1].text:муравьиний
муншдштук	1	мундштук, мундштучок	мушдукӏ:senses[0].examples[0].ru:муншдштук, изготовленный унцукульскими мастерами
мулльствовать	1	мудрствовать	маллалъи:senses[0].examples[0].ru:мулльствовать; занять пост муллы
музыцируют	1	музицируют, музицирующий	макънагъине:senses[0].examples[0].ru:слышишь, как в зелёной мураве стрекозы музыцируют?
музикальные	1	музыкальные, мультиканальные, уникальные, азимутальные, каузальные	бажари:senses[1].examples[0].ru:музикальные способности
музикалиял	1	музицировал	соната:senses[0].comment:музикалиял асаразул цо тайпа
мужёнок	1	мулёнок, мужичонок	россолжо:senses[0].text:мужёнок
мужсскому	1	мужскому, мужескому, мужской, муромскому	бихьинлъи:senses[0].text:принадлежность к мужсскому полу
мужный	1	мужний, мужней, нужный, мутный, муляжный	росасул:senses[1].text:мужнин, мужный
мужественый	1	мужественный, мужественен, мужествен, дружественный, множественный	буцур:senses[0].examples[1].ru:крепкий орешек, мужественый человек; железное укрепление
мощеннишество	1	мошенничество	хӏилла-макру:senses[0].text:козни, плутни; мощеннишество, жульничество; коварство
мошней	1	мошне, мошной, модней, мощней	бицатаб:senses[0].examples[11].ru:с толстой мошней
мочеотводная	1	моче отводная, дымоотводная, водоотводная	свенек:senses[0].text:деревянная мочеотводная трубка
морьковь	1	морковь, хорьковый	ламадур:senses[0].text:морьковь, морковка
мортане	1	мортале	дегӏен:senses[0].examples[1].ru:перекувыркнуться; сделать сальто-мортане
мореподобная	1	море подобная, молниеподобная, преподобная, корнеподобная, курареподобная	ралъад:senses[0].examples[11].ru:мореподобная корова
моргатель	1	моргать	къанщ-къанщ:senses[0].text:моргающий, моргатель; моргающий человек
момилуй	1	помилуй, милуй	астагъфируллагь:senses[0].text:момилуй, Аллах
молитьву	1	молитву, молить	гьари-дугӏа:senses[0].examples[0].ru:произносить молитьву, (по)молиться
мозжить	1	размозжить	унтизе:senses[1].text:болеть, ныть, ломить, резать, мозжить
могили	1	могил, могли, могилки, могила, могиле, морили, молили, могилы, могилу, мочили, мог или, могил и	кӏалъай:senses[2].examples[2].ru:у его могили с речью выступили большие люди
мировозрение	1	мировоззрение, миротворение, мировидение, воззрение, минирование	коммунизмалъулаб:senses[0].examples[0].ru:коммунистическое мировозрение
мирзы	1	миры, миазы, мирны, мирты, мирры, мурзы	мирзачилъи:senses[0].text:деятельность, должность мирзы
мирза	1	мира, мирна, мирта, мирра, мирка, мурза, мир за	мирза:senses[0].text:мирза, писарь, писец
мимолетней	1	мимолетной, мимолетный, мимо летней, мимолетом, малолетней, семилетней	гени:senses[0].examples[8].comment:о мимолетней встрече
милион	1	миллион, мил ион, мили он	миллион:senses[0].text:милион
милий	1	мили, Эмилий, милой, милей, лилий, милый, мидий, милуй, мицелий	яцхвад:senses[0].text:любимый мой; дорогой мой; милий мой; . да умрёт сестра твоя!
мешении	1	смешении, метении, решении, вешении, мечении, смешение	рущи:senses[0].examples[0].comment:при мешении теста
мечтаемый	1	печатаемый, сметаемый, отмечаемый, отметаемый	анищаб:senses[0].text:мечтаемый, желаемый
меховый	1	маховый, меховой, меховые, меховым, медовый, меховых, ореховый	къохьол:senses[1].text:меховый
механичесий	1	механический, механистический	механикияб:senses[0].text:механичесий
метисовой	1	метиловой, мети совой, метисов ой, аметистовой, метиленовой, тисовой, метиской	метис:senses[0].examples[0].ru:бараны метисовой породы
металическая	1	металлическая, металогическая, метаболическая, металлургическая, метастатическая	къоно:senses[0].comment:каменная или металическая
мергу	1	меру, моргу, мерку, мезгу, меренгу	кочӏохъан:senses[0].examples[2].comment:мергу веретено
менятся	1	меняется, сменятся, меняться, меняются, метятся, мерятся, меняйся, менялся, ленятся, пенятся, щенятся, женятся, ценятся, сменится	хур:senses[0].examples[6].ru:менятся полями
мелчайшее	1	мельчайшее, величайшее	зарра:senses[0].examples[1].ru:пылинка; мелчайшее
мекканской	1	мексиканской, марокканской, американской, мещанской	макъам:senses[1].examples[0].comment:в мекканской Каабе
мекканского	1	мексиканского, марокканского, американского, мещанского	къурайшиял:senses[0].comment:представители знатного мекканского племени, в котором родился пророк Мухаммед
мекканских	1	мексиканских, американских, марокканских, мессианских	бакине:senses[0].examples[1].comment:букв. представитель одного из мекканских племён
мезурку	1	мензурку, мазурку	мензурка:senses[0].examples[1].ru:налить в мезурку
межевать	1	размежевать, свежевать, жевать, затмевать	гӏорхъи:senses[0].examples[6].ru:проводить межу, межевать, размежевывать; устанавливать границы
медлиться	1	мед литься, замедлиться, медлить, осмелиться, длиться	хьачӏунлъизе:senses[0].text:(за)медлиться
медвежеподобный	1	мужеподобный	цимахӏаб:senses[0].text:медвежеподобный
мгновено	1	мгновенно, мгновенен, мгновенье, мгновение, мгновенный	турхьан:senses[0].text:мгновено, быстро
мбнеральные	1	минеральные, генеральные, тембральные, либеральные, камеральные	беэнлъи:senses[1].examples[0].ru:мбнеральные удобрения
машгьурал	1	магистраль	пантеон:senses[0].text:пантеон (1. хӏурмат бугел машгьурал гӏадамал рукъарал хабзал
мац	1	маца, маце, мацы, мацу, мае, нац, мат, май, мал, мак, мая, мам, бац, маг, маю	бецӏаб:senses[0].examples[6].comment:'мацӏ' язык || болмацӏ:senses[0].text:болмац || болмацӏ:senses[0].examples[0].ru:говорит на болмаце
массонский	1	масонский, македонский, марафонский, амазонский, саксонский	орден#2:senses[0].examples[0].ru:массонский орден
маслиться	1	мыслиться, замаслиться, промаслиться, маслить, умалиться	нах:senses[0].examples[15].ru:(про)маслиться, замаслиться
масдара	1	маскарада, маскарад, маракас, смарагда	масдар:senses[0].examples[0].ru:способ образования масдара
масала	1	масла, марала, макала, мазала, махала, масса	ортопедиялъул:senses[1].examples[0].comment:масала, хӏатӏазе сакъат бугезе хьитал гьарулеб
марья	1	Марья, марьяж, марая, марля, Дарья, комарья, маралья	тӏогьилдахӏа:senses[0].text:иван-да-марья
марсизм	1	марксизм, марсианка	марксизм-ленинизм:senses[0].text:марсизм-ленинизм
маркабазул	1	марказит	филателия:senses[0].comment:маркабазул коллекция гьаби
марийцы	1	арийцы, марийка	мариял:senses[0].text:марийцы
мариец	1	ариец, мариек, марание	марияв:senses[0].text:мариец
манзилалъул	1	манипулировал	параллель:senses[1].text:дуниялалъул шаралда экваторалда бащадаб манзилалъул мухъ
манзилалъ	1	мазила	параллель:senses[0].text:параллель (1. киса-кибего бащадаб манзилалъ бугеб мухъ
малчик	1	мальчик, мазчик, мал чик, малахитчик	бихьинчияб:senses[0].examples[2].ru:мужественный малчик
малошерстная	1	мало шерстная, белошерстная, мягкошерстная, разношерстная, одношерстная	гурцӏаб#2:senses[0].examples[0].ru:малошерстная овца
малоцветочный	1	мало цветочный, цветочный	тӏогьокъаб:senses[0].text:малоцветочный, без цветов
малоурожайно	1	малоурожайное, малоурожайной, малоурожайном, малоурожайною, мало урожайно, малоурожайный, урожайно	рижаликъ:senses[0].text:малоурожайно; неплодородно
малоурожайнным	1	малоурожайным, малоурожайный, низкоурожайным, неурожайным	рижаликълъизе:senses[0].text:становиться, стать малоурожайнным, неплодородным
малотворожный	1	мало творожный, малотиражный, малотоннажный, творожный	нисдакъаб:senses[0].text:безтворожный; малотворожный
малоспособность	1	мало способность, налогоспособность, малоспособный, работоспособность, правоспособность	пишадукълъи:senses[0].text:неумение, неуклюжесть, малоспособность
малоснежье	1	малоснежные, малоснежный	гӏаздакълъи:senses[0].text:малоснежье, бесснежье
малословие	1	малословные, славословие, срамословие, малокровие	рагӏукълъи:senses[0].text:малословие
малоприбильный	1	малоприбыльный, малоприятный, матрилокальный	хайир:senses[0].examples[3].ru:неприбыльный, малоприбильный, нерентабельный, невыгодный
малоплодный	1	мало плодный, малоплодородный, малопригодный, малодоходный, самоплодный	тӏинчӏикъаб:senses[0].text:малоплодный
малооплачиваемый	1	мало оплачиваемый, высокооплачиваемый, низкооплачиваемый, неоплачиваемый, оплачиваемый	мухьдакъаб:senses[0].text:малооплачиваемый
маломолочным	1	мало молочным, маломочным, маломочный, кисломолочным, маломощным	рахьдакълъизе:senses[0].text:быть, стать маломолочным; потерять молоко; остаться без молока
маломолочный	1	мало молочный, маломочный, кисломолочный, маломощный, малоусадочный	рахьдакъаб:senses[0].text:маломолочный, не имеющий в достатке молока, безмолочный
маломолочность	1	мало молочность, маломощность, жирномолочность, малочисленность, молочность	рахьдакълъи:senses[1].text:маломолочность, отсутствие молока
маломолочности	1	мало молочности, жирномолочности, маломощности, малочисленности, молочности	рахьдакъ:senses[0].text:без молока; в состоянии маломолочности, отсутствия молока
малолесный	1	маловесный, малосоленый, малополезный, малоснежный, малосольный	рохьикъаб:senses[0].text:безлесный, малолесный
малогреющий	1	мало греющий, малоговорящий	тӏадагьаб:senses[0].text:лёгкий, легковесный; невесомый; лёгкий, не тёплый, малогреющий
маленткая	1	маленькая, малехонькая	хӏарп:senses[0].examples[0].ru:маленткая буква, строчная буква
маленкое	1	маленькое, маленько, маленечко	хӏор:senses[0].examples[1].ru:маленкое озеро; маленький пруд
маленкий	1	маленький, аленький	къокълъи:senses[1].examples[0].ru:какой же он маленкий!
макьу	1	маку, макну, макаку	макьил:senses[0].text:макьу
мазание	1	мазаное, марание, мазанке, макание, мазаные, мазанье, махание, помазание, занимание, зажимание, замазывание	жужай:senses[1].text:мазание, мазка.
мазандаранский	1	андорранский, марокканский, самаркандский, марсианский	мазандаран:senses[0].examples[0].ru:мазандаранский шёлк
магазиный	1	магазины, магазинный, магазин	тукадул:senses[1].examples[0].ru:магазиный хлеб
лянгу	1	лягну, лягу, гляну, лязгу	ланг#1:senses[0].examples[0].ru:играть в лянгу
лянга	1	лязга, гаолян	ланг#1:senses[0].text:лянга
лям	1	мял, ля, ям, леям, елям, тлям, элям, Олям, лам, лом, сям, ляп, ляд, ляг	лам:senses[0].text:лям
ляля	1	Ляля, вяля, пяля, ля ля, ля	нани:senses[1].text:ребёнок, ляля
лягушеподобный	1	солнцеподобный	къверкъмахӏав:senses[0].text:лягушеподобный
ляги	1	ляг, лги, яги, лягни, фляги, лиги, лаги, логи, тяги, лягу, ляг и	гъоркьтӏам:senses[0].examples[0].ru:жду, пока найдётся человек, который установить ляги, чтобы затем стелить доски
ляга	1	ляг, яга, лягай, лягал, лягая, лязга, лягаю, фляга, лига, лага, лога, тяга, ляпа, ляда, лягу	гъоркьтӏам:senses[0].text:ляга
людми	1	люди, людьми, люд ми, людными	халкъ:senses[2].examples[2].ru:будь ты проклят людми всей вселенной
льба	1	лба, Эльба, льна, льва, льда, луба, люба, бульба, пальба	халалъухъе:senses[1].examples[1].ru:вдоль льба белое пятно
лъолеб	1	колеблем	планшет:senses[1].text:жанисан канлъи бихьулеб тӏалъелги бугеб, жаниб карта лъолеб сумка
лъиениги	1	гигиенист	гипноз:senses[0].text:гипноз; лъиениги
лушу	1	клушу, глушу, лишу, луну, тушу, луру, рушу, сушу, лупу, пушу, луку, кушу, луду, душу, лузу	ракӏ:senses[1].examples[39].ru:успокоить; успокоить лушу
лушить	1	ушить, глушить, лишить, тушить, рушить, сушить, лупить, пушить, лудить, душить, лучить, лущить, улучшить	хъал:senses[1].examples[4].ru:лушить, очищать, снимать корку; сдирать, содрать кожуру
лучиночный	1	личиночный, лучин очный, починочный, начиночный, тычиночный, луночный	канал#2:senses[1].text:лучиночный
луноподобное	1	слоноподобное, женоподобное, новоподобное, ангелоподобное	моцӏ:senses[2].examples[7].ru:луноподобное лицо
лунноподобный	1	лунно подобный, слоноподобный, новоподобный, женоподобный, богоподобный	моцӏ:senses[2].examples[6].ru:лунноподобный
лощинистый	1	лощин истый, блондинистый	гомогккараб:senses[0].text:впалый, лощинистый, ложбинистый
лошать	1	плошать, лишать, лопать, ломать, лошадь, орошать	чӏезе#1:senses[13].examples[14].ru:лошать встала на дыбы
лошадька	1	лошадка, лошадь ка, лошадь, лошадушка, лошака, калоша	дуду:senses[0].text:конь, лошадь, лошадька
лошады	1	лошади, лошадь	хьвани:senses[0].text:лошады, мулы
лошадеподобный	1	ангелоподобный	хьванимахӏаб:senses[0].examples[0].ru:глуповатый человек; лошадеподобный
лохнуть	1	охнуть, глохнуть, сохнуть, лопнуть, дохнуть	гъугълъизе:senses[0].text:(ог)лохнуть
лохмотье	1	лохмотьев, лохмотья, лохматить	селсел:senses[0].text:лохмотье, отрепье, отрепья
лоторейный	1	лотерейный, торенный	тираж:senses[0].examples[0].ru:лоторейный тираж
локонамы	1	локонам, локонами, локона мы, локоны	къунщбихалат:senses[0].comment:женщина с длинными локонамы на висках
локативом	1	локомотивом, локомотив, волосатиком	нахъа#2:senses[1].text:с локативом 1 серии за чем-либо, позади кого -чего-либо
ложбинистый	1	ложбин истый, блондинистый	гомогккараб:senses[0].text:впалый, лощинистый, ложбинистый
лищаться	1	лишаться, лизаться, счищаться, защищаться, сличаться, сливаться	чиярлъизе:senses[1].text:становиться, стать чужим; лищаться, лишиться чего-либо
лихорадиться	1	лихорадить, расходиться, разладиться, охладиться	кьалха-риххизе:senses[0].text:лихорадиться; пороть горячку; вести себя суматошно; сильно волноваться
литратурный	1	литературный, лигатурный, политурный	кружок:senses[0].examples[0].ru:литратурный кружок
лисый	1	лисы, лисий, лисой, лысый, лисиный	цебеса:senses[2].examples[2].ru:лисый [спереди]
лисеть	1	висеть, лысеть, ли сеть, истлеть, селить	бетӏер:senses[0].examples[63].ru:(по)лисеть
лисеподобный	1	лисе подобный, молниеподобный, солнцеподобный, преподобный, бесподобный	цермахӏав:senses[0].text:хитрый; лисеподобный
лирикияб	1	лирика	ноктюрн:senses[0].comment:музыкалияб лирикияб асар
ликпункте	1	лик пункте, пунктике	ликпункт:senses[0].examples[0].ru:моя бабушка обучалась в ликпункте
ликпункта	1	лик пункта, агитпункта	ликпункт:senses[0].examples[2].ru:придя из ликпункта, и дома занимался он
ликвидаци	1	ликвидации, ликвидация, ликвидацию, ликвации	ликпункт:senses[0].text:ликпункт (ликвидационный пункт), пункт по ликвидаци неграмотности
лизающий	1	лазающий, лишающий, залипающий, заливающий, изливающий, залезающий	ахакьчӏикӏ:senses[0].text:блюдолиз; осадок лизающий
лижный	1	ложный, лирный, лыжный, личный, книжный	трамплин:senses[0].examples[0].ru:лижный трамлин
лжехрабрость	1	храбрость	гӏодоббахӏарчилъи:senses[0].text:лжехрабрость
лжеуразу	1	уразумение	къвачӏа:senses[0].examples[13].ru:игра слов держать лжеуразу
лжеклятву	1	клятву	добгонияб:senses[0].examples[0].ru:столько людей не могут давать лжеклятву
лже	1	же, лаже, ложе, лжет, лыже, лжем, луже, лжец, лжи, иже, лае, лее, еже, рже, лье	бакӏ#1:senses[7].examples[0].ru:человек, занимающий такой пост, не должен быть спесивым || бала-гъалагьизе:senses[1].examples[1].ru:пчеловод должен наблюдать за пчёлами || бегьизе#1:senses[0].examples[8].ru:ты уже взрослый человек, должен знать, что можно и чего нельзя
летоисчисления	1	летосчисления, лето исчисления, летосчисление, исчисления, отчисления	гьижра:senses[0].comment:уход пророка Мухаммеда из Мекки в Медину 16 июля 622 г.; начало мусульманского летоисчисления
лесье	1	лесе, лисье, лессе, песье, леске, месье, полесье, залесье	лъедераб:senses[0].examples[0].ru:лесье
лесоматериала	1	лесоматериалам, лесоматериалах, лесоматериалы, лесоматериалов, пиломатериала, фотоматериала, видеоматериала	цӏулакълъизе:senses[0].text:не иметь лесоматериала
лесоматериал	1	лесоматериалы, лесоматериалов, пиломатериал, фотоматериал, видеоматериал	гӏисинккун:senses[0].examples[3].ru:сосед постепенно собирает лесоматериал для дома
лесничиха	1	лесничих, лесничих а, лесничии	рохьихъан:senses[0].text:лесничий и лесничая; лесник и лесничиха
лесничая	1	лестничная, лесная	рохьихъан:senses[0].text:лесничий и лесничая; лесник и лесничиха
лесницы	1	лестницы, ресницы, десницы, колесницы, слезницы	къватӏиб:senses[0].examples[27].comment:кого-либо спустить с лесницы
лерево	1	дерево, влево	жагадул:senses[1].examples[0].ru:вишнёвое лерево
лепеча	1	лепета, лепечу, лепеха, печалей	гунгуниялда:senses[0].text:лепеча, бормоча; шушукаясь; шёпотом; с воркотней
ленчики	1	ленчик, членики, ленчика, ленчике, летчики, венчики, ленчику, ленчик и, леденчики, леденчик, ленчи, членники	гъалтахъчи:senses[0].text:мастер, изготавливающий ленчики сёдел
ленность	1	леность, тленность, ценность, оголенность, медленность, численность, отделенность	кӏвахӏаллъи:senses[1].text:лень, ленность, ленца; нерадивость; вялость
лебезничать	1	любезничать, бездельничать	бохьаризе:senses[1].text:лебезничать
лебезничание	1	любезничавшие	тӏеп-тӏепизе:senses[0].examples[1].ru:низкопоклонство, лебезничание
лбюбовная	1	любовная, облюбованная	сарин:senses[0].examples[1].ru:лбюбовная песня
латынские	1	латинские, латышские, аланские	тарих:senses[0].examples[1].ru:латынские цифри
латинянка	1	латинян ка, латинянина, латинянин	латинай:senses[0].text:латинянка
лаилаха	1	аллаха	лайла:senses[0].comment:моление, заключающееся в повторении формулы “лаилаха иллаллах” — “нет божества кроме Аллаха”
лазка	1	лаза, лака, глазка, злака, латка, разка, лавка, ласка, лайка, лапка, пазка, мазка, ладка, лачка, лаз ка	лазай:senses[0].text:лазка
ладоняи	1	ладони, ладонями, ладонки, ладоням, ладонях	огъохъат:senses[0].examples[1].ru:человек с широкими ладоняи
кяфир	1	кефир	иман:senses[0].examples[3].ru:неверный; кяфир; изувер
кяф	1	кря	кап:senses[0].text:кяф
кюрзе	1	кюре, гюрзе	гьаналъхӏинкӏ:senses[0].text:кюрзе, вареник с мясом
кьолеб	1	колебать	парк#2:senses[0].text:парк (1. аскаралъе техникияб материал кьолеб, добе-гьанибе баччизе санагӏат рекъезабураб склад
кьили	1	кили, калили	босизе:senses[0].examples[8].comment:'кьили' седло
кьибилалъул	1		патриарх:senses[0].text:патриарх (1. тухум-кьибилалъул бетӏер
къушизе	1	крушине	къуш-къушизе:senses[0].text:от къушизе
къехь	1	съехать	пергамент:senses[0].text:пергамент (1. кагътил бакӏалда хӏалтӏизабулеб букӏараб, тӏад хъвадаризе къачӏараб къехь
куц	1	ку, кур, кус, куй, куп, кук, куя, кум, куш, куб, куч, кущ, кую, кГц	планетарий:senses[1].text:планетал хьвадулеб куц бихьизабизе бараб хасаб мина
кутане	1	тукане, сутане, кулане, бутане	хӏал:senses[0].examples[6].ru:как дела на кутане?
кутанах	1	сутанах, куланах, курантах	лъикӏалан:senses[0].examples[2].ru:они проделали значительную работу на кутанах
кусо	1	укос, косу, кус, кусов, кусок, кусом, куса, косо, кусе, куст, кусы, кусу, ку со, кус о	кӏалдиб:senses[0].examples[45].ru:поделиться с кем-либо; отдать последний кусо к кому-либо; отдать, вынув изо рта
курям	1	куря, кудрям, курим, курам, курян, курят, кулям, бурям, кур ям	щвазе:senses[0].examples[0].ru:девочка сыпает курям зерно
курчавоволосый	1	черноволосый	кӏургӏараб:senses[1].examples[2].ru:курчавоволосый
курпей	1	купрей, курьей, кур пей	хъурайсен:senses[0].examples[1].ru:хорасанский курпей, каракулевая папаха
курейшиты	1	курьезнейший	къурайшиял:senses[0].text:курейшиты
курей	1	купрей, курьей, кудрей, курий, кулей, кушей, бурей, кучей, кущей, куцей, ку рей, кур ей, куреней	хьандезе:senses[0].examples[0].ru:ты не заклинай меня, соседушка, я больше не выпущу курей в твой огород
курдянка	1	курдюка	курдай:senses[0].text:курдянка
кураговый	1	курковый	ахту:senses[0].examples[2].ru:кураговый компот помогает отхаркивать мокроту
кураговая	1	курковая, курсовая	карщ:senses[0].examples[0].ru:кураговая каша
купырь	1	упырь, пупырь, к упырь, курьер	гӏакдал:senses[1].examples[3].ru:купырь лесной
куничий	1	куричий, куний	цакьудул:senses[1].text:куничий, куний
кумычка	1	калмычка	лъарагӏай:senses[0].text:кумычка
кумык	1	кумы, кумыс, кумы к	лъарагӏав:senses[0].text:кумык
кумекчи	1	кумекать	ассистент:senses[0].comment:кумекчи
кулыбаба	1	улыбка	гьургьур:senses[0].text:кулыбаба осенняя
кукареканье	1	кукарекать, кукарекнуть, кукареку, карабканье	гӏегӏеди:senses[1].text:пение (петуха) кукареканье
кузьмичева	1	кузькина	лъалу:senses[0].text:тис; кузьмичева трава, эфедра хвощевая
кузмичёва	1	кузнечика	хӏамирачӏ:senses[0].text:хвойник конский, эфедра, кузмичёва трава
кузмичева	1	кузнечика	хьурут:senses[0].text:хвойник, эфедра, кузмичева трава
кузенное	1	казенное, куренное, укушенное, окученное, кузене, кузен	вацгӏаллъи:senses[0].text:родство на уровне двоюродных братьев, кузенное родство
кудрай	1	кудрей, ку драй, райку	гъамгъакь:senses[0].text:кудрай
кудахтанию	1	кудахтанью, кудахтанье	кьалаб:senses[0].examples[0].comment:т. е. зайца можно обнаружить по следу, а куропатку по кудахтанию
кудахтаете	1	кудахтайте, кудахтанье	къвакъвадизе:senses[0].examples[3].ru:вы болтаете, а мы трудимся; вы кудахтаете, а мы яйца несём
крылях	1	крыльях, кралях, крылья	ракь:senses[6].examples[8].ru:чувствуя себя окрылённым, как на крылях; не касаясь ногой земли
крывым	1	кривым, крытым, крывшим	гьетӏ:senses[0].text:деталь с крывым концом, надеваемая на остриё веретена при кручении ниток навису
крывошеий	1	кривошеий, крывший	габуркӏичӏ:senses[0].text:крывошеий человек
крывой	1	кривой, крытой, крысой	хъилич:senses[0].text:крывой меч, сабля; ятаган
крутнуть	1	кутнуть, крутануть, крикнуть, крякнуть, крутить, крепнуть	кьуризе:senses[1].text:скручивать, скрутить, крутнуть, (с)сучить что-либо
крупоность	1	крупность, окружность, упорность, супоросность, рудоносность	кӏодолъи-гьитӏинлъи:senses[0].text:величина; крупоность и малость
крупноколиберный	1	крупнокалиберный, крупноразмерный	пулемёт:senses[0].examples[0].ru:крупноколиберный пулемёт
круглолистная	1	крупнолистная, круглолицая, крупнолистая, густолистная	царатӏин:senses[0].text:росянка круглолистная
круглие	1	круглое, круглые, кругл	скобка:senses[0].examples[0].ru:круглие скобки
крошать	1	крошат, крошить, орошать, кровать, крошась, кропать, вопрошать	гӏандус:senses[0].comment:растение, корень которого аварцы крошать в махорку для аромата; употребляется и в лечебных целях
кроткость	1	кротость, короткость, краткость, крот кость, открытость, кровность, броскость, скорость	тамахлъи:senses[3].text:кроткость, слабость
кровопролите	1	кровопролитие, кровопролитные, кровопролитный, копролите, кровопотере	бидбиххун:senses[0].examples[3].ru:в нашем ауле не было высланных за кровопролите
кровопрлитие	1	кровопролитие, кровопролитные	чӏвай-хъвей:senses[0].text:кровопрлитие; резня
кровник	1	коровник, кров ник, крыжовник, кедровник, чаровник	бидулав:senses[0].text:кровник-враг
кровавиться	1	крова виться, кровавить, критиковаться, рокироваться, провариться	бидахине:senses[0].text:кровавиться, покрыться кровью, налиться кровью
криветь	1	окриветь, кривить, приветь, приветить	хъвалсазе:senses[0].text:быть, стать косым, скошенным или наклонным; (о)криветь
кресала	1	кресла, воскресала	цӏагӏел-мачӏу:senses[0].text:принадлежности для кресала; кресало и кремень
крейсерный	1	скреперный, крейсер, сейнерный, секреторный	крейсералъул:senses[1].text:крейсерный
кредитоваться	1	аккредитоваться, кредитовать, кредитования, редактироваться	кредит:senses[0].examples[2].ru:брать кредит, кредитоваться
краснолапая	1	красно лапая, красноломкая, краснолицая, краснокрылая, красноглазая	мокъокъ:senses[0].examples[0].ru:краснолапая куропатка
красноватий	1	красноватой, красноватый, красноват, красноводский, красноногий	багӏаргьинаб:senses[0].text:красноватий
красиветь	1	красивость, красить, раскраивать	берцинлъизе:senses[0].text:становиться, стать красивым или краше, пригожим или пригоже; (по)красиветь; (по)хорошеть
кошары	1	кошмары, комары, ко шары, кош ары	баккаризе:senses[0].examples[0].ru:медведь начал часто появляться у кошары
котиться	1	коптиться, катиться, коситься, копиться, колотиться, укоротиться, облокотиться, оскотиниться	къинлъизе:senses[3].text:(о)котиться
кострец	1	костре, кострище	гьодимокъ:senses[0].examples[1].ru:кострец
костерь	1	костер, костери, костеря, костерю, терпкость	сусур:senses[0].text:овсюг; мятлик; костерь
косовище	1	коровище, косовице, сокровище, косище	харицел:senses[0].examples[3].ru:косовище
коснувшие	1	киснувшие, соснувшие, копнувшие, кокнувшие, куснувшие, коснувшийся, полоснувшие, кольнувшие, воскреснувшие	хӏинчӏ:senses[0].examples[6].ru:очень высокий, высочайший; птичьих крыльев не коснувшие
коснеть	1	закоснеть, костенеть, косность, окосеть	мацӏ#1:senses[0].examples[3].ru:заплетаться, коснеть — о языке; заикаться
космонавтка	1	космонавта, космонавтика, космонавт ка, космонавт	космонавт:senses[0].text:космонавт и космонавтка
кослявость	1	костлявость, корявость, писклявость, слюнявость, толковость	ракьамахӏлъи:senses[0].text:кослявость, костистость
косина	1	носика, осина, укосина, осинка, конина, косила, лосина, косища, косица, к осина, коси на, косинуса, оскомина	хъвалсай:senses[1].text:косина; наклон
косерватории	1	консерватории, обсерватории, консерватория, консерватор	консерватория:senses[0].examples[0].ru:студент косерватории
косары	1	корсары, косари, косаре, костры, косарь, косаря, комары, косарю, кос ары	рецарухъаби:senses[0].text:косары
корреспондентша	1	корреспондента, корреспондентка, корреспондент ша, корреспондент, корреспонденция	мухбир:senses[0].text:корреспондент и корреспондентша
корректорство	1	корректорский, директорство, ректорство, прозекторство	корректорлъи:senses[0].text:работа, должность, профессия корректора; корректорство
короткоухий	1	короткошеий, корноухий, короткий	бацӏ:senses[0].examples[1].ru:короткоухий волк
коротковольновый	1	коротковолновый, коротковолновик, высоковольтный, выпоротковый, воротниковый	радиоприёмник:senses[0].examples[1].ru:коротковольновый радиоприёмник
корзинообразный	1	клинообразный, колоннообразный, корытообразный, воронкообразный	гьегьмахӏаб:senses[0].text:напоминающий корзину, корзинообразный
коредколлегия	1	ко редколлегия, редколлегия	редкоредколлегия:senses[0].comment:редакционная коредколлегия
копытницы	1	опытник	лъех:senses[0].examples[0].ru:надо уметь различать набивку копыт от копытницы
коптка	1	копка, коптилка, кокотка	къибтӏияй:senses[0].text:коптка, египтянка
копт	1	коп, кот, копти, копит, копты, копыт, коптя, копят, копи, копа, копе, копн, копр, корт, копы	къибтӏияв:senses[0].text:копт, египтянин
копнить	1	копить, копните, коптить, копнуть, коп нить, копнищ	гӏари:senses[0].examples[0].ru:скирдовать, копнить, метать стог
конфетазул	1	конфета	карамель:senses[0].comment:конфетазул цо тайпа
конфедерационный	1	конфедеративный, конфедераций, конфигурационный, концентрационный	конфедерациялъулаб:senses[0].text:конфедерационный
конституци	1	конституции, конституций, конституция, конституцию, конститутивный	конституция:senses[0].examples[0].ru:конституци Республики Дагестан
консерв	1	консервы, консервов, консервант, консервный	консерв:senses[0].text:консерв и консервы
конкурентша	1	конкурента, конкурентка, конкурент ша, конкурент, оконтурена	дандияй:senses[1].text:противница, конкурентша
конкретизирвать	1	конкретизировать, конкретизировавший, конкретизированный, конкатенировать, колонизировать	мухӏкан:senses[1].examples[0].ru:конкретизирвать
конематка	1	коне матка, нематика, монетка	гӏала:senses[0].text:кобыла, кобылица; конематка
композиторша	1	композитора, композитор ша, композитор, композита	композитор:senses[0].text:композитор и композиторша
коммерсантша	1	коммерсанта, коммерсантка, коммерсант ша, коммерсант	даранчӏужу:senses[0].text:перекупщица; торговка, коммерсантша; спекулянтша; торгашка
комкаться	1	скомкаться, комкать, помыкаться, раскокаться, коваться	букӏкӏ-букӏкӏине:senses[0].text:(из)мяться; комкаться; покрываться складками
коментатором	1	комментатором, комментатор, ферментатором, концентратором, компенсатором	комментатор:senses[0].examples[2].ru:работать коментатором
комендантуры	1	комендатуры, коменданты, комендатур, комендант	комендантура:senses[0].examples[2].ru:здание комендантуры
комендантура	1	комендатура, комендант ура, комендатур, коменданта, комендант	комендантура:senses[0].text:комендантура
комедантура	1	комендатура, комендатур, комендант	комендантура:senses[0].examples[0].ru:военная комедантура
кольчугоносцев	1	копьеносцев	къолден:senses[0].examples[2].ru:войско кольчугоносцев
колькостьями	1	колкостями	тенкей:senses[2].text:обмен колькостьями
колькости	1	колкости, коль кости, колосистости, костистости, косолапости, костистость	тенкезе:senses[1].text:пускать колькости
колыхатья	1	колыхать, колыхаться, колыхать я, колыхая	багъа-бачаризе:senses[0].text:шататься, качаться; колыхатья, колебаться
колосы	1	колос, колоссы, колоса, колосе, колоны, колоты, волосы, колосс, полосы, кокосы, колоды, колосу, кол осы, осколок	бищизе:senses[2].examples[2].ru:собирать колосы
колозе	1	колхозе, колоне, колосе, полозе, колоде, колоше, ко лозе, колоколе, козел	захӏматкъо:senses[0].examples[0].ru:у него мало было в колозе трудодней
колебаются	1	колеблются, колебаться, колеблется	гьетӏаризе:senses[0].examples[0].ru:чаши весов колебаются
колдование	1	колядование, колдовавшие, заколдовывание, командование, колесование	кӏалбухьин:senses[1].text:ворожба; колдование
колготка	1	колгота, коготка, колготкам, колготках, колготки, колгот ка, колготок, колгот, кокотка, отколка	колготка:senses[0].text:колготка
козьё	1	козьи, козье, корьё, копьё, козья, козью	рехъен:senses[0].examples[2].ru:козьё стадо
козырём	1	козырнём, козырем, козырёк, козырям, козырным	омен:senses[0].examples[0].ru:бить козырём
козопаса	1	компаса	цӏцӏанавехьлъи:senses[0].text:занятие козопаса
козопас	1	компас	цӏцӏанавехь:senses[0].text:козопас
козлятник	1	козлят ник, козлятки	гьолох:senses[1].examples[0].ru:галега лекарственная, козлятник
козирёк	1	козырёк, козий	щурун:senses[1].text:козирёк
козеножку	1	козе ножку, корненожку	хъалиян:senses[0].examples[3].ru:сделать самокрутку, закрутить козеножку
ковыряющася	1	ковыряющая, ковыряющаяся, ковыряющийся	кьищни:senses[0].examples[1].ru:чего ты там ищешь, словно курица, ковыряющася в мусоре?
ковыли	1	ковали, ковыле, ковыль, ковыля, ковылю, ко выли, ковыряли	жубанжо:senses[0].text:свежая весенняя трава, выросшая на корнях прошлогодней ковыли
кобыли	1	кобыл, кобылий, кобылки, кобыльи, кобылиц, кобыла, кобыле, кобели, побыли, кобылы, добыли, кобылу, ко были, кобыл и	юргъа:senses[0].examples[2].ru:если у кобыли нет хотя бы хорошей ходьбы, жеребёнок не научится иноходи
клятвоману	1	клептоману	гьедарухъан:senses[0].examples[0].ru:не верь клятвоману
клятвоман	1	клептоман	гьедарухъан:senses[0].text:любитель клясться, клятвоман
клушеподобный	1	клуше подобный, курареподобный	къурущине:senses[1].examples[0].ru:клушеподобный
клопьи	1	клопик	ивус:senses[0].examples[0].ru:глазки пуговкой; клопьи глаза
клинами	1	клинками, линками, кланами, каинами, клонами, кленами, клипами, кликами, длинами, блинами, глинами, кличами, клина ми, клиниками, каминами	лъутӏ:senses[1].examples[0].ru:платье с клинами
клеветничество	1	клеветнический, начетничество, склочничество, ветошничество	мацӏихъанлъи:senses[0].text:клеветничество
клеветничать	1	клеветать, чаевничать	мацӏихъанлъи:senses[0].examples[0].ru:клеветничать, заниматься доносами, наветами, наговорами, сплетнями
клевают	1	клепают, клева ют, склевывают, вклеивают, оклеивают, склеивают	мугь:senses[0].examples[5].ru:птицы зёрна клевают, а дети слова собирают
клевает	1	клевета, клеврет, клепает, склевывает, вклеивает, оклеивает, склеивает	щванкӏезе:senses[0].examples[0].ru:старик клевает носом
клас	1	класс, ласк, клан, квас, клал, клад, глас, Влас, кл ас, класть	хӏадурлъиялъул:senses[1].examples[0].ru:подготовительный клас
кладуть	1	кладут	кӏакӏо:senses[0].text:каменная ступка, куда кладуть пищу для собак
ккустом	1	кустом, к кустом, кустистом, кустиком	хьуй:senses[0].examples[2].ru:за ккустом
ккурав	1	аккурат	сектант:senses[0].comment:динияб мазгьаб ккурав чи
кколев	1	околев, королев, левкоев	паркетчик:senses[0].comment:паркет кколев чи
кислородги	1	кислород	углевод:senses[0].comment:углеродги, кислородги, водородги жубараб вещество
кирза	1	криза, кинза, кирка, кирха, киргиза	кирза:senses[0].text:кирза
киприотский	1	припятский, киотский, приозёрский, приозерский	къубрусазул:senses[1].text:киприотский
киноялъул	1	кинология	проекция:senses[1].text:экраналда суратал, киноялъул кадраби рихьизари
киналго	1	кинозал	пантеон:senses[1].text:некӏсиял греказул ва румазул киналго аллагьзабазе бараб храм
кинаб	1	кабина, бабкин	секта:senses[0].comment:цо кинаб бугониги динияб мазгьаб
кимарить	1	кемарить	кьижаризе:senses[0].text:клониться ко сну, кимарить; дремать
кимарит	1	кемарит	кьижаризе:senses[0].examples[0].ru:старушка кимарит
килограм	1	килограмм, килогерцам, кинограмм, кимографам, логограмм	щуго:senses[0].examples[17].ru:с пяти деревьев собрали пятьсот килограм персиков
кизиля	1	кизил, кизила, кизиле, кизилы, кизилу, кизил я, киля	жуламул:senses[1].examples[0].ru:кизильник, заросли кизиля
киблы	1	килы	къибла:senses[0].examples[0].ru:(по)молиться; обернуться в сторону киблы; повернуться лицом к кибле
кибле	1	киле, облеки	къибла:senses[0].examples[0].ru:(по)молиться; обернуться в сторону киблы; повернуться лицом к кибле
кибла	1	кила, кисла, гибла	къибла:senses[0].text:кибла
кибего	1	кибер	параллель:senses[0].text:параллель (1. киса-кибего бащадаб манзилалъ бугеб мухъ
квине	1	вине, квинте, каине, овине, квинт, твине, крине, клине, Двине, к вине	кун#2:senses[0].text:от квине
квен	1	вен, крен, клен, явен, Овен, к вен	квен-тӏехалъул:senses[0].text:от квен-тӏех || хӏарпил#1:senses[1].text:буквенный || хӏарпил#1:senses[1].examples[0].ru:буквенная ошибка
кащица	1	кашица	лахӏим:senses[0].text:похлёбка; жидкая кащица из муки или крахмала
кашиш	1	каши, гашиш, ка шиш, шишка	пастор:senses[0].comment:протестантазул кашиш
качачество	1	казачество, качество, кулачество, куначество, качественно, маклачество	хъазахъ:senses[2].text:казаки, качачество
качаттся	1	качается, качаться, качаются	щвартӏезе:senses[0].text:качаттся, раскачиваться
кафир	1	факир, кефир, кафизма	капурчи:senses[0].text:неверующий, безбожник; неверный, нечестивый, поганый, кафир, гяур, иноверец
каф	1	ка, кафе, кайф, шкаф, кат, кар, кал, кап, паф, как, каш, каб	къап:senses[0].text:каф
кать	1	кат, ать, икать, акать, окать, екать, ткать, якать, укать, кати, ката, кате, кань, тать, рать	агьиялда:senses[0].examples[0].ru:плакать навзрыд || алалай:senses[0].examples[1].ru:ойкать || ахх:senses[0].examples[0].ru:баюкать
катаящийся	1	катящийся, катающийся, ка таящийся, таящийся, катавшийся, скалящийся, таскающийся	витӏунчи:senses[0].examples[0].ru:сват не страдает стыдливостью, катаящийся вниз камень не имеет глаз
касыда	1	каскада	къасидат:senses[0].text:касыда, поэма
картаялде	1	картавящие	топография:senses[1].text:планалде ва картаялде босизелъул ракьул тӏасияб рахъ борциналъул гӏелму 2. бакӏалъул бугеб хӏалалъул план ва карта гьаби
карманна	1	кармана, карманная, кар манна, карман на, карманника, карманник, карманница, карманниц	чванта:senses[0].examples[9].ru:брать из карманна
кармангур	1	карман гур, гурманка, карман, гурман	кармангъур:senses[0].text:кармангур
карелы	1	кареты, карелка, картвелы	карелал:senses[0].text:карелы
карел	1	крале, ларек, каре, карал, карет, карем, кар ел, тарелка	карелав:senses[0].text:карел
карачаевцы	1	карачаевский	гъарачаял:senses[0].text:карачаевцы
карачаевка	1	карачаевский, карагача	гъарачаяй:senses[0].text:карачаевка
карачаевец	1	аракчеевец	гъарачаяв:senses[0].text:карачаевец
карахский	1	казахский, карабахский, каракасский, каррарский, каракумский	наречие#2:senses[0].examples[1].ru:карахский диалект входит в южное наречие аварского языка
капризничание	1	капризничающие, капризничавшие, капризничающий, капризничавший	негушлъи:senses[1].text:избалованность, капризничание
капел	1	капле, капе, капели, капелл, капель, кипел, капал, напел, запел, ка пел, кап ел, пеленка	щунщун:senses[0].text:покрапывание дождевых капел
капейки	1	копейки, каперский	капек:senses[1].examples[3].ru:презренный, низкий; гроша ломаного не стоящий; капейки не стоящий
канлъи	1	канальи	планшет:senses[1].text:жанисан канлъи бихьулеб тӏалъелги бугеб, жаниб карта лъолеб сумка
канителить	1	канителиться, канитель, канифолить, чеканить	галарахас:senses[0].examples[0].ru:канителить
канатоходстом	1	канатоходцем, канатоходец	палугьанлъи:senses[0].examples[0].ru:заниматься канатоходстом, акробатикой
кананву	1	канаву, канву, канавку, канавка, вулкан	гъварилъизабизе:senses[0].examples[1].ru:углублять кананву
кампит	1	камышит	шоколад:senses[0].comment:кампит
камнём	1	макнём, камнем, намнём, камням, замнём, качнём, ка мнём, каёмкам	гамачӏ:senses[0].examples[10].ru:поднимешь камень — под камнём, поднимешь плиту — под плитой
каменнную	1	каменную, камертонную, казарменную, замененную, каменеющую	кьерханкъоялъ:senses[0].examples[0].ru:в ненастный день нельзя укладывать каменнную стену
камеев	1	камее, камеей, камеею, камее в, каменьев	мукӏучӏи:senses[1].examples[1].ru:ожерелье из камеев
какашки	1	казашки, ка кашки, таракашки, кашки, кашка, кишка	анищ:senses[0].examples[9].ru:если поля засеешь мечтами, вырастут ослиные какашки
какашка	1	казашка, ка кашка, таракашка, кашка, шашка, башка	хӏамикӏучӏ:senses[0].text:ослиная какашка
кака	1	как, каика, какао, катка, каска, какай, какал, клака, какая, камка, кадка, кашка, качка, какаю, кока	гӏагӏа:senses[0].text:бяка, грязь, нечистота; кака
кайтагских	1	китайских	уцуми:senses[0].comment:титул табасаранских и кайтагских владетелей
кайлообразный	1	кайло образный, котлообразный, колоннообразный, куполообразный, колбообразный	жинимахӏав:senses[0].text:кайлообразный
казия	1	оказия, казня, калия	хӏукму:senses[0].examples[1].ru:решение казия
казанлыка	1	казан лыка, казанка, выказана, заказана	гъазанлихъ:senses[0].examples[0].ru:как есть хлеб всухомятку [без казанлыка]
казанлык	1	казанок	гъазанлихъ:senses[0].text:казанлык
казаказул	1	заказал	станица:senses[0].comment:казаказул росу
кадраби	1	кадрами, карабин	проекция:senses[1].text:экраналда суратал, киноялъул кадраби рихьизари
кадия	1	кидая, кадя, кадмия, кадит, радия, кадил, калия, кадим	къадилъи:senses[0].text:должность, служба кадия
кадием	1	кидаем, кадим, кадмием, радием, калием, кадившем	къадилъи:senses[0].examples[0].ru:служить кадием
кагътал	1	каталка	поч:senses[1].comment:газетал, кагътал ва гь. ц.
кабура	1	кобура, ка бура, каб ура, бурака, бурак, бурка, бура	лъел:senses[0].examples[2].ru:кабура пистолета
кабаный	1	кабаны, кабаний, катаный, кабальный, канканный, кабан, капканный	хъабаналъул:senses[1].text:кабаный
каарантин	1	карантин, картинка, картина, каротин, картин	карантин:senses[0].examples[0].ru:объявить каарантин
ишкил	1	людишки	ишкил:senses[0].text:ишкил, залог
ишара	1	шара, ишака, и шара, шарнира	символ:senses[0].comment:ишара
ичучать	1	изучать, уличать	геодезия:senses[0].examples[0].ru:ичучать геодезию
иточника	1	источника, плиточника, маточника, лоточника, ленточника	чвалчвалиялда:senses[0].examples[1].ru:вода иточника течёт с журчанием
исщипать	1	щипаться, пощипать, щипать	зинкъизе:senses[0].examples[0].ru:исщипать
исчезнование	1	исчезновение, соболезнование, исчезание	тӏерхьин:senses[2].text:исчезнование
исхудение	1	исхудание, нисхождение	къадарлъи:senses[3].text:похудение, исхудение
иступлении	1	исступлении, вступлении, искуплении, исступление, наступлении, поступлении, отступлении	чӏвазе:senses[20].examples[75].ru:он в сильном иступлении после того, как умыкнули дочь
источниковый	1	тростниковый, истоковый, ситниковый, косточковый	иццул:senses[1].text:источниковый, родниковый, ключевой
истопивши	1	истопившие, истопивший, истопившим, истопивших, истопи вши, истоптавший, топившийся, отопивший, топивший	бежизе:senses[2].examples[2].ru:не истопивши печь, хлеба не испечёшь, не испечивши хлеба, живот не насытишь
иссыхаться	1	ссыхаться, и ссыхаться, иссыхать, исписываться	бакъва-гадазе:senses[0].text:иссохнуть; иссыхаться
испытыватать	1	испытывать, исписывать, испытать, выпытывать, посвистывать	бухӏизе:senses[3].text:испытыватать, испытать сильное горе
испытивать	1	испытывать, испытать, испивать, исписывать, вспыхивать	жахӏдалъизе:senses[0].text:быть, стать недоброжелательным; испытивать неприязнь, враждебность к кому-либо
испытиват	1	испытывать	квешлъи:senses[4].examples[0].ru:испытиват, испытать нужду
испряжнения	1	испражнения, спряжения, сопряжения, спряжение	гӏагӏа:senses[1].text:кал, испряжнения, экскременты
испольнитель	1	исполнитель, наполнитель, заполнитель, посетительниц, повелительниц	магъущ:senses[0].text:аульный глашатай, аульный судебный испольнитель
исполнитья	1	исполнить, исполниться, исполнится, исполнить я, исполнителя, исполнитель, исполнимость, исполняться	ракӏ:senses[1].examples[115].ru:сбыться, исполнитья — о желании сердца
исполиться	1	исполниться, исполняться, испортиться, политься, помолиться	тӏубазе:senses[1].examples[5].ru:исполиться — о желаемом; сходить по естественной нужде
исползуется	1	используется, исполняется, поляризуется, полируется	квербацӏцӏ:senses[2].comment:исползуется для свертка
испитывается	1	исписывается, испытывается, воспитывается, впитывается, напитывается, списывается	нартикъаб:senses[0].comment:буквально; в основном о времени, когда испитывается недостаток, нехватку в керосине
испещряться	1	испещрять, испепеляться, испаряться, испестрять	лъалкӏачине:senses[0].text:испещряться следами; наполниться следами
испечивши	1	обеспечивший	бежизе:senses[2].examples[2].ru:не истопивши печь, хлеба не испечёшь, не испечивши хлеба, живот не насытишь
испекали	1	испекли, спекали, истекали, и спекали, исп екали, испек али, испускали, испачкали, перекалили, перекали	рахъу:senses[0].examples[4].comment:горцы испекали картошку, тыкву и т. п, в горячей золе, выгребанной в огромную кучу из общественной печи
исланский	1	исландский, испанский, исламский, миланский, аланский, лисичанский, уланский	исландиязул:senses[1].text:исланский
искуство	1	искусство, искусств, кустисто	воржарухъанлъи:senses[0].text:пилотаж, искуство пилотирования
искуснй	1	искусной, искусней, искусный, искусна, искусай, искусно, искусны, искусник, искус	повар:senses[0].examples[1].ru:искуснй повар
искупание	1	искупавшие, искупающие, искупление, купание	чордезаби:senses[1].text:искупание
искрывляется	1	искривляется, скрывается	габур:senses[0].examples[17].ru:да искрывляется шея твоя
искрывиться	1	искривиться, искры виться, искриться, искрошиться, скривиться, скрываться	кӏал:senses[0].examples[46].ru:искрывиться — о рте
искрывились	1	искривились, искры вились, искрились, искрошились, искривись	къализе:senses[0].examples[0].ru:глаза искрывились
исать	1	писать, искать, икать, свисать, скисать, истесать, истрать	кечӏ:senses[1].examples[4].ru:(на)писать в стихотворной форме, (на)исать стихами
ирачка	1	рачка, иранка, прачка, крачка, драчка, ишачка, зрачка, брачка, и рачка, циркачка, карачки, раскачка	гӏиракъай:senses[0].text:ирачка
ипациентка	1	пациентка, и пациентка, пациента, пациент	пациент:senses[0].text:пациент ипациентка
интитуте	1	институте, институт, финтите, винтите	институт:senses[0].examples[4].ru:учиться в интитуте
интернационалистический	1	интернационалистский, ультранационалистический, антиимпериалистический, антитеррористический	интернационализмалъул:senses[1].text:интернационалистический родп.
интелигентный	1	интеллигентный, интеллигентнейший, интеллигентский, интеллигент, интеллигенций	интеллигентаб:senses[0].text:интелигентный
инт	1	нит, винт, инст, пинт, бинт, финт, инв, ист, инд, унт, инж, интим	амахвад:senses[0].comment:может иметь различные формы падежа; и числа, выражает восторг, удивление по поводу чьей-либо сили, мощи, величины,; бодрости, интеллекта и тому подобное,; буквально || аминтаза:senses[0].text:аминтаза || аминтаза:senses[0].examples[0].ru:петь аминтазу
инкубаторские	1	инку баторские, инкассаторские, инкубаторные, инкубаторе, инкубаторий	инкубатор:senses[0].examples[0].ru:инкубаторские куры
инабураб	1	инкунабула	панно:senses[0].text:панно (1. ригьзабазул тӏадехунисеб гьумераб рахъалда рекӏинабураб сурат
имформации	1	информации, им формации, формации, формализации, формация, фармации	лъазабизе:senses[3].comment:через средства массовой имформации
имуществен	1	имуществе, имущество, несуществен, существенен, могуществен	боцӏи:senses[1].examples[2].ru:из-за того, что имуществен, не выдавай дочь за того, кто не мужествен
имерить	1	мерить, измерить, смерить, умерить, и мерить, приметить, примерять, применить, приметь	халалъи:senses[0].examples[3].ru:имерить длину
имеретинцы	1	имеретины, имеретин	имеретал:senses[0].text:имеретинцы
имеретинец	1	имеретине, имеретин	имеретав:senses[0].text:имеретинец
именитив	1	генитив, вменив	аслияб:senses[1].examples[5].ru:именительный падеж, именитив
имбир	1	имбире, имбирь, имбиря, имбирю, имбирный	жанзабил:senses[0].text:имбир
имангуризе	1	маньеризме	имангури:senses[0].text:имангуризе
имамство	1	хамство	имамлъи:senses[0].text:имамство; деятельность имама
иллахи	1	илл ахи, бахила, ахилии	алхӏам:senses[0].comment:одна из сур Корана, начинающаяся словом аль-хамд-уль-иллахи “слава Аллаху”
иллаллах	1	илл аллах, аллилах, бациллах, сивиллах, виллах	лайла:senses[0].comment:моление, заключающееся в повторении формулы “лаилаха иллаллах” — “нет божества кроме Аллаха”
илеподобний	1	молниеподобный	щалай:senses[0].examples[2].ru:похожий на ил (тину); илеподобний
икосточки	1	косточки, и косточки, тросточки, мосточки, росточки, кисточки	пурчӏун:senses[0].text:косточка икосточки
изявлять	1	изъявлять, из являть, изъязвлять, избавлять, извалять, являть	мутӏигӏлъи:senses[1].examples[0].ru:изявлять покорность
изявительное	1	изъявительное, извинительное, избавительное, язвительное, изъяснительное	наклонение:senses[0].examples[1].ru:изявительное наклонение
изьбавте	1	избавьте, избавите	аман-мадад:senses[0].examples[0].ru:умоляю, изьбавте меня от этого несчастья; заберите от меня это несчастье
изъезжанный	1	изъезженный, изжеванный	хӏетӏе:senses[0].examples[23].ru:изъезжанный
изумлённость	1	приземлённость, умилённость, утомлённость, изнурённость	тамашалъи:senses[1].text:удивление, изумление; удивлённость, изумлённость
израходовать	1	израсходовать, заприходовать, изуродовать, расходовать, оприходовать	бегуниса:senses[0].examples[2].ru:израходовать все деньги, оставаться без копейки в кармане
израиловы	1	изразцовый	бануисраилал:senses[0].text:израилитяне, сыны израиловы; евреи
изорудоваться	1	изуродоваться, дооборудоваться, оборудоваться, израсходоваться, изолироваться	бегӏукълъизе:senses[0].text:быть, стать уродом, уродливым, безобразным, некрасивым, несимпатичным, невзрачным, неблаговидным; обезобразиться; изорудоваться
изнуриться	1	изнуряться, изнурить, понуриться, износиться, изгрязниться	мазгазе:senses[0].text:обессилеть, изнуряться, изнуриться
изнемогаться	1	изнемогать	загьла:senses[0].examples[0].ru:измориться; изнемогаться; замаяться; замотаться
измучаться	1	измучатся, изучаться, измучиться, излучаться, измучаешься, измучается, измучаются, измельчаться	бихьизе:senses[5].examples[2].ru:измучаться
измучать	1	измучат, изучать, измучить, излучать, измучивать	цӏамулъим:senses[1].examples[0].ru:измучать, довести до слёз
измозжить	1	размозжить, измочить, изжить	къалал:senses[0].examples[1].ru:изорудовать нос, измозжить нос
измелчить	1	измельчить, измельчит, измельчать, мельчить	чухӏизе:senses[0].text:размелчать, размельчить, измелчать, измелчить; (по)толочь, истолочь, растолочь что-либо
измелчаться	1	измельчаться, измельчатся, измельчиться, размельчаться, измельчать	бокъин:senses[0].text:измелчаться, измельчиться
измелчать	1	измельчать, измельчат, измельчить	чухӏизе:senses[0].text:размелчать, размельчить, измелчать, измелчить; (по)толочь, истолочь, растолочь что-либо
излишными	1	излишними, излишни	хутӏизе:senses[0].examples[6].ru:двадцать рублей остались излишными
излишным	1	излишним, излишнем, излишни	хутӏизе:senses[0].examples[5].ru:сделаться излишным
излишествовать	1	излишество, пиршествовать, шествовать	исрап:senses[0].examples[0].ru:промотать; проявить рассточительность; нерассчетливо тратить; излишествовать
издёргивать	1	вздёргивать, раздёргивать, задёргивать, вдёргивать, выдёргивать	туркӏ-туркӏизе:senses[0].text:издёргивать, издёргать
издёргивание	1	вздёргивание	туркӏ-туркӏи:senses[1].text:издёргивание
изгадиться	1	изгладиться, изгадить, обгадиться, разгладиться, изгаляться	гъвес:senses[0].examples[3].ru:изгадиться, испачкаться, выпачкаться испражнениями
извывающийся	1	извивающийся, измывающийся, извертывающийся, извёртывающийся, измазывающийся, вызывающийся	жаниб:senses[0].examples[10].ru:подхалим, льстец; внутри извывающийся
извнутри	1	изнутри, из внутри, внутри	рахазе:senses[0].examples[1].ru:дверь закрыта извнутри
избыточнй	1	избыточной, избыточный, избыточна, избыточно, избыточны	исрап:senses[0].text:расточительность; расточительство; мотовство; избыточнй расход, перерасход
избалованость	1	избалованность, избалован ость, набалованность, избаловаться, избаловать, избаловывать	гогьлъи:senses[0].text:избалованость, баловство
идаялъ	1	идальго	проекция:senses[0].text:проекция (1. геометрияб кӏагӏидаялъ сурат бахъи
игрец	1	игре, игрек	щвантӏихчи:senses[0].text:на дудке игрец
зульхиджжа	1		гӏумра:senses[0].comment:паломничество в г. Мекку в любое время года, кроме 8, 9 и 10 числа месяца зульхиджжа
зудить	1	зудит, удить, зудите, зудеть, нудить, судить, лудить, зудишь, будить, чудить	зузудизе:senses[0].text:жужжать; звенеть, зудеть, зудить
зубриться	1	зазубриться, зубрить, зазубрится, бриться	гажахине:senses[0].text:иметь много зубьев (зубцов); образоваться — о зубьях; зубриться, тупиться
зоотехникум	1	зоотехнику, зоотехникам, зоотехником, зоотехник ум, зоотехник, техникум	зоотехникум:senses[0].text:зоотехникум
зоотезник	1	зоотехник, сотрапезник	зоотехник:senses[0].text:зоотезник
зооинженер	1	радиоинженер	зооинженер:senses[0].text:зооинженер
золототысячник	1	золото тысячник, золотопогонник	гӏеркъитӏакӏус:senses[0].text:золототысячник малый
золотоподобный	1	золото подобный, скотоподобный, смолоподобный, слоноподобный	месед#1:senses[0].examples[5].ru:золотоподобный; чистый как золото
зодор	1	дозор, задор, водород	чӏер:senses[0].examples[5].comment:'зодор цӏваби' звёзды на небе
зодиб	1	зодиак	хан:senses[0].examples[14].comment:'зодиб моцӏ' луна в небе
знобний	1	знобкий, знобящий	сири:senses[0].examples[0].ru:знобящий, знобний
зниматься	1	заниматься, сниматься, униматься, разниматься, наниматься, отниматься, выниматься	просветительлъи:senses[0].examples[0].ru:зниматься просветительством
значениемучащательности	1	многозначительности	бачине:senses[9].text:сдеепричастие др. глагола выступает в роли вспомогательный глагол глагола с общим значениемучащательности действияза кем-либо
змееподобный	1	змиеподобный, змее подобный, мужеподобный, жизнеподобный, преподобный	борохьмахӏаб:senses[0].text:змееподобный
злонамерение	1	зло намерение, злонамеренные, злонамеренный, намерение	баянаб:senses[0].examples[0].ru:явное злонамерение
златоруный	1	златорунный, златострунный	бис:senses[0].examples[1].ru:златоруный тур
зинк	1	линк, пинк, цинк, низинка	абазинай:senses[0].text:абазинка || горо:senses[0].examples[1].ru:слезинка || гуржияй:senses[0].text:грузинка
зимных	1	зимних, земных, энзимных	багӏаргӏеч:senses[0].comment:сорт зимных яблок
зикра	1	икра, разика, разик	зикру:senses[0].examples[1].ru:звуки зикра
зигардизе	1	авангардизме	зигарди:senses[0].text:зигардизе
зерныстым	1	зернистым, зернистый	мучахине:senses[0].text:становиться, стать зерныстым
землятрясение	1	землетрясение, земля трясение, лунотрясение	кӏобокӏахъдизабизе:senses[0].examples[0].ru:от землятрясение сотрясло наш дом
землерой	1	землероб, земле рой, землеройной, землеройкой, землеройка, землеройный	ракьгьобогь:senses[0].text:землерой
зеляной	1	земляной, зеленой, зеленной, зелёной	ракьул:senses[2].examples[0].ru:зеляной вал
зеленоватожёлтый	1	зеленовато жёлтый, зеленоватость	гӏурччинтӏогьилаб:senses[0].text:зеленоватожёлтый
зеленить	1	озеленить, зеленеть, леденить	гӏурччин:senses[0].examples[1].ru:зеленить, сделать зелёным; красить, окрашивать в зелёный цвет
здравстыует	1	здравствует, здравствовать	кьезе:senses[6].examples[2].ru:да здравстыует рука, дар приподнесшая
здравстуют	1	здравствуют, здравствующий	чӏахъа:senses[0].examples[1].ru:да здравстуют дети
здравстует	1	здравствует, здравствовать	чӏахъа:senses[0].text:да здравстует
здравоохранеия	1	здравоохранения, здравоохранение	сахлъи:senses[0].examples[6].ru:министерство здравоохранеия
здоровь	1	здоров, здоровье, здоровья, здоровью, здорова, здорово, здоровы	битӏа-бишизе:senses[2].examples[0].ru:здоровь ли ты?
зглаз	1	глаз, сглаз	кӏалъазе:senses[1].comment:похвалить кого-что-либо, в результате чего возможен зглаз
звод	1	вод, завод, взвод, овод, звон, ввод, свод, увод	паровоз:senses[0].examples[0].ru:паровозостроительный звод
звереподобный	1	звероподобный, звере подобный, вихреподобный, вероподобный, преподобный	хъумур:senses[0].examples[0].ru:храбрый, смелый; волкоподобный, звереподобный
звеновода	1	зверовода, звено вода, звеновой	звеноводлъи:senses[0].text:работа, должность звеновода
зват	1	звать, зван, звав, сват, звал, хват	васав:senses[0].text:зват. форма слова
звадун	1	задувание	звад:senses[0].text:звадун
зашиворот	1	за шиворот, заворотивший, шиворот, заворотит, заворот	гъванща:senses[0].examples[5].ru:притащи его сюда зашиворот
зачахлое	1	зачахло, за чахлое, зачальное	нахъеккей:senses[2].text:хилость, зачахлое состояние
захвативать	1	захваливать, захватывать, захватив ать, захватить, захвативший, захаживать, захламливать	бахъизе:senses[24].examples[1].ru:захвативать чужие земли
заунивный	1	заунывный, унизанный	щвантӏ:senses[0].examples[0].ru:слышен заунивный голос козодоя
затяжок	1	затяжек, затяжка	кӏкӏуй:senses[0].examples[2].ru:прикурнуть; сделать один затяжок
затрудениях	1	затруднениях, затруднение	къо:senses[4].examples[4].ru:сдасться, уступить, не выдержать испытания; оплошать при затрудениях
затопилил	1	затопили, затопил, зато пилил, затопи лил, затопил ил, заторопил, заточил	гъанкъизабизе:senses[1].examples[0].ru:весенние поточные воды затопилил посевы
затихаться	1	затираться, затихать, запихиваться, застилаться, застигаться	секьизе:senses[0].text:стихать, утихать, утихнуть; утихаться, затихаться
затемляли	1	затемняли, заземляли, защемляли, затемнили, затеяли, затеряли, затеняли	бецӏлъизабизе:senses[0].examples[0].ru:во время войны ночами город затемляли
затаврить	1	затравить, затараторить, затворить, затоварить, заварить	дангъва:senses[0].examples[0].ru:затаврить лошадь
засыпят	1	засипят, засопят, насыпят, за сыпят, сыпят	раххан:senses[0].examples[3].ru:до гробовой доски; пока не засыпят землю лопатой
засчёт	1	зачёт, засечёт, заснёт, насчёт, расчёт, за счёт	бетӏербахъи:senses[1].examples[4].ru:они живут засчёт животноводства
засушиться	1	задушиться, за сушиться, засушиваться, засушить, заглушиться, засуетиться	бигъине#2:senses[3].text:сморщиться и засушиться
заступничать	1	заступать, застучать	шапагӏат:senses[0].examples[0].ru:заступничать
застряться	1	заостряться, застояться, засоряться, застрять, заструиться, застрелиться, застраиваться	цӏер#1:senses[0].examples[6].ru:застряться во льду
застоять	1	настоять, застрять, за стоять, застояться, застонать, засорять, занятость	чӏезе#1:senses[13].examples[32].ru:застревать, застоять
заставлят	1	заставят, заставляет, заставлять, заставляют, заставляй, заставлял, заставляя, заставляю, застава, застав	бичӏизабизе:senses[0].text:заставлят, заставить или (по)просить кого-либо колоть что-либо
засовивать	1	засовывать, затоваривать, засаривать, засаливать, засаживать	къазабизе:senses[5].text:засовивать, засунуть что-либо куда-либо
заржевать	1	разжевать, заржаветь, зажевать, заревновать, запревать, затевать, затмевать	хурхине:senses[2].examples[1].ru:заржевать
зарезешь	1	заревешь, завезешь, залезешь, зарежешь, зарез ешь, нарезаешь, заржешь, замрешь, запрешь	тӏом:senses[0].examples[2].ru:очень худой, тощий; зарезешь — от шкуры пользы нет и мяса на костях не имеет
зардеют	1	за рдеют, затвердеют, рдеют	багӏарлъизе:senses[0].examples[1].ru:во время захода солнца вершины гор зардеют
заразиха	1	заразила, зарази ха, зараза, сахараза	кьиларгъу:senses[0].text:заразиха
запятнявший	1	запятнавший, заполнявший, затенявший, запрятавший, запаявший	яхӏ:senses[0].examples[4].ru:кристально чистый, не запятнявший чести; не давший пыинке сесть на честь
запятнить	1	запятнать, запятнанность	тӏанкӏ:senses[2].examples[0].ru:запятнять, запятнить
запятнение	1	запятнавшие, незапятнан, затенение	намус:senses[1].examples[8].ru:запятнение чести
запусить	1	запустить, запулить, закусить, запускать, запустеть, затрусить, запить	мекъса:senses[2].examples[4].ru:воровать, (у)красть; запусить руку; брать что плохо лежит
запряжение	1	заряжение, напряжение, запряженные, запряженный, запрягание, разряжение	оцбай:senses[1].examples[0].ru:провести праздник первой борозды; запряжение вола
запрудиться	1	запрудить, запруживаться, заправиться, запроситься	чӏезе#1:senses[12].examples[3].ru:запрудиться
запрудилась	1	запрудил ась, запруживалась, заправилась, запросилась, затруднилась	чӏезе#1:senses[12].examples[4].ru:речка запрудилась
заполнениии	1	заполнении, заполнении и, заполнение, наполнении, заполненности, пополнении	хулжал:senses[0].examples[3].comment:при их заполнениии
заповедать	1	за поведать, заповедовать, заповедность, заповедь, поведать	амру-васият:senses[0].examples[0].ru:заповедать и завещать
заперть	1	запреть, заперт, запеть, запереть, заперта, заперто, паперть, заперты, запершить, захрапеть, запер	гъапу:senses[0].examples[4].ru:заперть ворота
запаяться	1	закаяться, замаяться, запасаться, запаять, запариться, запачкаться	регъезе:senses[0].text:запаяться, спаяться
занииматься	1	заниматься, заманиваться, наниматься, занижаться, затуманиться	бацӏцӏаризе#2:senses[0].text:занииматься прививкой
заненастилось	1	застилалось	роччаризе:senses[0].examples[0].ru:в эту неделю заненастилось
замутеть	1	замутить, заму теть, заматереть, заметать, заметете, заметь	гъабугъине:senses[0].text:(за)мутиться, замутеть, (по)мутнеть; быть, стать мутным
замужную	1	замужнею, замужнюю, замазанную	росасул:senses[1].examples[2].ru:влюбиться в замужную женщину
заморозков	1	заморозкой, заморозкою, заморозка, заморозив, замочков	гӏобиллъизабизе:senses[0].examples[0].ru:от осенних заморозков листья пожелтели
замлёй	1	землёй, замолкай	ракь:senses[3].examples[10].ru:пользоваться замлёй
замизгать	1	замигать, замызгать, заминать, замирать	гӏорогинабизе:senses[0].text:замизгать что-либо; (ис)пачкать, выпачкать что-либо
замешивания	1	завешивания, занавешивания, размешивания, замешивая, вмешивания	квархи:senses[0].comment:небольшая металлическая лопаточка для выскабливания теста, прилепившегося ко дну корыта во время замешивания
замаска	1	запаска, замашка, замазка, Дамаска, за маска, маска, замка	гъвегъине:senses[0].examples[0].ru:замаска с окон осыпалась
заль	1	лазь, зал, аль, залью, зала, золь, зале, таль, залп, залы, даль, залу, шаль, жаль, Даль	зал#2:senses[0].text:заль
заложничество	1	затворничество, сквалыжничество, закладничество, затейничество	кьовидлъи:senses[1].text:заложничество, аманатство
закусивать	1	закуривать, закусывать, закусив ать, закусить, закупоривать, закусать, заскакивать	лъезе:senses[5].examples[8].ru:закусивать, поесть
закрутником	1	законником	кьурунжо:senses[0].examples[0].ru:закрутником укрепи верёвку поклажи на осле
закрутник	1	закрутить	кьурунжо:senses[0].text:закрутник
закрасть	1	закрась, закрасить, накрасть, за красть, закрасться, закраснеть, закрытость, зарастать	ракӏ:senses[1].examples[168].ru:завидовать; в сердце закрасть — о зависти
закраситься	1	закрасться, накраситься, за краситься, закрасить, раскраситься, разукраситься, закраснеться	белъине#2:senses[0].text:закрашиваться, закраситься, окрашиваться, окраситься чем-либо
закотовить	1	заготовить, заколотить, закоротить, заковать, закосить	рагӏи:senses[0].examples[0].ru:закотовить корм для скота
закончитья	1	закончить, закончиться, закончится, закончить я, законопатить	рикъзи:senses[1].examples[2].comment:букв.; закончитья — о пропитании
заклиняющейся	1	заклинивающейся, заклеивающейся, заклинивающийся, наклоняющейся	къверкъ:senses[0].examples[5].ru:да остаёшься ты вечно заклиняющейся, словно лягушка
заклиняет	1	заклинят, заклинает, зак линяет, заклинивает	къверкъ:senses[0].examples[5].comment:аварцы считают, что лягушка заклиняет кого-то, при каждом зеве рта
заквасится	1	за квасится, заквасить, расквасится, квасится, загасится	кьвагӏхизе:senses[0].examples[0].ru:оставить пока не заквасится
закататься	1	закатиться, накататься, закутаться, зашататься, закачаться, за кататься, закатываться, заказываться, закатать, закачиваться	гуризе#2:senses[0].text:скатываться, скататься; закатываться, закататься; сворачиваться, свернуться; заворачивать, завернуться; загибаться, загнуться
зайчатник	1	зайчат ник, зайчатина	гӏанкӏ:senses[0].examples[5].ru:охотничья собака, гончая; зайчатник
зайцеподобный	1	зайце подобный, птицеподобный	гӏанкӏмахӏав:senses[0].text:трусливый, зайцеподобный
зайран	1	айран, задран, забран	зайран:senses[0].text:зайран
займю	1	займи, займа, займе, займы, займу	къваригӏарабгӏан:senses[0].examples[0].ru:сколько нужно, столько я займю тебе деньги
зажегши	1	зажегшие, зажегший, зажегшим, зажегших, зажег	кан:senses[0].examples[1].ru:зажегши лучину искать, искать при свече лучины
зажгёшь	1	зажмёшь, зажуёшь, зажжёшь	гӏатӏгояб:senses[3].examples[0].ru:из сырых дров костра не зажгёшь
задыхавшись	1	запыхавшись, задыхавшийся, задымившись	гьека-гьунщиялда:senses[0].text:задыхаясь, задыхавшись, высуня язык
задный	1	задний, задней, ладный, чадный, жадный, засадный, западный, заданный, занудный	мугъаб:senses[0].text:задный, тыльный
загряняется	1	загрязняется, загоняется, загрязнится	лагӏизе:senses[0].examples[0].ru:река не загряняется от того, что собака вырвала в неё
загрязнённный	1	загрязнённый, загрязненный, заграждённый, задразнённый, загружённый	хъубаб:senses[0].text:грязный, загрязнённный; нечистый, негигиеничный
загноить	1	загнить, за гноить, загноиться, занозить, гноить	рецӏцӏ:senses[0].examples[1].ru:загноить
загноение	1	нагноение, за гноение, загноенные, загнивание, гноение, загниете	хьордой:senses[1].text:нагноение, загноение
заглядывешь	1	заглядываешь, заглядывать, взглядываешь, разглядываешь, выглядываешь	баккизе:senses[6].examples[1].ru:почему ты не заглядывешь к нам?
заглаза	1	за глаза, загл аза, заглазный, загула, залегла, зажгла	абизе:senses[0].examples[14].ru:хулить заглаза
загадкац	1	загадка, загадкам, загадках, загадочка	бер#1:senses[0].text:глаз, око; чего-либо; свет очей; свет очей; умереть; сна кого-что-либо(древниеаварцы верили тому, что дёргание век правого глаза у мужчин, левого — уженщин ко злу, а если наоборот, то к добру)на ком-либо бранное слово, выражение в переносном значении ласкательная (форма) чьих-либо ласкательная (форма) пословица поговорка поговорка загадкацӏаддождьбранное слово, выражение в переносном значении бранное слово, выражение поговорка бранное слово, выражение буквально в переносном значении(отгнева)в переносном значении
завятками	1	завитками, запятками, завязками, завязочками, заметками	цӏаха:senses[0].comment:с завятками, махровый с одной стороны; в старину накрывались им как одеялом
завязнуться	1	завязнуть, завязаться, завернуться, завязываться	хьуцӏ:senses[0].examples[2].ru:завязнуться в болоте
завылись	1	завились, завались, завелись, зарылись, забылись, завышались, вылизались, завалились, завивались	кьур-кьуризе:senses[1].examples[0].ru:рога барана завылись
завываться	1	завиваться, зарываться, замываться, завышаться, зазываться, забываться, завязываться, завоевываться, завоёвываться, засовываться	кьур-кьуризе:senses[1].text:виться, завываться; становиться кудрявыми
завтавлять	1	заставлять, забавлять, заправлять, завалять, вставлять	гаргадизабизе:senses[1].examples[0].ru:блестяще играть на чонгуре; завтавлять чонгур разговаривать
завол	1	звало, залов, завил, завал, завел, завов, засол, завой, завыл, завял, завом, завод, завоз, завою, за вол	автомобиль:senses[0].examples[4].ru:автомобильный завол
заброситься	1	забросаться, наброситься, запроситься, за броситься, забросить, сброситься, броситься, забраниться	чӏунтизе:senses[0].text:(раз)рушиться, разрушаться, обрушиться; разваливаться, развалиться; заброситься, запускаться
заблудшийся	1	заблудившийся, заблудший, заблуждавшийся, заблудивший	къосине:senses[1].examples[1].ru:заблудшийся человек
заапах	1	запах, запаха, залпах, запасах, запалах, запайках, запасках	кӏкӏуй:senses[0].examples[9].ru:заапах дыма; гарь
жёниных	1	жениных, жён иных, унижённых, жжённых, жжёных	росасулал:senses[0].examples[0].ru:мужниных родственниц за водой посылают, а жёниных — у очага сажают
жёлторотый	1	желторотый, отпоротый	карщ:senses[1].examples[1].ru:жёлторотый юнец
жёлтоватая	1	желтоватая, толстоватая	тӏогьилккараб:senses[0].examples[0].ru:жёлтоватая кожа; жёлтоватый фон
жёлобам	1	жёлоба, жлобам, жалобам, жёлобом, желобам, жёлоб	базе:senses[4].examples[2].ru:Дай, Господи, чтобы дождь ливнем шёл, Дай, Боже, чтобы по жёлобам вода потекла
журарвлёнок	1	журавлёнок, журавленок	тӏинчӏ:senses[0].examples[7].ru:журарвлёнок
жубараб	1	абажур	углевод:senses[0].comment:углеродги, кислородги, водородги жубараб вещество
жиризе	1	репризе	жиржидизе:senses[0].text:от жиризе
жиндирго	1	индиго	фермер:senses[0].comment:жиндирго ферма бугев чи
жизнерадостнным	1	жизнерадостным, жизнерадостный, жизнерадостность, нерадостным	тирхизе:senses[1].text:бодриться; быть, стать бодрым, жизнерадостнным
животними	1	животными, жив отними, живот ними, животинками	мацӏ#2:senses[2].examples[2].ru:О Аллах, смилуйся над бессловесными животними, о Аллах, смилуйся над малыми детьми, не умеющими ходить!
жещины	1	женщины, женины, тещины, лещины	рос-рукъ:senses[0].text:семья, семейная жизнь жещины
жещина	1	женщина, женина, тещина, лещина	динияб:senses[0].examples[2].ru:религиозная жещина
жеребёвке	1	жеребьёвке, жеребёнке, жеребьевке, жеребьёвка	бахъизе:senses[6].examples[0].comment:при жеребёвке
жеребёвка	1	жеребьёвка, жеребёнка, жеребьевка	гӏучӏ:senses[3].examples[5].ru:жеребёвка
женшень	1	женьшень, шершень	кьибилбицаткъукӏ:senses[0].text:женшень
железнождорожный	1	железнодорожный, железнодорожник, железнодорожниц	тариф:senses[0].examples[0].ru:железнождорожный тариф
жвать	1	вжать, жать, живать, жевать, жрать, рвать, ждать, звать, хвать	пицӏцӏ:senses[1].examples[0].ru:жвать жвачку
жвалы	1	валы, жвала, овалы, хвалы	чӏандеро:senses[0].text:челюсть; жвалы
жарево	1	варево, марево, зарево, царево, жаре во	бежунжо:senses[0].text:жарево
жанисан	1	жанрист	планшет:senses[1].text:жанисан канлъи бихьулеб тӏалъелги бугеб, жаниб карта лъолеб сумка
жанир	1	жанр, рижанин	пансион:senses[1].text:жанир ругел чагӏазе квана-гьекъолеб жо букӏин
жаниб	1	южанин	планшет:senses[1].text:жанисан канлъи бихьулеб тӏалъелги бугеб, жаниб карта лъолеб сумка
жаловенье	1	жалованье, баловень	алапа:senses[0].text:зарплата, жаловенье; оклад
жалобничество	1	областничество, пособничество, паломничество	гӏарзачилъи:senses[0].text:занятие жалобщика, привычка доносить; жалобничество
ерлъи	1	перлит	бетӏерлъиялда:senses[0].text:от бетӏерлъи
елму	1	ему, мелу, елку, кельму	топография:senses[1].text:планалде ва картаялде босизелъул ракьул тӏасияб рахъ борциналъул гӏелму 2. бакӏалъул бугеб хӏалалъул план ва карта гьаби
ейш	1	ей, гейш, шей, ерш	анкьбекараб:senses[0].text:тяжёлейший, очень трудный || бергьун:senses[1].examples[0].ru:очень умный, умнейший || бергьун:senses[1].examples[1].ru:очень сильный, сильнейший
езе	1	ее, тезе, резе, езде, безе, азе, ере, еле, язе, еде, узе, еще, юзе, еже	алмас:senses[1].text:резец, стеклорез || баркат:senses[2].text:продуктивность, прок, толк, польза; везение || бикъизе:senses[0].examples[2].ru:будешь воровать — будешь голодать, полезешь в драку — выйдешь побеждённым
ежёнок	1	жёнок, ежонок	гӏужрукъил:senses[1].examples[1].ru:ежёнок
единственый	1	единственный, единственен, единствен, таинственный, воинственный	цохӏого:senses[0].text:единственый
единобожник	1	единобожие	хӏаниф:senses[0].text:последовательный единобожник
дёрнина	1	дёрни на, дёрна	гӏери#1:senses[0].examples[0].ru:(вы)резать дёрнина
дёргатся	1	дёргается, дёргаться, дёргаются, дёргайся, дёргался	тӏеркӏезе:senses[0].text:дёргатся, вздрагивать
дявольская	1	дьявольская, вольская, оскольская, идольская	илбисбутӏ:senses[0].text:радуга; . дявольская дуга
дьягил	1	дягиль	багӏасдо:senses[0].text:дьягил
дьяволские	1	дьявольские, дьявольский	шайтӏаналъул:senses[1].examples[0].ru:у волка дьяволские повадки
дышел	1	дышле, дышал, дошел, вышел	ариш:senses[0].examples[0].ru:для изготовления дышел подводы Гимбат срубил в лесу жерди из бука
дырявиться	1	вырядиться, дыр явиться, издырявиться, продырявиться, дырявить, издырявится	багьа-бихъизе:senses[0].text:(про)дырявиться, (про)худиться
дымоходная	1	дымоотводная, самоходная, малодоходная, доходная	тӏалай:senses[0].comment:дымоходная
дыбыться	1	сбыться	квачӏид:senses[0].examples[0].ru:встать на дыбы, дыбыться
дущи	1	дури, дули, лущи, пущи, кущи, души, дуги, гущи, духи, идущий	дару-дарман:senses[0].text:бальзам для дущи моей
дучше	1	дуче, душе, лучше	гьан:senses[0].examples[26].ru:мясо лучше мягкое, друг дучше крепкий
дурачся	1	дурачься, дурачья, дурачится	гӏадалаб:senses[1].examples[2].ru:не делай глупостей!, не дури!, не дурачся!
дунья	1	дунь, дуэнья, донья, дутья, дурья, кунья, дубья, дунь я	дунявияб:senses[0].examples[1].comment:коранический термин «ад-дунья» (ближний, земной мир); противоположность — «последняя жизнь» (о загробной жизни, «аль-ахира») || сихӏручӏужу:senses[0].text:колдунья, волшебница, чародейка, ворожея
дуниялалъул	1		параллель:senses[1].text:дуниялалъул шаралда экваторалда бащадаб манзилалъул мухъ
дуниял	1	дунит	къохьол:senses[2].examples[1].ru:дуниял этот бренный мир равен мигу единому
дудник	1	рудник, дудочник	догӏдогӏ#2:senses[0].text:дудник
дуглавый	1	двуглавый, двуглазый	кӏибетӏераб:senses[0].text:дуглавый
дубдиспансере	1	дуб диспансере, диспансере, диспансерные, диспансер	тубдиспансер:senses[0].examples[1].ru:работать в дубдиспансере
дряхдости	1	дряхлости, дрянности	михъ:senses[0].examples[18].comment:признак немощи, дряхдости
дружись	1	сдружись, дружить, кружись, дружусь, дружишь, подружись	гӏабдалмахӏав:senses[0].examples[0].ru:не дружись с придурком
другривенному	1	двугривенному, гривенному, приведенному	гӏабаси:senses[0].examples[2].ru:по другривенному
дрожей	1	дожей, рожей, дрожжей, дрожек, дробей, дрожащей	беччизе:senses[0].examples[3].comment:приготовленный без дрожей
дрогана	1	дрога на, андрогена, дрога	хъахӏаб:senses[4].examples[0].ru:дрогана жёлтая
древниеаварцы	1	древние аварцы, дренирование	бер#1:senses[0].text:глаз, око; чего-либо; свет очей; свет очей; умереть; сна кого-что-либо(древниеаварцы верили тому, что дёргание век правого глаза у мужчин, левого — уженщин ко злу, а если наоборот, то к добру)на ком-либо бранное слово, выражение в переносном значении ласкательная (форма) чьих-либо ласкательная (форма) пословица поговорка поговорка загадкацӏаддождьбранное слово, выражение в переносном значении бранное слово, выражение поговорка бранное слово, выражение буквально в переносном значении(отгнева)в переносном значении
древне	1	древен, древе, древние, древнее, деревне, древней, древнем, древнею, древни, древке, бревне, древляне	багьизе:senses[2].examples[0].ru:когда копали яму, наткнулись на древнее захоронение || бахӏарай:senses[1].examples[1].comment:т. е. по древнему обычаю невеста в аварском селе Гергебиль в брачную ночь со своей свитой и подружками очень медленно плетётся к дому жениха || рач:senses[0].examples[0].comment:по древнему поверью аварские кузнецы считали наковальню святиньей
древеснеть	1	одревеснеть, одревеснеет, деревенеть	гӏочӏокъине:senses[0].text:(о)древеснеть, затвердевать, затвердеть
древеснеет	1	одревеснеет, одревеснеть, одревеснеют, деревенеет	къазе:senses[5].examples[1].ru:трава древеснеет
дразнять	1	дразнят, разнять, дразнить, дразнясь	балъаргъине:senses[0].examples[3].ru:вам нравиться, когда вас дразнять?
доющий	1	дающий, ноющий, роющий, воющий, поющий, доящий, моющий, дующий	гӏункӏкӏбечӏчӏ:senses[0].text:скряга, страшно жадный человек; мышь доющий
дошечный	1	доношенный, докошенный	хъорщол:senses[1].text:дошечный, деревянный
дошади	1	досади, лошади	тӏваркъиялда:senses[0].examples[0].ru:дошади шли с цокотом копыт
доупаду	1	до упаду, упаду, упадок	махӏалзуниб:senses[1].examples[0].ru:устал доупаду
дотрагивать	1	потрагивать, дотрагиваться, затрагивать, подрагивать, дотягивать	гӏин:senses[0].examples[30].ru:никак не соглашался, близко не подпускал; ни в зуб ногой; не давал дотрагивать уши лапой
досыпая	1	осыпая, досыпав, досыпал, досылая, посыпая, досыпаю, досыхая, досыпаемая, подсыпая	бетӏер:senses[0].examples[58].ru:не досыпая дополна, насыпая без верха
достопочтимый	1	досточтимый, достопочтенный, досточтим, допустимый	бижизе:senses[4].examples[2].ru:достопочтимый Шамиль четверть века возглавил борьбу за свободу родной земли
допропорядочный	1	добропорядочный, непорядочный, беспорядочный, породопогрузочный, упорядоченный	муруват:senses[0].examples[0].ru:допропорядочный человек
доотвала	1	до отвала, дотлевала, отваливала, дотировала, отвала	чехь:senses[0].examples[8].ru:поесть доотвала
донырнуть	1	до нырнуть, поднырнуть, нырнуть	тӏину#1:senses[1].examples[3].ru:донырнуть до дна
домотканный	1	домотканый, откоканный, самотканый, сотканный, вотканный	бессизе#1:senses[0].examples[2].ru:домотканный
домотканное	1	домотканое, домотканые, откоканное, самотканое, сотканное	сугъур:senses[0].text:кавказское домотканное тонкое сукно
домотканного	1	домотканого, откоканного, самотканого, сотканного, вотканного	чухъа:senses[0].examples[0].ru:черкеска из домотканного сукна
домашных	1	домашних, одомашненных, доминошных	хъахӏгьан:senses[0].text:грудинка домашных птиц
домашный	1	домашний, домашней, одомашненный, доминошный	карж:senses[0].text:мифология домашный дух (хранительница очага в женском облике), домовая
долность	1	должность, дойность, дословность, дотошность, дородность, доходность	ординарецлъи:senses[0].text:долность ординарца
долмы	1	долы, домыл, догмы, холмы, дол мы	гъабутӏамах:senses[0].comment:используется для изготовления долмы
долма	1	долам, дола, дома, долга, догма, холма, доломан	долма:senses[0].text:голубцы, долма
долихоцефал	1	долихоцефалия	гунзари:senses[0].examples[2].ru:антр долихоцефал
должноть	1	должность, должностной	радистлъи:senses[0].text:профессия, должноть, работа радиста
должнось	1	должность, должностной	хормейстерлъи:senses[0].text:должнось, профессия, работа хормейстера
докуметальный	1	документальный, доку метальный, монументальный, подметальный, документный	фильм:senses[0].examples[1].ru:докуметальный фильм
докипеть	1	покипеть, до кипеть, доки петь, прокипеть, кипеть, допеть	гьализе:senses[0].examples[1].ru:докипеть
докалить	1	докатить, до калить, дока лить, калить, долить	цӏвабазабизе:senses[0].text:докалить
докаливание	1	докашивание, докармливание, прокаливание, доклеивание, обкаливание	цӏвабазаби:senses[1].text:докаливание
доказанность	1	недоказанность, недосказанность, доказательность, затасканность	тӏадчӏей:senses[2].text:доказанность
доисламский	1	до исламский, исламский, исламабадский, исламистский	жагьилияб:senses[0].text:доисламский
доисламская	1	до исламская, исламская, исламабадская, исламистская	жагьилияб:senses[0].examples[0].ru:доисламская эпоха
дозволительно	1	дозволительное, дозволительной, дозволительном, дозволительною, позволительно, дозволительный, позволительный, оздоровительно, дополнительно	хӏалал:senses[0].text:дозволительно, разрешено
дожль	1	дождь, дож ль	анкь:senses[0].examples[10].ru:целую неделю шёл дожль
дожды	1	дожди, дожде, дождь, дождя, дождю	ноябралъул:senses[1].examples[1].ru:ноябрьские дожды
дожарить	1	доварить, пожарить, до жарить, дожаривать, прожарить, поджарить, жарить	бежизабизе:senses[1].text:дожарить, допечь
догадливсть	1	догадливость, досадливость, гадливость, догадлив	кантӏи:senses[5].text:понятливость; догадливсть
доволствоваться	1	довольствоваться, довольствовавшийся, доволакиваться, дофилософствоваться, руководствоваться	рази:senses[0].examples[1].ru:быть довольным, доволствоваться; согласиться
дов	1	вод, до, адов, доев, дров, вдов, ядов, дои, див, дав, дев, дон, нов, дот, тов	бакӏ#1:senses[0].examples[13].ru:щвана дов он побывал во многих местах
добётся	1	добьётся, допоётся	гьереси:senses[0].examples[1].ru:на лжи никто не добётся цели
добыраться	1	добраться, добираться, добываться, добросаться, ободраться, додраться, доработаться	кӏанцӏизе:senses[0].examples[9].ru:Жил-был Картилав, Спрыгнул он в пещеру, Поломал левую ногу, Не смог добыраться домой
добродей	1	добродетелей, добрейшей, добрей	лъикӏлъи:senses[0].examples[3].ru:добродей
добе	1	боде, доб, обе, добре, сдобе, добей, обед, доне, доте, добр, робе, доле, доке, дыбе, доме	аздагьо:senses[0].examples[3].ru:он очень силён, он как зверь; он подобен дракону || бокьаралъуб:senses[0].examples[3].ru:иди, откуда хочешь, но к обеду доберись до хутора || иншаалллагь:senses[0].examples[0].ru:бог дасть, доберёмся мы сегодня домой
длинняя	1	длинная, удлиняя, линяя	гӏаба:senses[0].text:аба; плащ или накидка (из грубого сукна); верхняя длинняя мужская одежда
длиннолапый	1	длиннолицый, длиннополый, длинноплодный, длинноносый	квачӏхалат:senses[0].text:ленивый, не любящий вставать и идти за чем-либо; длиннолапый
длинноволлосая	1	длинноволосая, длинноволновая, длинноволокнистая, длинноволосый, длинноствольная	гъалалхалат:senses[0].text:длинноволлосая; длиннокосая
дихание	1	дыхание, затихание	хӏухьел:senses[0].examples[6].ru:дышать, перевести дихание
дисциплини	1	дисциплин, дисциплина, дисциплине, дисциплины, дисциплину, дисциплин и	ахбиччанкъо:senses[0].comment:с целью укрепления дисциплини в старину у аварцев был строгий обычай начинать сбор фруктов в назначенный старшиной аула день
дирхем	1	дикарем	диргьам:senses[0].text:дирхем
дирижировка	1	дирижировать, дирижирование, дражировка, кадрировка	дирижёрлъи:senses[1].text:дирижировка
дипломатическоое	1	дипломатическое, дипломатические, дипломатический, идиоматическое, дипломатичное	хурхен:senses[0].examples[0].ru:дипломатическоое отношение
диналъул	1	кардинал	патриарх:senses[1].text:христиан диналъул бищун тӏадегӏанаб даражаялъул рухӏанияв хӏаким
дилл	1	длил, илл, диол, долл, вилл, Билл	чӏобой:senses[0].text:дилл. масдар
дикарька	1	дикарка, дикарь ка, дикарь	гӏалхулай:senses[0].text:дикарька
диактрические	1	диакритические, диэлектрические, педиатрические, дидактические	игӏраб:senses[1].text:огласовки, диактрические знаки в арабском письме
джиуноподобный	1	женоподобный, свиноподобный, новоподобный, жизнеподобный	женмахӏав:senses[0].text:джиуноподобный
джим	1	Джим, дюжим, доим, джем, ежим, джин, длим, джип, джиу, имидж	жем:senses[0].text:джим
джамаатом	1	томатом	жамагӏат:senses[1].examples[0].ru:намаз, совершаемый джамаатом
дешёво	1	дёшево, дешёв, дешёвое, дешёвой, дешёвок, дешёвом, дешёвою, дешево, дешёв о	хира:senses[0].examples[4].ru:то, что дорого куплено, не продавай дешёво
дефецитом	1	дефицитом, дефицитном	тӏорччокъаб:senses[0].text:не имеющий угля, с дефецитом угля
десятский	1	детский	анцӏилбетӏер:senses[0].text:десятский, командир десятки
десятислойный	1	шестислойный, пятислойный, десятитонный, десятитомный	анцӏгъатаб:senses[0].text:десятислойный
десят	1	десяти, десять, весят, делят, месят, бесят, десяток, десятый, десятка	анцӏила:senses[0].text:…надцать,…десят
дернину	1	дерни ну, дерновину, дочернину, дерну	гӏуру:senses[0].examples[0].ru:нарезать дернину
держатья	1	держать, держаться, держатся, держать я, держателя	къахӏазе:senses[1].text:крепко держатья, хвататься, схватиться за кого-что-либо
деревообделочник	1	древообделочник, деревообделочный, древообделочный	устар:senses[0].examples[2].ru:плотник, столяр, деревообделочник
деревовидное	1	древовидное, дерево видное, червовидное, древовидные, вееровидное, перевиденное	зазитӏегь:senses[0].text:алоэ деревовидное
деревесины	1	древесины, деревенщины, древесинный	балухъ:senses[0].examples[1].ru:дедушка из грушевой деревесины делал красивые ложки
деревеньский	1	деревенский, деревеневший, дешевенький, денверский, тверденький	росдал:senses[1].text:аульский, сельский, деревеньский
дербенский	1	дербентский, деревенский, берберский, брисбенский, дрезденский	дербентцӏибил:senses[0].text:дербенский виноград
депутатство	1	депутатский	депутатлъи:senses[0].text:обязанности депутата, работа депутата; депутатство
денежгый	1	денежный, ненадежный	нахъбуссинабизе:senses[0].examples[0].ru:возвратить денежгый долг
делегатство	1	делегатский	делегатлъи:senses[0].text:обязанности делегата, работа делегата; делегатство
делаёт	1	делает, делают, делатель	хасел#1:senses[0].examples[10].ru:зима поступает по-зимнему; зима делаёт своё
декломировать	1	декламировать, декларировать, дипломировать, рекламировать, декалькировать	кечӏ:senses[1].examples[7].ru:(про)читать стихи; декломировать стихи
действияза	1	действия за, действие	бачине:senses[9].text:сдеепричастие др. глагола выступает в роли вспомогательный глагол глагола с общим значениемучащательности действияза кем-либо
дее	1	еде, де, ее, идее, деве, деле, деке, деде, дне, нее, рее, дев, две, дел, лее	кватӏун:senses[0].text:дее
девятьсоттысячный	1	девятьсот тысячный, девятитысячный, двухсоттысячный	ичӏнусазарабилеб:senses[0].text:девятьсоттысячный
девятьнадцатой	1	девятнадцатой, девятнадцать, девятнадцатый	гъайн:senses[0].comment:название девятьнадцатой буквы арабского алфавита; цифровое значение — 1 000
девят	1	девяти, девять, дивят, давят, делят, девятка, девятый	ичӏцӏул:senses[0].text:девят раз, девятью
дебат	1	дебаты, дебит, дебае, дебет, дебай, дебая, дебаю, дебют, дебатов	къацанди:senses[1].text:спор, дебат; перебранка
двухслойность	1	двухслойный	кӏигъатлъи:senses[1].text:двухслойность
двухлойный	1	двухслойный, двухлошадный, двухколейный, двухколонный, двухсложный	кӏигъатаб:senses[0].text:двойный, сдвоенный, удвоенный, двухлойный
двугревенный	1	двугривенный, двугранный	гӏабаси:senses[0].text:двугревенный, двадцатикопеечная монета
двоюрродный	1	двоюродный, троюродный, водородный, водопроводный, однородный	ункъгӏал:senses[0].examples[2].ru:двоюрродный брат, кузен; сын тёти
дворяназул	1	дворянка	граф:senses[0].comment:дворяназул титул
двойный	1	дойный, двойной, двойные, двойней, дворный, двойным, двойных, хвойный, двойничный, водомойный, водопойный, водобойный	кӏигъатаб:senses[0].text:двойный, сдвоенный, удвоенный, двухлойный
дверьной	1	дверной, дверь ной	нуцӏил:senses[1].text:дверьной
дверьная	1	дверная, вербальная	нуцӏил:senses[1].examples[0].ru:дверьная рама
двадьцать	1	двадцать, двенадцать	къоябго:senses[0].examples[0].ru:все двадьцать овец находятся здесь
дарудал	1	дар удал, дару дал, удал	таблетка:senses[0].comment:дарудал горо
дарено	1	одарено, дареное, дареной, дареном, ударено, дареною, варено, парено, да рено, даре но, ударенно, аренда	кьезе:senses[6].examples[3].ru:счастье получит тот, кому оно дарено [Аллахом]
даргинка	1	даргинский	даргияй:senses[0].text:даргинка
даргинец	1	аргентинец	даргияв:senses[0].text:даргинец
даражаялъул	1		патриарх:senses[1].text:христиан диналъул бищун тӏадегӏанаб даражаялъул рухӏанияв хӏаким
дальневидный	1	дальновидный, даль невидный, пальцевидный, миндалевидный, ладьевидный, дневальный	политик:senses[0].examples[1].ru:дальневидный политик
дадом	1	адом, дадим, дедом, даром, садом, ладом, задом, гадом, чадом, жадом, да дом	дад:senses[0].examples[2].ru:рядом с дадом сидит, ручку кастрюли держит
дагадается	1	догадается, разгадается, додается	гӏодоб:senses[0].examples[60].ru:сядет — не дагадается вставать, встанет — не догадается садиться
давный	1	давний, дивный, давней, данный, равный, давным, дачный, давленый	некӏсияб:senses[0].text:давный, давно минувший, давнишний
давнишный	1	давнишний, давнишней, клавишный	тӏех:senses[0].examples[11].ru:давнишный гость
гяуры	1	гламуры	купру:senses[1].text:неверные, гяуры
гьуразул	1	уразумел	ревматизм:senses[0].comment:гьуразул унти
гьумераб	1	бумеранг	панно:senses[0].text:панно (1. ригьзабазул тӏадехунисеб гьумераб рахъалда рекӏинабураб сурат
гьоркьохъеб	1		пансион:senses[0].text:пансион (1. квана-гьекъейги бугеб гьоркьохъеб цӏалул идара 2. общежитие
гьоко	1	горько	фургон:senses[0].comment:гьоко, машина
гьобо	1	гобой	бетӏер:senses[0].examples[22].comment:гьобо мельничный жернов
гьенкьезе	1	гезенке	гьенкьезабизе:senses[0].text:от гьенкьезе
гьекъолеб	1	колеблешь	пансион:senses[1].text:жанир ругел чагӏазе квана-гьекъолеб жо букӏин
гьекъейги	1		пансион:senses[0].text:пансион (1. квана-гьекъейги бугеб гьоркьохъеб цӏалул идара 2. общежитие
гьеб	1	греб	папирус:senses[1].text:некӏсиял халкъаз гьеб харил хъвадаризе хӏалтӏизабулеб букӏараб материал
гьарулев	1	рулевой	проектировщик:senses[0].comment:проектал гьарулев чи
гьанщизе	1	гетманщине	гьанщезе:senses[0].text:от гьанщизе
гьанибе	1	набегание	парк#2:senses[0].text:парк (1. аскаралъе техникияб материал кьолеб, добе-гьанибе баччизе санагӏат рекъезабураб склад
гьавань	1	гавань, гавканье	гавань:senses[0].text:гьавань
гьабурав	1	буравить	прогульщик:senses[0].comment:прогул гьабурав чи
гьабураб	1	забурчать	панно:senses[1].text:накъиш-сурат тӏад гьабураб ва сверун рамка бугеб къоно
гьабун	1	табун	эмигрант:senses[0].comment:чияр улкаялда яшав гьабун вугев чи
гьабулев	1	булев	обкатчик:senses[0].comment:обкатка гьабулев чи
гьабулеб	1	бабуль	планшет:senses[0].text:планшет (1. тӏад карта щула гьабулеб хъарщи, къоно
гъваридаб	1	аскарида	скважина:senses[0].comment:гъваридаб гвенд
гъатахине	1	тахине	гъата-гъатахинабизе:senses[0].text:от гъата-гъатахине
гъата	1	гагата	гъата-гъатахинабизе:senses[0].text:от гъата-гъатахине
гъанситоялъуб	1		гъадаро:senses[0].examples[3].comment:'гъанситоялъуб терет' уголья в камине
густовата	1	густоватая, пустовата, густо вата, густоватый, густота, толстовата, пустоват	бакъва:senses[0].examples[2].ru:каша густовата
гуртования	1	буртования, грунтования, швартования, тонирования	къайи:senses[3].text:стойбище отары, место гуртования; кошара
гурде	1	груде, гуде, гурте, курде, бурде, гур де	футболка:senses[0].comment:спортивияб гурде
гулгун	1	лгун	бер#1:senses[0].examples[36].comment:гулгун кумган
грязями	1	гр язями, грязнулями	хӏарщ:senses[2].examples[0].ru:лечиться грязями
грязнеть	1	грязнет, грязнить, грязнете, грязнуть, грязнешь	гъизине:senses[0].text:грязнеть; (за)грязниться; (за)пачкаться, испачкаться, выпачкаться
грушёвое	1	грушевое, груздёвое	генул:senses[1].examples[2].ru:грушёвое толокно
грузнеть	1	огрузнеть, грузность	бакӏлъизе:senses[0].text:(о)тяжелеть, потяжелеть; утяжеляться, утяжелиться; грузнеть; становиться тяжёлым, увесистым, грузным
груглый	1	круглый, смуглый	эхедегӏан:senses[0].examples[1].ru:повыше находился груглый холм
грубоватость	1	грубоват ость, голубоватость, дубоватость, трусоватость, угреватость	хьварсмахӏлъи:senses[0].text:тупость, грубость, грубоватость; необтесанность
грохтом	1	гротом, грохотом, грохот	дваргъи-гӏанхъиялда:senses[0].text:с шумом, с грохтом, с треском
громихая	1	громыхая, громи хая, грохая	кьвах-кьвахиялда:senses[0].text:громихая; с грохотом, с шумом
громихал	1	громилах, громыхал, громи хал, грохал	кьвах-кьвахиялда:senses[0].examples[0].ru:с грохотом громихал гром
гривеник	1	гривенник, гриве ник, гривен	шагьи:senses[0].examples[0].ru:гривеник
грена	1	гране, гена, гренка, грешна, гиена, грана, арена, грела, грека, крена, греша, греза, греча, греха, хрена	кьикьи:senses[1].text:грена шелковичного червя
греказул	1	грелка	пантеон:senses[1].text:некӏсиял греказул ва румазул киналго аллагьзабазе бараб храм
гребать	1	сгребать, греб ать, отгребать, нагребать, загребать, погребать	рахъу:senses[0].examples[0].ru:(вы)гребать золу
грать	1	гать, рать, играть, орать, греть, грань, гнать, трать, врать, драть, грабь, брать, жрать, гр ать, графить	тураза:senses[0].examples[0].ru:грать в городки
гранный	1	игранный, граненый, оранный, кранный, бранный, граненный, гранённый, сыгранный, гранёный	бокӏнахараб:senses[0].text:многоугольный, угловатый; многогранный || -цибилаб:senses[0].text:-гранный || -цибилаб:senses[0].examples[0].ru:четырёхгранный
гоцатлинском	1	антисталинском	очерк:senses[0].examples[0].ru:очерк о знаменитом гоцатлинском ювелире
государиня	1	государыня, государя	пача#1:senses[0].text:царь, король; император, государь; царица, королева; императрица, государиня
госты	1	готы, гости, госте, тосты, посты, гость, гостя, мосты, густы, гостю, гос ты, ГОСТ	бакӏ#1:senses[3].examples[0].ru:скажи, где расположились госты
горчак	1	горча, горчат, горча к	щонщо:senses[0].text:горчак розовый; плевел опьянеющий
горрила	1	горнила, горбила, горчила, горилла, горланила, городила, горилка	горилла:senses[0].text:горрила
горо	1	гор, горно, горой, горло, горок, город, гордо, горою, горох, гори, гора, горе, горн, голо, горы	таблетка:senses[0].comment:дарудал горо
горлишко	1	горлышко, городишко	кӏатӏахӏ:senses[1].examples[1].ru:горлишко керосиновой лампы
горленка	1	горенка, орленка, горлинка, горлянка, гор ленка, головенка	рохьимикки:senses[0].text:горлица, горленка, горлинка
горкнуть	1	гаркнуть, прогоркнуть	кьогӏлъизе:senses[0].text:(про)горкнуть; становиться горьким, прогорклым; горчить
горкий	1	горки, горский, горький, горкой, горний, зоркий, гор кий	рикӏкӏ:senses[1].examples[0].ru:очень горький; горкий как квасцы
гордить	1	городить, гордись, горбить, горчить, гордиться	къуват:senses[0].examples[5].ru:надеяться на свои силы; гордить своей силой
гордвина	1	гордовина, мордвина, горд вина, гордовин, горловина	къаданиббарщ:senses[0].text:гордвина
гололс	1	голос, голо	гӏажаибаб:senses[0].examples[1].ru:восхитительный гололс
голехонькое	1	белехонькое, целехонькое, полнехонькое, малехонькое	чӏамалакӏ:senses[0].text:что-то голое, совсем голое, голехонькое
говрилось	1	говорилось, приловчилось	абухъеяв:senses[0].text:такой (тот), о ком говрилось
гневится	1	прогневится	цӏа:senses[2].examples[8].ru:пожар гневится
глубиу	1	глуби, глубину, глубин, глуби у	гӏаршун:senses[0].examples[1].ru:выкопали яму на глубиу полтора аршина
гледичьи	1	гледичии, гледичия	бечӏакӏо:senses[0].text:бобы гледичьи
гирья	1	гирь, гиря, чирья, гирь я	гира:senses[0].text:гирья
гиреобразной	1	гире образной, гребнеобразной, вихреобразной, граблеобразной, грушеобразной	гилавка:senses[1].examples[2].comment:гиреобразной формы
гипнотизированный	1	загипнотизированный, гипнотизирование, гипнотизировавший, гипнотизировать	бер#1:senses[0].examples[24].ru:как гипнотизированный человек
гиперболически	1	гиперболические, гиперболический, гиперболическим, гиперболических, гиперболичности, гипербарический	кӏодо-кӏодо:senses[0].text:с преувеличением; гиперболически
гимрынцев	1	виргинцев	цӏакъ:senses[0].examples[3].ru:у гимрынцев бывает очень сладкий виноград
гиенна	1	гиена, геенна, гиен на, гиен, иена	каптар:senses[0].text:гиенна
гергебильский	1	генеральский	сверел#1:senses[0].examples[0].ru:гергебильский говор
гергебильская	1	генеральская	бахӏарай:senses[1].examples[1].ru:как гергебильская невеста, очень медленно
гербаризировать	1	героизировать, германизировать, герметизировать, гиперболизировать	гербарий:senses[0].examples[0].ru:гербаризировать, собирать гербарий
геометрияб	1	геометрия, геометриям, геометриях, трибометрия, биометрия	проекция:senses[0].text:проекция (1. геометрияб кӏагӏидаялъ сурат бахъи
геодезистка	1	геодезиста, геодезист ка, геодезист	геодезист:senses[0].text:геодезист и геодезистка
генеология	1	генеалогия, геология, неонтология, геобиология, гинекология	насаб:senses[0].text:род, происхождение; генеология
гелега	1	телега, геле га, нелегал	цӏцӏелчӏахӏ:senses[0].text:гелега лекарственная
геграфию	1	географию, гелиографию, телеграфию, реографию, аграфию	жагърапия:senses[0].examples[0].ru:изучить геграфию
гвоздевая	1	воздевая, воздевавшая, воздевающая, воздевшая	магӏикаратӏ:senses[0].text:гнездо от гвоздя; гвоздевая дырка
гвозд	1	гвозди, гвозде, гвоздь, гвоздя, гвоздю, гвоздок	калпатгъецӏ:senses[0].examples[0].ru:выдерни гвозд клещами
гвенд	1	венд	скважина:senses[0].comment:гъваридаб гвенд
гашник	1	гаишник, чашник, загашник	тӏаждарухьен:senses[0].text:шнурок (продеваемый в пояс штанов); гашник, очкур
гармонистка	1	гармониста, гармонист ка, гармонист, гармоника, монархистка, органистка	аргъанчӏужу:senses[0].text:гармонистка
гануса	1	гнуса, ануса, гаруса, гаусса	гӏандус:senses[0].examples[0].ru:аромат гануса
гайн	1	тайн, Майн, гайка	гъайн:senses[0].text:гайн
газырь	1	козырь	роцен#2:senses[0].text:патрон; газырь
газиры	1	газировка	рорцалаби:senses[0].examples[1].ru:газиры на черкеске
газетнчик	1	газетчик, газетчица	газетчи:senses[0].text:газетнчик; сотрудник, работник газеты
газетал	1	газета, газетам, газетах, газе тал, газет, галета, галет	поч:senses[1].comment:газетал, кагътал ва гь. ц.
гадкость	1	гадость, гладкость, падкость, гад кость, гадливость	къабихӏлъи:senses[1].text:скверность, гадкость, мерзость, безобразность, отвратительность, позор, унижение
гади	1	гида, гад, гадин, гадит, гадил, галди, глади, гадки, гадим, гада, гаде, гати, гари, ради, гаси	лъим:senses[0].examples[20].ru:не гади в источник, где ты напился
габани	1	гавани, газани, га бани, габардин	габанидул:senses[0].text:от габани
вьюжит	1	вьючит, завьюжит	буран:senses[0].examples[1].ru:метель метёт; вьюжит
вышивальшицей	1	вышивальщицей, вышивальщиц, вышивальный	угьарухъан:senses[0].examples[0].ru:работать вышивальшицей
выхор	1	вихор, выход, выбор, вы хор	кепели:senses[0].text:выхор
выходяший	1	выходящий, выходивший	тӏасамохъ:senses[0].examples[1].ru:беспредельный, выходяший за рамки дозволенного
выходяшее	1	выходящее, выходя шее, выходившее	къотӏноб:senses[0].examples[3].ru:окно, выходяшее во двор
выхвативать	1	выхватывать, выхватив ать, выхватить, выхвативший, выхаживать, выхаркивать	бахъизе:senses[6].text:вынимать, вынуть, вытаскивать, вытащить, извлекать, извлечь, выхвативать, выхватить, выкладывать, выкласть
вытери	1	вытер, вытри, вытерли, вытерпи, вытерт, выдери, вытури, выбери, вытер и	гӏункӏрукь:senses[0].examples[2].ru:глаз вытери локтём
высячий	1	висячий, высящийся	гилавка:senses[1].examples[2].ru:высячий замок
высыпишь	1	выступишь, высыпи, выпилишь	сахӏ:senses[0].examples[0].ru:куда посыпал сах, оттуда не высыпишь кали
выстрельнул	1	вы стрельнул, стрельнул, стрельнуть	кьвагьизе:senses[0].examples[1].ru:выстрельнул
выстреленная	1	выстеленная, выставленная, выстроенная, застреленная, отстреленная	кьвагьизе:senses[0].examples[2].ru:быстро, стремительно, опрометью; словно выстреленная пуля
высочесто	1	высочество, высочеств, высоченный	бетӏерчӏахъаяв:senses[0].examples[0].ru:его высочесто король; да здравствует голова короля
высокоудойный	1	высоко удойный, высокоурожайный, высокоидейный, высокоумный, высокодоходный	рахьдалаб:senses[0].text:высокоудойный
высокоудойная	1	высоко удойная, высокоурожайная, высокоидейная, высокоумная, высокодоходная	рахьдалаб:senses[0].examples[0].ru:околевшая корова — высокоудойная
выслушить	1	высушить, выслушать, выслужить, выслушивать, вышелушить	гӏенеккизе:senses[0].text:(по)слушать, выслушивать, выслушить кого-что-либо
высипать	1	выписать, выкипать, высыпать, выщипать, высиживать, выступать	чӏехьезе:senses[0].text:опорожнять, опорожнить что-либо; вываливать, вывалить что-либо из чего-либо; высыпать, высипать что-либо; выливать, вылить что-либо из чего-либо
высачиваться	1	высаливаться, выкачиваться, вымачиваться, высаживаться, высвечиваться, выплачиваться, выворачиваться, выщелачиваться	пицӏцӏ:senses[0].examples[2].ru:высачиваться — о камеди
вырола	1	выросла, вырыла, выродила, выронила	гӏезе:senses[1].examples[2].ru:дочь вырола, достигла совершеннолетия
выровниться	1	выровняться, выродиться, выравниваться, провиниться, выстроиться	битӏизе:senses[1].text:выпрямляться, выпрямиться, распрямляться, разгибаться; выравниваться, выровниться, выровняться; становиться гладким, ровным; сглаживаться
выровнилось	1	выровнялось, выродилось, выравнивалось, выловилось	битӏизе:senses[2].examples[1].ru:теперь всё выровнилось; теперь всё исправилось
выражающаая	1	выражающая, выряжающая, выращивающая, вырастающая, возражающая	духъ:senses[0].text:3 местнп. отчастица, в основном выражающаая вероятие, правдоподобность; обычно переводится.
выраж	1	выражу, вираж, вы раж, выражать	тамаша:senses[1].text:выраж. удивление батюшки!
выпытивать	1	выпытывать, выпаивать, выпихивать, выпаривать, выпивать	цӏехолдизе:senses[0].text:заниматься распросами, опросом, выспрашиванием; распрашивать, опрашивать, выспрашивать, выпытивать, выведивать что-либо; разузнавать
выпущеная	1	выпущена, выпущенная, выпущена я, впущенная, выпученная, вылущенная, напущенная	речӏчӏизе:senses[3].examples[13].ru:быстро, ловко; словно выпущеная стрела
выпригнула	1	выпрыгнула, вы пригнула, выпри гнула, пригнула	щвартӏан:senses[0].examples[0].ru:лягушка мигом выпригнула из пруда
выпонить	1	выполнить, выронить, вызвонить, позвонить, подвыпить, выпить	тӏубазабизе:senses[1].examples[3].ru:выпонить обязательства
выпольнять	1	выполнять, выполоть	хадубехъерхъизабизе:senses[0].examples[0].ru:не выпольнять работу в срок
выпечённый	1	выпеченный, вы печённый, печённый, пересечённый, перчённый, печёночный	беччизе:senses[0].examples[1].ru:хлеб, выпечённый из кислого (дрожжевого) теста
вынюхиватель	1	вынюхивать	сентӏеро:senses[0].text:тот, кто разнюхивает, суёт во всё нос; вынюхиватель
вынырнёт	1	вынырнет, вынырнут, вы нырнёт, нырнёт, швырнёт, ковырнёт	вукъунвакк:senses[0].text:проныра, пронырливый человек; тот, который нырнёт и [тут же] вынырнёт
вынтовочный	1	винтовочный, грунтовочный, торцовочный, выставочный, выволочный	кьвагьизе:senses[1].examples[0].ru:раздался вынтовочный выстрел, вынтовка выстрелила
вынтовка	1	винтовка, кантовка, антоновка, акантовый	кьвагьизе:senses[1].examples[0].ru:раздался вынтовочный выстрел, вынтовка выстрелила
выноград	1	виноград	гӏурччин:senses[1].examples[0].ru:этот выноград ещё не поспел
выновными	1	виновными, выносными, выношенными, основными, чиновными, сановными	гӏайибиял:senses[0].examples[0].ru:люди, не совершившие преступление, не бывают выновными
выновность	1	виновность, основность, выносливость, сановность, чиновность	тӏадчӏезабизе:senses[0].examples[0].ru:доказать выновность, установить вину
вымолвенное	1	вымоленное, вымолвленное, вымолвленные, вымолвленный, высмоленное, вымоченное	абизе:senses[0].examples[18].ru:вымолвенное слово — выпущенная стрела
вымешивать	1	вмешивать, выменивать, вывешивать, намешивать, замешивать, домешивать, помешивать	кӏкӏвазе#1:senses[0].text:хорошо месить, мять, разминать что-либо; вымешивать, вымесить
вылечичаться	1	вылечиваться, вылечиться, вылеживаться, высвечиваться, вылечивать	битӏа-бишизе:senses[2].text:бывать, быть в здравии; поправляться, вылечичаться
выкыдышу	1	выкидышу, выкидыш	хӏерхинабизе:senses[0].text:приводить, привести к выкыдышу
выковырывать	1	выковыривать, выковывать, выкорчёвывать, выкорчевывать, выбраковывать	рикӏидуниб:senses[0].examples[0].ru:орех, из которого трудно выковырывать ядро
выкласть	1	выкрасть, вы класть, класть, выстлать	бахъизе:senses[6].text:вынимать, вынуть, вытаскивать, вытащить, извлекать, извлечь, выхвативать, выхватить, выкладывать, выкласть
выкидвывать	1	выкидывать, выковывать, выкрадывать, выкладывать, выклевывать	хӏерхине:senses[0].text:выкидвывать плод; иметь выкидыш
выигриванию	1	выигрыванию, выговариванию, вывариванию, выныриванию, вышвыриванию	бахинабизе#1:senses[3].text:способствовать получению (пользы, выгоды); способствовать выигриванию чего-либо
вызовёт	1	вызовет, вызовут, вы зовёт, вызов, отзовёт	диван#1:senses[1].examples[1].ru:наконец Господь вызовёт тебя на суд
вызивать	1	вызвать, выливать, выпивать, вызывать, вышивать, выбивать, выживать, вызванивать, выезживать, вываживать, вываливать	бохизабизе:senses[1].text:вызивать, вызвать смех
вызжать	1	выжать, выезжать, визжать, вызнать, вызвать, вызывать	чӏчӏичӏчӏидизе:senses[0].text:кричать, орать, вопить; вызжать; реветь; гомонить; поднимать крик, рёв, вой
вызаравливается	1	вытравливается, затравливается, растравливается, вылавливается	додинго:senses[0].examples[0].ru:отец в том же состоянии, не вызаравливается
выжитый	1	выжатый, вылитый, выпитый, вышитый, выбитый, выжить	тахьтахь:senses[0].text:выжитый лимон
выжарками	1	выжимками	къалияр:senses[0].examples[0].ru:хинкал с выжарками
выдимый	1	видимый, водимый, выйди	загьираб:senses[0].text:явный, ясный, очевидный; выдимый; открытый
выделивать	1	выделывать, выделив ать, выдавливать, выдалбливать, выдерживать, выдергивать	херх:senses[0].examples[0].ru:выделивать овчину скребком
выдаивается	1	выдраивается, выпаивается, выдавливается, выдалбливается, выстаивается, выдерживается	гъвари#1:senses[0].examples[8].ru:основной сосок; сосок, по которому выдаивается много молока
выгребанной	1	выгребенной, выгребной, выгребаемой, выгребание, вытребованной	рахъу:senses[0].examples[4].comment:горцы испекали картошку, тыкву и т. п, в горячей золе, выгребанной в огромную кучу из общественной печи
выграть	1	выиграть, выгорать, взыграть, выгнать, сыграть, выдрать, выбрать, выжрать, выгрызать, выгребать, выгружать, разыграть	облигация:senses[0].examples[1].ru:выграть деньги по облигации
выглядывающийся	1	вглядывающийся, выглядывающий, заглядывающийся, оглядывающийся, приглядывающийся	гъорлъанбакк:senses[0].text:выглядывающийся
выглядываться	1	вглядываться, выглядывать, заглядываться, оглядываться, разглядываться	лъадалъ:senses[0].examples[4].ru:выглядываться из воды
выглядывается	1	вглядывается, заглядывается, оглядывается, разглядывается, переглядывается	къаси:senses[0].examples[0].ru:ночью скрывается, днём выглядывается
выглядить	1	выглядит, выгладить, выглядите, выглядеть, выглядишь, выглядывать	хер:senses[0].examples[1].ru:выглядить старым
вывыхнут	1	вывихнут, выпихнут, высохнут, выдохнут	борчӏизе:senses[4].examples[0].ru:палец вывыхнут
вывыхнулась	1	вытряхнулась, выхлестнулась, вывернулась, всколыхнулась	борчӏизе:senses[4].examples[1].ru:нога вывыхнулась
вывыхнул	1	вывихнул, выдохнул, выпихнул	къуркьизе:senses[2].examples[0].ru:он вывыхнул себе ногу
вывихнулась	1	вывихнул ась, свихнулась, выдвинулась, вывернулась	бугьналага:senses[0].examples[0].ru:лопатка вывихнулась
выведивать	1	вывеивать, выведывать, вывешивать, выветривать, выведать, вывертывать, вываривать	цӏехолдизе:senses[0].text:заниматься распросами, опросом, выспрашиванием; распрашивать, опрашивать, выспрашивать, выпытивать, выведивать что-либо; разузнавать
выбьешся	1	выбьешься, выбьется, выбьемся, выбьешь	гӏадамал:senses[0].examples[14].ru:да выбьешся ты из людей!
выбыраешь	1	выбираешь, выбываешь, выбрасываешь, выбриваешь, выработаешь, выбегаешь	кьарияб:senses[0].examples[4].ru:когда покупаешь — жирное выбыраешь, а когда кушаешь — худое выбираешь
выброниться	1	выброситься, выбриться, ворониться, оборониться, бронироваться	билизе:senses[0].text:(по)теряться, утеряться; утрачиваться, утратиться; оброниться, выброниться (потеряв); пропадать, пропасть; исчезать, исчезнуть
выбронить	1	выронить, выбранить, выбросить, обронить, выбрить	билизабзе:senses[0].text:(по)терять, утерять; утрачивать, утратить; обронить, выбронить что-либо
выбрируют	1	вибрируют, выбривают	сородизе:senses[1].examples[0].ru:от сильного ветра оконные стёкла выбрируют
выбрировать	1	вибрировать, выбривать, выбраковать, вытатуировать, выгравировать	гьетӏаризе:senses[0].text:колебаться, выбрировать
вшиветь	1	вшивать, завшиветь, вшить	нацӏ:senses[0].examples[0].ru:(за)вшиветь
вша	1	шва, ваш, ша, ваша, вшам, вшах, вши, вше, вшу, Оша, Яша, в ша	нацӏ:senses[0].text:вошь, вша:
вхдохов	1	вдохов, выдохов, вздохов, доходов, входов	агьи:senses[0].examples[0].ru:без ахов и охов, без скорбных вхдохов
вугев	1	вуги	эмигрант:senses[0].comment:чияр улкаялда яшав гьабун вугев чи
второпьях	1	второпях, оторопь	хех:senses[3].text:наскоро, наспех, второпьях, торопливо, (по)спешно
втал	1	вал, тал, витал, встал, итал, врал, стал, впал, вжал, в тал, втаскал	гьункьизе:senses[0].examples[1].ru:втал и ушёл
втавить	1	втравить, вставить, ставить, вдавить, втащить, травить, давить, завить	розетка:senses[0].examples[0].ru:включить (втавить) в розетку
всхлипивая	1	всхлипывая, всхлипывавшая	щакърахине:senses[0].examples[2].ru:всхлипивая, рассказала сестра о своей горести
встиснуться	1	втиснуться, стиснуться, в стиснуться, притиснуться, встряхнуться, вскинуться, стиснутся	гьоркьоб:senses[0].examples[11].ru:встиснуться
вставаний	1	вставании, вставание, вставания, вставанию, расставаний, встававший, приставаний, вставший	бахъаризе:senses[0].examples[1].ru:выучи уроки без частых вставаний
вспыхывает	1	вспыхивает, вспарывает, всхрапывает, всплывает, всхлипывает	пирхизе:senses[0].examples[0].ru:молния вспыхывает
всполыхнуть	1	всколыхнуть, полыхнуть, вспыхнуть, вспорхнуть, вспухнуть	гваргъизе:senses[1].text:ярко гореть, пылать, полыхать, всполыхнуть
всплакать	1	выплакать, всплакнуть, плакаться, плакать, всплывать	гӏода-борчӏизе:senses[0].text:всплакать, всплакнуть
вспильчивость	1	вспыльчивость, прилипчивость	манзилкъокълъи:senses[1].text:вспильчивость, раздражительность
вспилчивый	1	вспыльчивый	ццин:senses[1].examples[15].ru:вспилчивый
всеуслишание	1	всеуслышание, вслушивание	рагӏизабизе:senses[0].text:громко говорить, говорить во всеуслишание
всестронне	1	всесторонне, всесторонние, всесторонний	тӏину-тӏала:senses[0].examples[1].ru:подробно, детально, тщательно, обстоятельно, всестронне, глубоко
всегдашный	1	всегдашний, всегдашней, вседневный	даимаб:senses[0].text:постоянный, вечный; всегдашный
всевышный	1	всевышний, всевышней, вседневный	тӏадегӏанаб:senses[1].examples[4].ru:всевышный, бог; господь
всевишный	1	всевышний, вишневый	тӏад:senses[0].examples[24].ru:всевишный Аллах знает, как я мучаюсь
всвесить	1	свесить, вывесить, взвесить, в свесить, весить, светить, сверить	кило:senses[0].examples[3].ru:всвесить килограммами
всамом	1	самом, в самом	хӏакъикъаталдаги:senses[0].examples[0].ru:и всамом деле было так
всавлять	1	вставлять, выставлять, сбавлять, ославлять, оставлять	кквезе:senses[13].text:всавлять, вставить что-либо во что-либо; покрывать, покрыть чем-либо
вредительница	1	учредительница, предводительница, ревнительница, предъявительница	зиянчӏужу:senses[0].text:вредительница
вразумительо	1	вразумительно, вразумительный, развратитель	бичӏчӏуледухъ:senses[0].text:понятно; толково, вразумительо
вразбрось	1	вразброс, враз брось, разброс	чӏинчӏилахъ:senses[0].text:вразбрось; в разные стороны
враждуйте	1	враждуете, враждующие	гъерлъезе:senses[0].examples[3].ru:живите мирно без дрязг; не враждуйте между собой
вощина	1	вонища, воина, вощила, лощина, военщина	хӏе:senses[0].text:воск, вощина
восьмисоттысячный	1	восьмисот тысячный, восьмитысячный, восьмимесячный, восьмитысячник	микьнусазарабилеб:senses[0].text:восьмисоттысячный
восьмидесятитысячный	1	восьми десятитысячный, восьмидесяти тысячный, восьмидесятикопеечный, восьмидесятиградусный, восьмидесятилетний	ункъоазарабилеб:senses[0].text:восьмидесятитысячный
восторжённо	1	восторженно, вооружённость, восторжен, насторожённо	гӏажаибго:senses[1].text:восторжённо
восторжение	1	восторжен, расторжение, исторжение, вторжение	гӏажаиблъизабизе:senses[1].text:приводить, привести кого-либо в восторг; вызывать, вызвать у кого-либо восторжение; очаровать, восхищать кого-либо
востмидесятые	1	восьмидесятые, восьмидесятый, восьмидесяти, семидесятые	ункъоабилеб:senses[0].examples[0].ru:востмидесятые годы прошлого века
вославление	1	во славление, прославление, славление, восславленные, восславленный	хӏамд:senses[0].text:похвала, хвала; вославление; прославление; слава
восково	1	восковое, восковой, восковом, восковою, восковка, овоскоп, войсковой, войско	бежилажо:senses[0].text:кукуруза восково-молочной спелости || кьванкьва:senses[0].text:вид птицы, пытающейся; кукурузой в восковой спелости || хӏедул:senses[1].text:восковой, вощаной, вощёный
ворожейский	1	воронежский	сихӏрудулаб:senses[0].text:магический, ворожейский
воробиный	1	воробьиный, пробивочный, обивочный	къадкил:senses[1].text:воробиный
волчец	1	волчиц	рахьдал:senses[1].examples[8].ru:волчец кудрявый; молочная колючка
волчеподобный	1	водородоподобный, белковоподобный, человекоподобный, новоподобный	бацӏмахӏаб:senses[0].text:волчеподобный, бесстрашный, смелый
волчеглазый	1	пучеглазый	бацӏил:senses[1].examples[3].ru:волчеглазый
волоподобный	1	смолоподобный, водородоподобный, новоподобный, слоноподобный	оцмахӏаб:senses[0].examples[0].ru:он человек тупой, он тугодум; волоподобный
волкоподобный	1	белковоподобный, водородоподобный, тыквоподобный, новоподобный	хъумур:senses[0].examples[0].ru:храбрый, смелый; волкоподобный, звереподобный
вокрук	1	вокруг, окручу	къалъ-къалъизе:senses[0].examples[1].ru:после дождя всё вокрук заблестело
войсковый	1	войсковой, войсковые, войсковым, войсковых, колосковый, сосковый, восковой, выводковый	поход:senses[0].examples[1].ru:войсковый поход
возобновлятться	1	возобновляться, возобновлять, возобновиться, обновляться	цӏилъизе:senses[1].text:возобновлятться, возобновиться
возмёшь	1	возьмёшь, вожмёшь	босизе:senses[1].examples[0].ru:что ты возмёшь с собой?
возлюбленнная	1	возлюбленная, возлюбленный, разлюбленная, излюбленная, самовлюбленная	гьудул:senses[1].text:возлюбленный и возлюбленнная; милый и милая; любимый и любимая
возлас	1	возглас, возлегла	ишу:senses[0].comment:возлас, которым отгоняют кур
возду	1	возу, воду, воздух, войду, возку, воздушный	аэроплан:senses[0].examples[0].ru:аэроплан поднялся в возду
возделивать	1	возделывать, воздерживать, возвеличивать, возделать, воздевать	ниха:senses[0].examples[1].ru:возделивать овёс
возгневить	1	воз гневить, гневить	аллагь:senses[1].examples[17].ru:возгневить Аллаха
возгневит	1	воз гневит, гневит	аллагь:senses[1].examples[18].ru:да возгневит Аллах на тебя
возглавление	1	возглавленные, возглавленный, обезглавление, возглашение	бетӏерлъи:senses[0].text:главенство; возглавление
возвращатья	1	возвращать, возвращаться, возвращать я, возвращая, развращаться, развращать, возвратить	лъадабе:senses[0].examples[3].ru:возвращатья оттуда, куда по воду ходила
возвеличаться	1	возвеличатся, возвеличиться, воз величаться, возвеличиваться, возвеличивать, возвеличится, величаться	тӏадегӏанлъизе:senses[0].text:возвышаться, возвыситься; возвеличаться, возвеличиться; становиться, стать возвышенным, великим
военуое	1	военное, военно, ненулевое, воен	рагъул:senses[1].examples[0].ru:военуое время
водородги	1	водород	углевод:senses[0].comment:углеродги, кислородги, водородги жубараб вещество
вов	1	во, рвов, вдов, швов, вое, вон, нов, вот, тов, вор, ров, сов, вой, вол, лов	агьа:senses[0].examples[0].ru:ага, и ты участвовал в этом деле? || аллагь:senses[1].examples[3].ru:да не наступит день, когда кто-либо забудет про существовании Аллаха || алхинчӏого:senses[1].text:не опаздывая, без опозданий; вовремя; не пропуская
внутренного	1	внутреннего, внутренностного, внутривенного, внутризеренного, внутризёренного	тӏатӏучед:senses[0].text:кружки внутренного жира
внемлите	1	внемли те, внемли	жугьа:senses[0].examples[2].ru:Мелодия-мотив не так уж важны, Словам песни внемлите же вы
внедалеке	1	невдалеке, недалекие, недалек, вдалеке	гӏага-шагарда:senses[0].examples[3].ru:если пойдёте по дороге, что внедалеке, вскоре дойдёте
влюбчивий	1	влюбчивой, влюбчивый, влюбчив, влюбивший	чалухъаб:senses[1].examples[0].ru:влюбчивий мужчина
влесу	1	весу, лесу, веслу, внесу, влету, плесу, влеку, влезу, влечу, в лесу	рохьоб:senses[0].examples[0].ru:заготовить влесу дрова
властелюбивый	1	властолюбивый, сластолюбивый, властолюбив, тенелюбивый	хӏакимлъи:senses[2].examples[0].ru:властелюбивый человек
влажнеть	1	повлажнеть	биччизе:senses[0].text:(на)мокнуть, промокнуть, вымокнуть; становиться мокрым; (от)сыреть, отсыревать, становиться сырым; делаться влажным, влажнеть, увлажняться, становиться влажным, пропитываться влагой
вкрутить	1	крутить, выкрутить, окрутить, скрутить, укрутить, в крутить	базе:senses[30].examples[44].ru:вкрутить лампочку
вкрасть	1	красть, выкрасть, украсть, в красть, страсть	хӏал:senses[3].examples[15].ru:завидовать, вкрасть в душу — о зависти
вклепать	1	клепать, склепать, в клепать, вклеивать, клевать	гӏерчел:senses[0].examples[0].ru:(за)клепать, вклепать
вищарав	1	кровища	сенатор:senses[0].comment:сенаталде вищарав чи
више	1	вше, вишен, вишне, ваше, вине, нише, тише, вике, выше, вишь, виде, вишу, шише, визе, вице	лъобеле:senses[0].comment:указат.; више говорящего
вихр	1	вихри, вихра, вихор, вихре, вихры, вихрь, вихря, вихрю	жен:senses[0].examples[8].ru:буря, вихр; ветер джиннов
вихорь	1	вихор, вихрь	лепека:senses[0].text:вихорь (волос на голове); чёлка
витьё	1	вить, литьё, питьё, вытьё, шитьё, битьё, житьё, витать	щущин:senses[2].text:витьё
витр	1	титр, литр, вить, митр, витрин	витру:senses[0].text:витр
височество	1	высочество, иночество, девичество, сотворчество, высочеств	бетӏерчӏахъаяв:senses[0].text:его (её) благородие, его (её) височество
вирепеть	1	свирепеть, перевидеть, перевирать, перепреть, перевить	балканахине:senses[0].text:приходить, прийти в ярость, бешенство, остервенение; доходить, дойти до остервенения, остервенеть; (рас)вирепеть, (о)звереть
винограной	1	виноградной, виноградиной, виноградинкой, виноградный, виноградин	гъабу:senses[0].examples[6].ru:установить таркалы для винограной лозы
виноградарский	1	виноградарство, кировоградский, дарвиновский, краснодарский	цӏолбохъанасулаб:senses[0].text:виноградарский
вииночерпий	1	виночерпий, почерпнувший	шербетчи:senses[0].text:вииночерпий
визыр	1	визы, визир	хан:senses[0].examples[13].ru:послушно; как визыр вблизи хана
виданье	1	свиданье, виденье, выданье, невидан	лъабгӏин:senses[0].examples[1].comment:называя каждый листик именем девушки на виданье, предлагают парню вырвать любой из них
взымает	1	вздымает, взимает, изымает, взывает, вымазывает	гӏел#2:senses[0].examples[0].ru:сельский исполнитель взымает штраф
взыгралась	1	взыграл ась, разыгралась, разыгрывалась, сыгралась, взыскалась	би#1:senses[0].examples[8].ru:кровь взыгралась (то есть ожидается кровопролитие); кровь чешется
взы	1	вы, визы, вазы, возы, вязы, вузы, азы, озы, узы, юзы, взыщи	гьус:senses[0].text:взы
взорвёшся	1	взорвёшься, взорвётся, взорвёмся, взорвавшийся	кьвагь-кьвагьизе:senses[0].examples[1].ru:да взорвёшся ты на куски
взмутится	1	возмутится, возмутиться, замутится, мутится	гьой:senses[0].examples[15].ru:от блевоты собаки река не взмутится
взмазнуть	1	взмахнуть, мазнуть, взметнуть	хьвагӏизе:senses[0].examples[0].ru:взмазнуть рукой
взгяд	1	взгляд, взвизг	шовинистияб:senses[0].examples[0].ru:шовинистический взгяд
взбыраться	1	взбираться, взбрасываться, взобраться, взбиваться, взрываться	бахине#1:senses[0].text:подниматься, подняться куда-либо; взбыраться, взобраться
взбудораживаться	1	взбудораживать, взбудоражиться, взбудоражившийся, взбудораживая	хелдезе:senses[1].text:волноваться, быть возбуждённым; взбудораживаться
взаимопонимающие	1	взаимопонимание, взаимопроникающие, взаимонепонимание, взаимопроникающий	ракӏбащалъи:senses[0].examples[0].ru:доброжелательные, взаимопонимающие друзья
взаимоотношениие	1	взаимоотношении, взаимоотношение, взаимообогащение	гьоркьобакӏ:senses[0].text:отношение и отношения, взаимоотношениие; середина
вечерные	1	вечерне, веерные, верченые, вечерние, вечернее, ведерные, верньерные, пречерные, вечерня, верченные	сеанс:senses[0].examples[3].ru:вечерные сеансы
вечерную	1	вечерню, веерную, верченую, вечернею, ведерную, вечернюю, пречерную, вечереющую, вернувшую, ввернутую	маркӏачӏулъ:senses[0].text:в сумерках, в вечерную пору
вечерная	1	вечерня, веерная, верченая, вечерняя, ведерная, верньерная, пречерная, вечерявшая, вентерная	смена:senses[0].examples[0].ru:вечерная смена
ветренница	1	ветреница, ветрениц, ветреника, вереница, бритвенница	тӏегь:senses[0].examples[21].ru:ветренница
ветренная	1	ветреная, наветренная, выветренная, заветренная, обветренная	гьорол:senses[2].examples[2].ru:вертопрах; ветреник, легкомысленный человек; ветренная лошадка; врун, лгун, лжец
весннней	1	весенней, весенне	цӏира:senses[0].text:шерсть весннней стрижки; шерсть-линька
верховодство	1	верховенство, звероводство, ореховодство, верхоглядство	бугъалъи:senses[0].text:господство (одного влиятельного человека в ауле); верховодство
вертолётал	1	вертолёта, вертолётам, вертолётах, вертолёт	авиазавод:senses[0].comment:самолётал ва вертолётал гьарулеб завод
верстов	1	верстой, перстов, версток, верстою, верстовой, верстаков, верст, старовер	парсахъ:senses[0].text:фарсах, семь верстов
верооступничество	1	вероотступничество, богоотступничество, правозаступничество, отступничество, заступничество	гӏасилъи:senses[2].text:верооступничество, богохульство; ослушание верующего, отступничество от веры
верооступником	1	вероотступником, вероотступник, вероотступницам, вероотступничеством, вероотступниц	гӏаси:senses[3].examples[3].ru:умереть неправедной смертью; испустить душу немусульманином, верооступником; наложить на себя руку
вероисповедование	1	вероисповедание, исповедование, вероисповедные, ветроиспользование	дин:senses[0].text:вера, религия, вероисповедование
венграл	1	венгра, венграм, венграх, венгр	финно-угорал:senses[0].comment:финнал, венграл, эстониял, удмуртал ва гь. ц.
вейник	1	веник, вей ник, вербейник	мурцӏи:senses[0].text:вейник
везучесть	1	вез учесть, везу честь, везуч есть, ползучесть	насиб:senses[0].examples[1].ru:везучесть, удачливость; счастье
ведренным	1	веденным, внедренным, бедренным, безведренным, вверенным, доверенным, выверенным	роцӏине:senses[0].text:становиться ясным, ведренным.; прояснеть, проясниться
ведренный	1	веденный, внедренный, бедренный, безведренный, вверенный, доверенный, выверенный	роцӏараб:senses[0].text:ясный, ведренный.; погожий
ведренно	1	внедрено, безведренно, доверенно, уверенно, доверено	роцӏадго:senses[0].text:ясно, ведренно.
вевера	1	веера, вивера, севера, вебера, вечера, вера, верньера	север:senses[0].examples[6].ru:с вевера на юг
вдёжка	1	вдёржка, одёжка	сасу:senses[0].text:крупная игла, цыганская игла; вдёжка
вдоветь	1	овдоветь, довлеть, вдеть	къороллъизе:senses[0].text:(о)вдоветь, остаться вдовцом или вдовой
вдовела	1	довела, овдовела, в довела, вдов ела, довезла, вделала	къороллъи:senses[1].examples[4].ru:она три года вдовела
вдобовок	1	вдобавок, добавок	тӏадеги:senses[0].text:ещё, к тому же, вдобовок
вводн	1	ввод, вводи, ввода, вводе, вводы, вводя, вводу, водник	къокъаб:senses[0].examples[2].ru:вводн. слово короче говоря, одним словом
вахабисты	1	ваххабиты, ухабисты	вагьабиял:senses[0].text:вахабисты
вахабистского	1	ваххабитского, буквалистского	вагьабияв:senses[0].text:вахабист, сторонник вахабистского толка в исламе
вахабистский	1	ваххабитский	вагьабиязул:senses[1].text:вахабистский
вахабисткий	1	ваххабитский	вагьабиязулаб:senses[0].text:вахабисткий
вахабистка	1	ваххабитский	вагьабияй:senses[0].text:вахабистка
вахабист	1	ваххабитов	вагьабияв:senses[0].text:вахабист, сторонник вахабистского толка в исламе
валуни	1	валину, валун, валуи, валуна, валуне, валуны, валуну, валу ни, валун и	гамачӏ:senses[0].examples[28].ru:валуни, похожие на лежащих буйволов
валитьсяя	1	валиться, валиться я, вваливаться, сваливаться, вываливаться, взваливаться	щапизе:senses[0].examples[2].ru:(по)валитьсяя, свалиться
валерянка	1	валерьянка, валенка, кавалера, кавалер	катихер:senses[0].text:валериана лекарственная, валерянка
вакуфный	1	вакуумный	вакъпуялул:senses[1].text:вакуфный
важничание	1	важничанье, важничавшие, важничающие, нежничание, вываживание	чӏухӏдари:senses[1].text:важничание, чванство
вав	1	впав, звав, вжав, ван, вар, вас, вал, лав, пав, вам, дав, ваш, ваз, зав, ваг	вав:senses[0].text:вав
бытро	1	быстро, быт ро	хех:senses[0].examples[10].ru:молниеносно, бытро как молния
бытовый	1	битовый, бытовой, ботовый, бытовые, бытовым, бутовый, бытовых, байтовый	рукӏа-рахъиналъул:senses[1].text:бытовый
быстрына	1	быстрина, быстры на, быстра	зутӏараб:senses[1].examples[1].ru:быстрына реки
бухари	1	бухарки, сухари, бухали, бухарка	бухари#1:senses[2].text:бухари
бухание	1	буханий, буханке, буханье, набухание, взбухание, разбухание	думдуми:senses[0].text:громкий звук, бухание
бутенем	1	бутене, бутенам, бутеном, бутен ем, бутен, теменем	къвали:senses[0].examples[2].ru:мы пошли за бутенем
бурогривый	1	черногривый	жал#1:senses[0].examples[2].ru:волк с бурой гривой; бурогривый волк
бумашка	1	букашка, бумажка, бумажечка	гъурщил:senses[1].examples[0].ru:сторублёвая бумашка
буковица	1	буквица, луковица, буковка	тӏегь:senses[0].examples[25].ru:буковица
будунство	1	буянство	будунлъи:senses[0].text:должность будуна, будунство
будеть	1	будьте, будет, бдеть, будить, будете, буреть, дудеть, будешь, зудеть, гудеть, худеть	битӏизе:senses[1].examples[2].ru:счастливого пути!; пусть дорога будеть вам гладкой!
бугрыстый	1	бугристый, бугорчатый	гоноцӏ:senses[0].examples[1].ru:бугрыстый, весь в буграх
бугониги	1	угони	секта:senses[0].comment:цо кинаб бугониги динияб мазгьаб
бугел	1	бугели, бугеле, бугель, бугеля, бугелю, бурел, белуг	пантеон:senses[0].text:пантеон (1. хӏурмат бугел машгьурал гӏадамал рукъарал хабзал
бугезе	1	бугеле	ортопедиялъул:senses[1].examples[0].comment:масала, хӏатӏазе сакъат бугезе хьитал гьарулеб
бугев	1	буев, бугаев, булев, бугель	фермер:senses[0].comment:жиндирго ферма бугев чи
бугаеподобный	1	бугае подобный, преподобный	бугъамахӏав:senses[0].text:верховодящий; бугаеподобный
брючины	1	бирючины, брюшины, брючный	чӏедер:senses[0].examples[1].ru:сузить брючины
брючину	1	бирючину, брюшину, брючнику	чӏам-чӏамизе:senses[0].examples[0].ru:телёнок [зубами] порвал его брючину
брюзжай	1	брюзжа, брюзжат, брюзжал	нунудизе:senses[1].examples[0].ru:не брюзжай при мне!
брошеная	1	брошена, брошенная, прошеная, крошеная, брошена я, орошенная, брошюрная, крошенная, прошенная	рехунтезе:senses[0].examples[5].ru:брошеная [мужем] жена
бровы	1	боровы, брови, бравы, бровь, броды, дубровы	керчаб:senses[1].examples[1].ru:косматые бровы
бракосочетаться	1	бракосочетавшийся, бракосочетания, бракосочетание	лахӏмагьари:senses[0].examples[0].ru:тайно бракосочетаться
ботиши	1	ботики	ботӏиш:senses[0].examples[0].ru:согратлинские ботиши
ботиш	1	ботик	ботӏиш:senses[0].text:ботиш (вид национального блюда); чуду
босизелъул	1		топография:senses[1].text:планалде ва картаялде босизелъул ракьул тӏасияб рахъ борциналъул гӏелму 2. бакӏалъул бугеб хӏалалъул план ва карта гьаби
босарав	1	разбросав	кавалер:senses[0].comment:орден босарав чи
борятся	1	боятся, бодрятся, борется, морятся, бурятся, борются, бороться	речӏчӏанхъизе:senses[0].examples[1].ru:учащиеся борятся
борьцы	1	борцы, борьбы	гугарухъан:senses[0].examples[1].ru:дагестанские борьцы прославились на весь мир
борциналъул	1	бортжурнал	топография:senses[1].text:планалде ва картаялде босизелъул ракьул тӏасияб рахъ борциналъул гӏелму 2. бакӏалъул бугеб хӏалалъул план ва карта гьаби
бомбаби	1	бомбами, бомба, бомби	бомбардировщик:senses[0].comment:бомбаби рехулеб самолёт
большевисткий	1	большевистский, большевицкий	большевик:senses[1].text:большевисткий
больтовня	1	болтовня, вольтов	гьобо:senses[0].examples[17].ru:больтовня, непроверенные слухи
больними	1	больными, дольними, большими, боль ними, больницами, больничными, больниц	гьуэр:senses[0].examples[1].ru:человек с больними лёгкими; туберкулёзник, чахоточник
болоновый	1	поролоновый, бостоновый, нейлоновый, слоновый	плащ:senses[0].examples[0].ru:болоновый плащ
болмаце	1	болонцем	болмацӏ:senses[0].examples[0].ru:говорит на болмаце
болмац	1	боцман	болмацӏ:senses[0].text:болмац
болезненый	1	болезненный, болезный, болезнетворный, болезнен, обезболенный	гӏузру:senses[1].examples[4].ru:болезненый человек
богохулом	1	богохульном, богомолом	сундухъ:senses[0].examples[0].ru:тот, кто скажет: “За что?”, в неверного превратится, а тот, кто скажет: “Откуда?”, богохулом станет
богатсва	1	богатства, богатств	рахазе:senses[1].examples[3].ru:закрытый сундук и молчаливый рот — оба два богатсва
богаство	1	богатство, богачество, богатырство, богатств	бече:senses[1].examples[1].ru:богаство превращает человека в простофилю
блицнецы	1	близнецы, небылицы	игизал:senses[0].text:блицнецы, двойняшки.
близи	1	близ, вблизи, близки, слизи, блики, близ и	кӏалалъбакӏ:senses[0].comment:часть горской сакли близи очага, где женщина готовит еду и держит посуду и другую утварь
ближный	1	ближний, ближней, блинный, блиндажный	гӏагардасеб:senses[0].text:близкий, ближный
блестнуть	1	блеснуть, хлестнуть, блестеть, блекнуть	паркъизе:senses[0].text:(за)блестеть, блестнуть; (за)сверкать, сверкнуть; (за)сиять; (за)мелькать, мелькнуть; (за)мерцать
блам	1	лбам, лам, балам, блат, брам, ялам, шлам, благ, блюм, юлам, хлам	хъул-хъалам:senses[0].text:хлам-блам || чункъи:senses[1].text:обламывание края чего-либо || чункъизабизе:senses[0].text:обламывать, обломать, обломить; отбивать, отбить край чего-либо
блаженые	1	блажные, блаженные, глаженые, блаженный, блажен, налаженные, глаженные	алжан:senses[0].examples[4].ru:праведники, блаженые
благорассудится	1	благо рассудится, заблагорассудится, заблагорассудиться, облагоразумится, облагородится	бокьараб:senses[2].examples[6].ru:любой может сделать то, что ему благорассудится
бищун	1	унаби	патриарх:senses[1].text:христиан диналъул бищун тӏадегӏанаб даражаялъул рухӏанияв хӏаким
бихьулеб	1	бесхлебица	планшет:senses[1].text:жанисан канлъи бихьулеб тӏалъелги бугеб, жаниб карта лъолеб сумка
бихьизабулеб	1	забулькавший	планетарий:senses[0].text:планетарий (1. планетазул хьвади бихьизабулеб прибор
бихьизабизе	1	бихевиоризме	планетарий:senses[1].text:планетал хьвадулеб куц бихьизабизе бараб хасаб мина
бисмилу	1	бисмутиту	бисмила:senses[1].examples[1].ru:“бисмилу” старший произносит, к трапезе младший приступает
бисмила	1	бис мила, бисмутита	бисмила:senses[1].examples[0].ru:начинать, приступать к чему-либо; произнести “бисмила”
бешмету	1	бомбомету	гъанцӏакӏичӏ:senses[0].examples[0].ru:пришить крючок к бешмету
бесхвостное	1	бесхвостое, бесхитростное, бесхвостые, бесхвостый, бескостное	хъанда:senses[0].text:бесхвостное животное
бестыжим	1	бесстыжим, бесстыжий, бесстыж	гьумер:senses[5].examples[14].ru:бесстыжый, бессовестный, с бестыжим лицом; с лицом без кожи
бестыжий	1	бесстыжий, бесстыж, бестий	къед:senses[0].examples[10].ru:бестыжий; у стены нет стыда, и у него нет
бестыдница	1	бесстыдница, бесстыдниц, бесстыдника, бесстыдник	бодасур:senses[0].text:срамник и срамница; бестыдник и бестыдница
бестыдник	1	бесстыдник, бесстыдниц	бодасур:senses[0].text:срамник и срамница; бестыдник и бестыдница
бестрашный	1	бесстрашный, нестрашный, бестраншейный, бесстрастный, страшный, бесшабашный	нахъекъай:senses[2].examples[1].ru:бестрашный, неустрашимый, геройский, храбрый, отважный
бесстыжый	1	бесстыжий, бесстыжей, бесстыж, бесстыдный	гьумер:senses[5].examples[14].ru:бесстыжый, бессовестный, с бестыжим лицом; с лицом без кожи
бесссовестный	1	бессовестный, бессовестность, бессловесный, добросовестный, бессословный	кӏаркьен:senses[0].examples[2].ru:какие же упитанные щёки твои, осёл ты бесссовестный!
бесссильным	1	бессильным, бессильный, бесфамильным, обессиленным, месильным	рухӏдакълъизе:senses[0].text:ослабеть; становиться, стать слабым, бесссильным, немощным
бессознании	1	бес сознании, осознании, сознании	лъай:senses[3].examples[2].ru:да окажешься ты в бессознании!
бессловно	1	бесславно, бес словно, бессословно, бессловесно, бессословный, безусловно	калам#1:senses[2].examples[3].ru:беспрекословно, бессловно
бессилным	1	бессильным, обессиленным	гӏажизлъизе:senses[0].text:(о)слабеть, ослабевать; (с)делаться нетрудоспособным, бессилным; становиться, стать слабым; (по)терять силу
беспрестаннный	1	беспрестанный, беспрестанен, непрестанный, беспрепятственный, беспременный	гьоркьоб:senses[0].examples[20].ru:беспрерывный, постоянный, беспрестаннный; неустанный
беспредельничай	1	беспредельный, побездельничай, бездельничай	гуреблъидал:senses[0].examples[1].ru:поскольку это место не принадлежит твоим родителям, не беспредельничай
беспредельничает	1	пробездельничает, беспредельность, побездельничает, бездельничает	тӏасанборчӏизе:senses[0].examples[0].ru:последнее время он беспредельничает
беспределничать	1	беспредельность, беспризорничать, пробездельничать	некь#1:senses[0].examples[4].ru:беспределничать
беспределе	1	беспределен, бес пределе, беспредельные	палахин:senses[0].examples[1].ru:быть в беспределе
беспорно	1	бесспорно, беспородно, беспорочно, беспризорно, бесспорный	дагӏба:senses[2].examples[6].ru:беспорно
беспокоющийся	1	беспокоящийся, беспокоившийся, беспокоящий, беспокойся, покоряющийся	кӏвар:senses[0].examples[1].ru:беззаботный, безалаберный, не беспокоющийся ни о ком, ни о чём
бесперывно	1	беспрерывно, беспрерывный	кидаго:senses[0].text:всегда, постоянно, бесперывно, всё время, в любое время, когда бы то ни было
бесотановочно	1	безостановочно, безостановочный	чӏечӏого:senses[1].text:бесотановочно, беспрерывно; без простоев
беследно	1	бесследно, бесследный	бухӏаризе:senses[0].examples[2].ru:отец горевал, думая о беследно исчезнувшем сыне
бескрайный	1	бескрайний, бескрайней, бескрасочный, бескровный, бескаркасный	рагӏа-ракьан:senses[0].examples[0].ru:безбрежный, бескрайный, обширный
бескопой	1	беспокой, бесовской, скопческой	маххрекӏинабизе:senses[0].examples[1].ru:не бескопой шумом больную мать
бесзхозную	1	бесхозную, бесхозяйную, бессоюзную	бетӏергьан:senses[0].examples[9].ru:бесзхозную скотину волк зарежет
береговушка	1	берегов ушка, береговой	кьугӏичӏро:senses[0].text:ласточка-береговушка
беразул	1	разубедил	окулист:senses[0].comment:беразул тохтир
бепрерывно	1	беспрерывно, непрерывно, прерывно	гьоркьоб:senses[0].examples[21].ru:бепрерывно, постоянно, беспрестанно, всё время; неустанно
белу	1	бел, белку, белуг, белую, белух, бели, бела, балу, бело, бету, телу, беру, бесу, селу, беку	свердизе:senses[2].examples[0].ru:он много странствовал по белу свету
белильщик	1	кабельщик, мебельщик, отбельщик, табельщик	вохьарухъан:senses[0].text:белильщик, штукатурщик-маляр
белетристика	1	беллетристика, беллетриста, беллетрист	беллетристика:senses[0].text:белетристика
белве	1	белое, белее, белке, белые, белье	хъахӏаб:senses[0].examples[17].ru:белве ночи
бекство	1	бегство, бешенство	беглъи:senses[0].text:бекство
безурожайный	1	без урожайный, неурожайный, урожайный	ражипорокъаб:senses[0].text:малоурожайный, безурожайный — о чесноке
безумолку	1	без умолку, безумолчный	бассаризабизе:senses[1].text:говорить безумолку; чесать, шпарить
безукорезненный	1	безукоризненный, безукоризнен, безболезненный, укоризненный, безбоязненный	абизе:senses[0].examples[15].ru:совершенный, безукорезненный, безупречный
безтворожный	1	без творожный, бездорожный, творожный	нисдакъаб:senses[0].text:безтворожный; малотворожный
безрежимность	1	старорежимность, безбрежность	низамгьечӏолъи:senses[0].text:беспорядок, беспорядочность, безрежимность
безпощадно	1	беспощадно	гурхӏел:senses[0].examples[4].ru:безжалостно, безпощадно, жестоко; без всякого сострадания, сочувствия
безпорядочно	1	беспорядочно, без порядочно, добропорядочно, непорядочно, порядочно, порядочнее	гӏаркьа-кӏичӏизе:senses[0].text:быть, стать ветвистым, разветлённым (во всех направлениях и безпорядочно); куститься
безпечный	1	беспечный, безупречный	агъазгьечӏеб:senses[0].examples[2].ru:безпечный [своё] тело губит, а обжора семью губит
безответсвенность	1	безответственность, безответственный, безответственен, ответственность, безответность	кӏваргьечӏолъи:senses[0].text:безответсвенность, безалаберность, халатность
безнавозный	1	без навозный, безнаборный, безнапорный, навозный, безвозбранный	ракукъаб:senses[0].text:истощенный; безнавозный — о почве
безкеросинный	1	керосиновый	нартикъаб:senses[0].text:безкеросинный
бездрожжевого	1	без дрожжевого, дрожжевого, бездорожного	могьоргояб:senses[0].examples[0].ru:пресный хлеб, хлеб из бездрожжевого теста
безделник	1	бездельник, бездельниц	къватӏул:senses[2].examples[0].ru:бродяга; безделник, лодырь; уличный пёс
безделии	1	безделки, безделиц, изделии	къо:senses[0].examples[9].comment:в безделии
безделие	1	безделице, безделке, безделье, безделиц, изделие	гьарзалъи:senses[1].examples[0].ru:мать изобилия — труд, мать нищеты — безделие
бездейтствуешь	1	бездействуешь, воздействуешь, безумствуешь	кьижизе:senses[1].examples[0].ru:от того, что лежишь, не поправишься, и от того, что бездейтствуешь, не разбогатеешь
безглавие	1	безглавое, безгласие, безглавые, обезглавите, обезглавившие, возглавие, заглавие	ботӏрокълъи:senses[0].text:полуумие; безглавие
безволосье	1	безволосое, безволосые, безволосый	расукълъи:senses[0].text:безволосье, лысина, плешь
безвлажный	1	без влажный, безвластный, безвылазный	рагьликъаб:senses[0].text:содержащий мало влаги, безвлажный
безвлажная	1	без влажная, безвластная, безвылазная	рагьликъаб:senses[0].examples[0].ru:безвлажная почва
безаппетитный	1	без аппетитный, неаппетитный, аппетитный, беззапретный, беззащитный	кваникъаб:senses[0].text:безаппетитный, малокушающий
безаппетитно	1	без аппетитно, неаппетитно, аппетитно	кваникъго:senses[0].text:безаппетитно
безавторитетный	1	без авторитетный, авторитетный	инжитаб:senses[3].text:безавторитетный, не имеющий авторитета
бежулев	1	булев	пекарь:senses[0].comment:чед бежулев чи
беессодержательный	1	бессодержательный, бессодержательность, малосодержательный, содержательный, содержательность	магӏникъаб:senses[2].text:пустой, беессодержательный
бедновато	1	бедноватое, бедноватой, бледновато, бедноватом, бедноватою, бесновато, бедноватый, бледноват, бесноват	хъаликъ:senses[1].text:бедно, бедновато
баччизе	1	базарчике	парк#2:senses[0].text:парк (1. аскаралъе техникияб материал кьолеб, добе-гьанибе баччизе санагӏат рекъезабураб склад
бахъи	1	бахчи	проекция:senses[0].text:проекция (1. геометрияб кӏагӏидаялъ сурат бахъи
бахваляться	1	бахвалятся, бахвалиться, бах валяться, выхваляться, восхваляться, похваляться, бахвалится	чӏухӏдаризе:senses[0].text:держаться высокомерно, надменно; зазнаваться, заноситься; важничать, кичиться; возгордиться; бахваляться; задирать нос; превозноситься
бахбако	1	баковый	бахӏбакӏо:senses[0].text:бахбако
барсуковатый	1	бар суковатый, барсуковый, брусковатый, суковатый, сучковатый	пурсукъмахӏав:senses[0].text:барсуковатый
бардавина	1	барда вина, габардина	бахьинхьоп:senses[0].text:бардавина
барантик	1	баранчик, бар антик, баран тик, барабанчик, барабанщик, бантик, антиквар	барантик:senses[0].text:барантик
бараги	1	браги, бараки, барыги, барами	барагъи:senses[0].text:бараги
барабанив	1	барабанов, барабанит, барабанил, барабаним, барабан ив, барабанивший, забарабанив, побарабанив, отбарабанив	тӏинкъизе:senses[1].examples[0].comment:барабанив пальцами
бантизим	1	бандитизм	хъачагълъи:senses[0].text:разбой, грабёж, бантизим; воровство
банкирство	1	банкротство	банкирлъи:senses[0].text:банкирство; работа банкира
балхарец	1	балеарец, балкарец, бухарец	щегӏ:senses[0].examples[0].ru:балхарец приехал продавать гончарные изделия
бакринца	1	бакинца, барабинца	бакине:senses[0].examples[1].ru:отлупить как сидорову козу; отлупить как бакринца
байрам	1	барам, байтам, сайрам, байкам, кайрам, баграм, бай рам, бамбара	кӏалбиччанкъо:senses[0].text:день разговения; ураза-байрам || кӏалбиччанкъоялъ:senses[0].text:в день разговения, в день уразы-байрама || кӏалбиччанкъоялъ:senses[0].examples[0].ru:в день уразы-байрама подобает посещать стариков
базалитовая	1	базальтовая, бакелитовая, базиликовая, баббитовая, баритовая	чаранкьуру:senses[0].text:базалитовая скала
базалай	1	база лай, балалайка	базалай:senses[0].text:базалай
ахира	1	аира, рахита, рахит	бокьизе:senses[2].examples[3].ru:Зухра полюбила Тахира || дунявияб:senses[0].examples[1].comment:коранический термин «ад-дунья» (ближний, земной мир); противоположность — «последняя жизнь» (о загробной жизни, «аль-ахира»)
аха	1	ах, ха, саха, ахай, ахал, паха, ахая, ахам, маха, шаха, ахаю, ахах, ахи, ара, аса	ва#3:senses[0].examples[1].ru:ни аха ни оха
афгъанал	1	афганка	афгъаназул:senses[0].text:от афгъанал
аульчанин	1	нальчанин, ельчанин, уличанин	гьабали:senses[0].examples[1].ru:этот-то наш аульчанин
атчи	1	матчи, арчи, датчик	автоматчи:senses[0].text:автоматчик || автоматчи:senses[0].examples[0].ru:отряд автоматчиков || взвод:senses[0].examples[0].ru:взвод автоматчиков
астрономка	1	астронома, астроном ка, астроном, ономастика, постромка	астроном:senses[0].text:астроном и астрономка
аскаралъе	1	маскараде	парк#2:senses[0].text:парк (1. аскаралъе техникияб материал кьолеб, добе-гьанибе баччизе санагӏат рекъезабураб склад
асияб	1	пассия	топография:senses[1].text:планалде ва картаялде босизелъул ракьул тӏасияб рахъ борциналъул гӏелму 2. бакӏалъул бугеб хӏалалъул план ва карта гьаби
асаразул	1	аса разул, разул	соната:senses[0].comment:музикалиял асаразул цо тайпа
арцул	1	ларцу, артикул	фунт:senses[0].examples[1].comment:Англиялъул гӏарцул цӏар
архит	1	рахит, орхит, архив, ар хит, архитрав	обелиск:senses[0].comment:архит.; памятник
артезиан	1	картезианец	артезиан:senses[0].text:артезиан
аробщица	1	рощица	гьокочӏужу:senses[0].text:аробщица, возница-женщина
аробная	1	аэробная, пробная, дробная, арочная, надгробная, народная	гьакинух:senses[0].text:проезжая дорога; аробная дорога
арикъатчи	1	аппаратчик	тӏарикъатчилъи:senses[0].text:от тӏарикъатчи
арендаторство	1	арендатор, сенаторство, реставраторство, редакторство	ижарачилъи:senses[0].text:арендаторство
аремя	1	тремя, время, бремя, гремя	доб:senses[2].examples[5].ru:тогда, в то аремя
аргъан	1	сарган	аккордеон:senses[0].comment:аргъан
аргамаком	1	ар гамаком, гамаком, гайдамаком, комариком, комаром	аргъумахъ:senses[0].examples[1].ru:он гордится своим аргамаком
аракъидул	1	каракуля	габур:senses[0].examples[30].comment:'гӏаракъидул шиша' бутылка водки
аптекарём	1	аптекарем, аптекарям, аптекаршам, аптекам	аптекарьлъи:senses[0].examples[0].ru:работать аптекарём
аптекарьша	1	аптекарша, аптекарь ша, аптекарь, аптекарш	аптекарь:senses[0].text:аптекарь и аптекарьша
аппретита	1	аппетита, аппрета, аппрет, аппетит, запрета	къасд:senses[2].examples[0].ru:у меня нет аппретита
апплодировать	1	аплодировать, дипломировать, пародировать, продирижировать, аплодирование	кьабизе:senses[4].examples[1].ru:апплодировать
апплодировали	1	аплодировали, аплодировании, аплодирование, аплодировавший, аплодировать	кьабизе:senses[4].examples[2].ru:все апплодировали певице
апиапочта	1	авиапочта, аэропочта	авиапочта:senses[0].text:апиапочта
антр	1	натр, нарт, рант, астр, антракт	гунзари:senses[0].examples[2].ru:антр долихоцефал
антирелигизный	1	антирелигиозный, безрелигиозный	дин:senses[0].examples[7].ru:антирелигизный
анк	1	ан, танк, панк, банк, ан к	азербайжанай:senses[0].text:азербайджанка || албанияй:senses[0].text:албанка || американай:senses[0].text:американка
анияв	1	мания	патриарх:senses[1].text:христиан диналъул бищун тӏадегӏанаб даражаялъул рухӏанияв хӏаким
андийская	1	индийская, угандийская, руандийская, асканийская, андижанская	буртина:senses[1].examples[1].ru:андийская бурка
андарха	1	хандра	гӏандархьа:senses[0].text:андарха
аналочичный	1	аналогичный, аналитичный, навалочный, алогичный, аналойный	гьединабго:senses[0].text:такой же (как упомянутый раньше), аналочичный
аналочично	1	аналогично, аналитично, алогично	гьединабго:senses[0].examples[0].ru:аналочично
анаб	1	наб, анат, араб, а наб, банан	патриарх:senses[1].text:христиан диналъул бищун тӏадегӏанаб даражаялъул рухӏанияв хӏаким || ханабат:senses[0].comment:привозившаяся, видимо, из города Ханабад
амурничание	1	амурничавшие, амурничающие, амурничать, манерничание	бала-гъалагьи:senses[1].text:увлечение кем-либо, любовные отношения; амурничание
аминтазу	1	амин тазу, аминазину	аминтаза:senses[0].examples[0].ru:петь аминтазу
аминтаза	1	амин таза, аминазин, амианта	аминтаза:senses[0].text:аминтаза
амахвад	1	адамова	амахваяб:senses[0].comment:в том же значение, что амахвад
аманатство	1	магнатство, атаманство, шаманство	кьовидлъи:senses[1].text:заложничество, аманатство
аманате	1	манганате, амаранте, атамане, адаманте	аманат:senses[1].examples[1].ru:нарушение условий договора об аманате; нарушение доверия, вероломство
аманатах	1	атаманах, манганатах, манатках, амарантах	кьовидлъизе:senses[0].text:быть в заложниках, оказаться в аманатах
аманата	1	атамана, манганата, атаман, адамантана	аманат:senses[1].examples[0].ru:сын Шамиля находился у царя в качестве аманата
аманат	1	атаман, манганат, анат, маман	аманат:senses[1].text:аманат
алычевый	1	алычовый, матчевый	алчаялъул:senses[1].text:алычевый
алъул	1	алатау	параллель:senses[1].text:дуниялалъул шаралда экваторалда бащадаб манзилалъул мухъ || парк#2:senses[1].text:транспорталъул состав чӏолеб ва къачӏалеб бакӏ || патриарх:senses[0].text:патриарх (1. тухум-кьибилалъул бетӏер
алъелги	1	аллергии	планшет:senses[1].text:жанисан канлъи бихьулеб тӏалъелги бугеб, жаниб карта лъолеб сумка
алул	1	аул, алел, акул, алую, АЛУ	пансион:senses[0].text:пансион (1. квана-гьекъейги бугеб гьоркьохъеб цӏалул идара 2. общежитие
аллагьзаби	1	заблагоухать	пантеон:senses[2].text:аллагьзаби
аллагьзабазе	1	забалансовые	пантеон:senses[1].text:некӏсиял греказул ва румазул киналго аллагьзабазе бараб храм
алимент	1	алименты, али мент, алиментов, алиментщиц, алиментщик, алиментный	алимент:senses[0].text:алимент
алейкум	1	аллейкам	вагӏалайкумсалам:senses[0].text:ва алейкум салам; здравствуй (ответное приветствие на
алеб	1	Халеб, бале, алел, алея, амеб, алею, хлеб, Глеб, алебард	алебастр:senses[0].text:алебастр || алебастралъул:senses[1].text:алебастровый || мадихӏ:senses[0].text:хвалебное стихотворение, ода
алда	1	лада, ада, балда, фалда, дала, айда, алча, алданец	гьецӏокъ:senses[0].text:кувалда || панно:senses[0].text:панно (1. ригьзабазул тӏадехунисеб гьумераб рахъалда рекӏинабураб сурат || параллель:senses[1].text:дуниялалъул шаралда экваторалда бащадаб манзилалъул мухъ
алалъул	1	алатау	топография:senses[1].text:планалде ва картаялде босизелъул ракьул тӏасияб рахъ борциналъул гӏелму 2. бакӏалъул бугеб хӏалалъул план ва карта гьаби
акклиматизировать	1	акклиматизироваться, акклиматизирование, акклиматизированный, акклиматизировавшийся	ругьунлъизабизе:senses[2].text:приспосабливать, приучать, акклиматизировать, адаптировать
аким	1	Аким, аки, таким, каким, маки, эким, Яким	бакӏа-бахаризе:senses[2].examples[0].ru:он стал таким тучным, что не может держать свое тело в подтянутом состоянии || гванчаб:senses[0].examples[1].ru:он был каким-то неуклюжим, не похожим на молодого человека || гъосок:senses[0].examples[0].ru:даже разговаривать не желаю с таким грязнулей, как ты
айш	1	ай	бищун:senses[0].text:самый, наи-, -айш-, -ейш- || бищун:senses[0].examples[3].ru:высочайший || дунявияб:senses[0].examples[1].ru:ближайшая жизнь
айсоры	1	асессоры	айсорал:senses[0].text:айсоры
айсорка	1	касторка	айсорай:senses[0].text:айсорка
айсор	1	ай сор, асессор	айсорав:senses[0].text:айсор
айн	1	ай, ан, тайн, Майн	гӏайн:senses[0].text:айн
азыки	1	зыки, арыки, языки, а зыки	алтаязул:senses[1].examples[0].ru:алтайские азыки
азербайджански	1	азербайджанки, азербайджанские, азербайджанский, азербайджанским, азербайджанских, азербайджанка, азербайджанец, азербайджанцем, азербайджанцев	азербайжан:senses[0].text:азербайджанский || азербайжан:senses[0].examples[0].ru:азербайджанский язык || азербайжаназул:senses[1].text:азербайджанский
азан	1	аза, сазан, казан, мазан, фазан, азам, азах, аз ан	кӏицӏул:senses[0].examples[1].ru:для глухого два раза не кричат азан
аждаху	1	наждаку	чӏвазе:senses[0].examples[0].ru:убить аждаху
администию	1	администрацию, амнистию	амнистия:senses[0].examples[1].ru:попасть под администию, освободиться по амнистии
адиты	1	адиабаты	гӏадилал:senses[0].text:адиты
аджама	1	аджарцем	гӏажам:senses[0].examples[2].ru:буквы аджама
аджам	1	раджам, аджаркам	гӏажам:senses[0].text:аджам
адехунисеб	1	брехуний	панно:senses[0].text:панно (1. ригьзабазул тӏадехунисеб гьумераб рахъалда рекӏинабураб сурат
адег	1	аде, гаде	патриарх:senses[1].text:христиан диналъул бищун тӏадегӏанаб даражаялъул рухӏанияв хӏаким
аддождьбранное	1	обрадованное	бер#1:senses[0].text:глаз, око; чего-либо; свет очей; свет очей; умереть; сна кого-что-либо(древниеаварцы верили тому, что дёргание век правого глаза у мужчин, левого — уженщин ко злу, а если наоборот, то к добру)на ком-либо бранное слово, выражение в переносном значении ласкательная (форма) чьих-либо ласкательная (форма) пословица поговорка поговорка загадкацӏаддождьбранное слово, выражение в переносном значении бранное слово, выражение поговорка бранное слово, выражение буквально в переносном значении(отгнева)в переносном значении
адаты	1	даты, агаты, а даты, ада ты	гӏадат:senses[0].examples[9].ru:сельские адаты
адатов	1	агатов, ада тов, ванадатов	жул:senses[0].examples[0].ru:Метла адатов
адат	1	дата, ада, дат, анат, агат, а дат, ад ат	гӏадат:senses[0].text:адат; обычай, традиция; нравы; обряд
адамал	1	ада мал, мадам	пантеон:senses[0].text:пантеон (1. хӏурмат бугел машгьурал гӏадамал рукъарал хабзал
агромероприятия	1	мероприятия, мероприятие	агрономиялъул:senses[1].examples[1].ru:агрономические мероприятия, агромероприятия
аггломерат	1	агломерат, конгломерат	бутӏуцӏин:senses[0].text:средоточие, аггломерат чего-либо; гуща чего-либо
агадай	1	гадай, нагадай, загадай, угадай, а гадай, ага дай	агъада:senses[0].text:агадай
автомобилью	1	автомобиль, автомобилю, автомобилизм, автомобилист	кӏул:senses[1].comment:к автомобилью
автомащины	1	автомашины, автоматичны	радиатор:senses[0].examples[0].ru:радиатор автомащины
аварски	1	аварки, аварские, аварский, аварским, аварских, варварски	аби:senses[0].examples[1].ru:он переводит на русский язык аварские поговорки || авар:senses[0].text:аварский || авар:senses[0].examples[1].ru:аварский язык
авал	1	вала, вал, навал, аврал, давал, завал, лава, овал, рвал, акал, звал, ахал, а вал, аванзал	квартал:senses[0].comment:авал
абураб	1	марабу, бура	кигӏан:senses[0].examples[4].comment:'абураб рагӏи' вымолвленное слово
абречеством	1	жречеством, ребячеством, старчеством, батрачеством	гӏабурикӏлъи:senses[0].examples[0].ru:заниматься абречеством
абречество	1	жречество, ребячество, старчество, творчество	гӏабурикӏлъи:senses[0].text:абречество
абиссины	1	абиссинцы, абиссинка, слабины	хӏабашиял:senses[0].text:эфиопы, абиссины, абиссинцы
абизе	1	абазе	аб-абизе:senses[0].text:от абизе
абе	1	бае, арбе, рабе, пабе, бабе, жабе, обе, аре, абс, асе, лбе, абы, аде, азе	гӏабадулав:senses[0].text:человек в абе или в шинели
аба	1	арба, раба, паба, абак, амба, абаз, баба, жаба, оба, ара, абс, аса, лба, абы, ада	гӏаба:senses[0].text:аба; плащ или накидка (из грубого сукна); верхняя длинняя мужская одежда
Юсуп	1	Суп, Юсу	къаси:senses[0].examples[10].ru:Юсуп сказал, что с сегодняшнего вечера он бросит курить
Юнус	1	Анус, Гнус, Сную, Юную, Юн ус	горсвери:senses[0].examples[2].ru:Юнус сидит в окружении девушек
Шахрурамазан	1	Размазанный	шагьрурамазан:senses[1].text:Шахрурамазан
Шайхулислам	1	Исламистам	шайхулислам:senses[1].text:Шайхулислам
Шайих	1	Тишайших	шайих:senses[3].text:Шайих
Шаир	1	Аир, Каир, Заир, Шар, Ириша	шагӏир:senses[1].text:Шаир
Шагидав	1	Шаги дав, Шагавший	учуз:senses[0].examples[6].ru:Шагидав по дешевой цене достал шубу
Шавкат	1	Шавка, Шавкам, Шавках, Вкатка	шавкат:senses[1].text:Шавкат
Шабан	1	Кабан, Чабан, Шаман, Шабаш, Шарабан	шагӏбан:senses[1].text:Шабан
Чухилав	1	Чухлома	чухъилав:senses[1].text:Чухилав
Чухарай	1	Бухара	чӏухӏараб:senses[2].text:Чухарай
Чухай	1	Ухай, Бухай, Чихай, Чух ай	чӏухӏаб:senses[0].text:Чухай
Чеэрай	1	Черпай	чӏегӏераб:senses[4].text:Чеэрай
Чеэрав	1	Чернавка	чӏегӏераб:senses[3].text:Чеэрав
Чаран	1	Таран, Варан, Маран, Баран, Чарам, Чабан, Чарах, Чар ан, Саранча, Чан	чаран:senses[2].text:Чаран
Чанка	1	Нанка, Танка, Ранка, Панка, Манка, Чанша, Банка, Ланка, Ханка, Чана, Чаинка, Чинка, Чарка, Часка, Чайка	чӏанкӏа:senses[1].text:Чанка
Чанахан	1	Чана хан, Чанах ан, Чайхана, Напахан, Чайхан, Анапчан	чанахъан:senses[1].text:Чанахан
Чамасдак	1	Дамаск	чамасдак:senses[1].text:Чамасдак
Чамарсак	1	Самарскит	гӏодоб:senses[0].examples[10].ru:Чамарсак упала
Чакарилав	1	Приласкав	гӏезегӏан:senses[0].examples[1].ru:Чакарилав весьма эрудированный человек
Чагурчи	1	Огурчики	чагурчи:senses[1].text:Чагурчи
Цевехан	1	Ереванцев	цебехъан:senses[1].text:Цевехан
Хурулин	1	Хулиган	хӏурулгӏин:senses[1].text:Хурулин
Хункар	1	Хуторянка	хункар:senses[1].text:Хункар
Хохоч	1	Хохочи, Хохоча, Хохочу, Хохот, Хохол	хохоч:senses[1].text:Хохоч
Хирач	1	Хитра	хирач:senses[0].text:Хирач
Хебдарас	1	Хайдарабад	хӏебдарас:senses[1].text:Хебдарас
Хатун	1	Шатун, Хату	хъатун:senses[2].text:Хатун
Харзин	1	Харбин	харзин:senses[1].text:Харзин
Хапиз	1	Папизм	хӏапиз:senses[1].text:Хапиз
Ханум	1	Хану, Ханам, Ханом, Хан ум	ханум:senses[2].text:Ханум
Хамисур	1	Хами сур, Миссури	хӏамисур:senses[1].text:Хамисур
Хамиз	1	Хами, Хамит, Хамил, Хамим, Хам из	хамиз:senses[1].text:Хамиз
Халипа	1	Халупа, Халифа, Ха липа, Липа	халипа:senses[2].text:Халипа
Халик	1	Валик, Халиф, Ха лик, Халатик, Алик	халикъ:senses[1].text:Халик
Хаким	1	Таким, Каким, Хаки, Хамки, Хамим, Хамским, Аким	хӏаким:senses[2].text:Хаким
Хайрат	1	Рахат	хайрат:senses[1].text:Хайрат
Хада	1	Ада, Рада, Сада, Лада, Зада, Гада, Чада, Жада, Харда, Хлада, Хаджа, Хода, Хана, Хата, Хала	хӏада:senses[1].text:Хада
Хава	1	Лава, Пава, Зава, Халва, Хана, Хата, Хала, Хама, Хаза	хӏава:senses[1].text:Хава, Ева
Хабибат	1	Бабахать	хӏабибат:senses[1].text:Хабибат
Уцуми	1	Умили	уцуми:senses[1].text:Уцуми
Умалав	1	Умалив, Ума лав	гӏеблъизе:senses[0].examples[1].ru:Умалав раздался в плечах
Узден	1	Узде	узден:senses[1].text:Узден
Удурат	1	Удушат, Дурачат	хвел-гӏел:senses[0].examples[0].ru:Удурат всегда ходил на поминки и именины
Тулпар	1	Тарантул	тулпар:senses[2].text:Тулпар
Тлараав	1	Разостлав	лъарагӏав:senses[1].text:Тлараав
Тируч	1	Тиру, Тирую, Тир уч	тируч:senses[1].text:Тируч
Тахир	1	Рахит, Тахин, Тапир	ва#1:senses[0].examples[1].ru:Тахир да Зухра
Тарханчи	1	Тархан	хьондаллъизе:senses[0].examples[0].ru:Тарханчи со мной в натянутых отношениях
Сурахи	1	Сухари, Сурах, Страхи, Сурами, Сур ахи, Сура хи, Сурах и	сурахӏи:senses[2].text:Сурахи
Сундус	1	Сундук, Сундучок	сундус:senses[2].text:Сундус
Сулейман	1	Сулема	гӏедегӏахъдизе:senses[0].examples[0].ru:Сулейман торопился отправиться в путь
Сулак	1	Кулак, Скула, Салак, Судак, Су лак, Акула	галан:senses[1].examples[1].ru:Сулак в нескольких местах перегорожен плотинами
Сиядат	1	Сия дат, Симпатия	гӏедерго:senses[0].examples[0].ru:Сиядат быстро поставила на стол вазу с цветами
Сираж	1	Тираж, Вираж, Мираж, Страж, Сирая, Си раж, Сир аж	сираж:senses[1].text:Сираж
Самад	1	Садам, Сама, Саман, Самая, Сам ад, Самосад, Мадам	гӏумру:senses[1].examples[16].ru:Самад слишком хороший мальчик, вряд ли долго проживёт
Салих	1	Силах, Самих, Алисах, Алиса	удаманлъи:senses[0].examples[0].ru:Салих работал тридцать лет старшим чабаном
Рисалат	1	Риса лат, Салат, Лариса	рисалат:senses[1].text:Рисалат
Рашид	1	Рапид, Распаши	инсухъачи:senses[0].examples[1].ru:Рашид его родственник по отцу
Рахмат	1	Шахмат, Рахат	рахӏмат:senses[2].text:Рахмат
Разият	1	Разит, Разят	бохьаризе:senses[0].examples[0].ru:Разият занята обмазкой
Раджаб	1	Раджа, Раджам, Раджах, Рад жаб, Радж, Жабра	бачӏине:senses[1].examples[1].ru:Раджаб переселился в аул
Похити	1	Похитит, Похитив, Похитил, Похитим, Похоти, Похить	хъамало:senses[0].examples[0].ru:Похити ты, бука, [чужого] Али, Сына своего я тебе не дам
Подённо	1	Подённое, Подённой, Подённом, Подённою, Подённый, Подведёно, Подгноёно	къол:senses[0].examples[1].ru:Подённо рубль зарабатывающие золотые руки
Пирдавус	1	Папирус	пирдавус:senses[1].text:Пирдавус
Патиматэбел	1	Перелопатил	эбел:senses[1].examples[0].ru:Патиматэбел; Патимат-мама
Пазилат	1	Патлат	пазилат:senses[1].text:Пазилат
Олохан	1	Лохань, Лоханка	гӏолохъан:senses[1].text:Олохан
Нуцалай	1	Налагай	нуцалай:senses[1].text:Нуцалай
Нуцал	1	Нукал	нуцал:senses[1].text:Нуцал
Насир	1	Надир, На сир, Сирена	насир:senses[1].text:Насир
Насаб	1	Насадка	насаб:senses[1].text:Насаб
Напавшись	1	Напившись, Напевшись, Начавшись, Напавший	кӏанцӏизе:senses[2].examples[0].ru:Напавшись — крепость бравший, Умыкнув — девушек приведший
Наиб	1	Наб, Наим	наиб:senses[2].text:Наиб
Назир	1	Назар, Надир	назир:senses[1].text:Назир
Наби	1	Нади, Бани, Наб, Набит, Набив, Набил, Унаби, Нами, Наши, Наги, Наци, Наб и, Кабина	наби:senses[1].text:Наби
Мутаилав	1	Утаивавший	мутагӏилав:senses[1].text:Мутаилав
Муслим	1	Мусолим, Маслим, Муслин, Мыслим	бакк-баккизе:senses[0].examples[1].ru:Муслим к нам часто захаживает
Муршид	1	Шурши	муршид:senses[1].text:Муршид
Мурид	1	Дурим, Мудри, Мадрид	мурид:senses[2].text:Мурид
Мураду	1	Мураву, Мурашу, Мур аду, Мура, Дура	нахъоса:senses[0].examples[2].ru:Мураду книгу подарю следующий раз
Мокок	1	Мокко, Комок, Коком, Моток, Молок, Мок	мокъокъ:senses[2].text:Мокок
Мирза	1	Мира, Мирна, Мирта, Мирра, Мирка, Мурза, Мир за	мирза:senses[1].text:Мирза
Меэркич	1	Сумерки	мегӏеркӏичӏ:senses[1].text:Меэркич
Меседу	1	Беседу, Мес еду, Меду	меседу:senses[2].text:Меседу
Махако	1	Махало, Маха ко, Махаон	махӏакӏо:senses[1].text:Махако
Маргал	1	Марал, Моргал, Мангал, Маршал, Маргинал, Гармала, Малага	маргъал:senses[2].text:Маргал
Манарша	1	Марша, Марана, Шарманка	манарша:senses[1].text:Манарша
Малик	1	Мали, Валик, Мали к, Малки, Калим, Малок, Малек, Алик	малик:senses[1].text:Малик
Маккашарип	1	Парикмахерша	маккашарип:senses[1].text:Маккашарип
Мазгар	1	Разгар, Маргарит	мазгар:senses[1].text:Мазгар
Мажлис	1	Меджлис	мажлис:senses[3].text:Мажлис
Магди	1	Магда, Магде, Магды, Магду, Маги, Магии	магьди:senses[1].text:Магди
Куди	1	Уди, Ауди, Нуди, Суди, Луди, Зуди, Буди, Гуди, Чуди, Кудри, Куда, Кури, Кули, Купи, Куки	кӏуди:senses[1].text:Куди
Кудаэмен	1	Кудахтанье	кӏудаэмен:senses[2].text:Кудаэмен
Китлилай	1	Килобайт	кӏилъилай:senses[1].text:Китлилай
Китлилав	1	Камилавка	кӏилъилав:senses[1].text:Китлилав
Китилай	1	Китай	-гӏан:senses[0].examples[4].ru:Китилай не разговаривает столько, сколько сестра
Килич	1	Кличи, Кили, Клич, Кулич, Кичлив	хъилич:senses[1].text:Килич
Кикав	1	Кивка, Икавший	кикаб:senses[1].text:Кикав
Кебед	1	Кебе, Кеб ед, Кед	къебед:senses[1].text:Кебед
Квешав	1	Свешав	квешаб:senses[3].text:Квешав
Квеав	1	Квебек	квегӏав:senses[1].text:Квеав
Квача	1	Рвача, Кваса	къвачӏа:senses[2].text:Квача
Кахав	1	Канав	хъахӏаб:senses[3].text:Кахав
Каф	1	Паф, Ка, Кафе, Кайф, Шкаф, Кат, Кар, Кал, Кап, Как, Каш, Каб	Къапмегӏер:senses[0].text:Каф
Камиль	1	Ка миль, Камилла	камил:senses[1].text:Камиль
Кади	1	Кати, Ради, Щади, Нади, Кадит, Кради, Кадил, Клади, Кадки, Кадим, Кадр, Кали, Кадя, Каши	къади:senses[1].text:Кади
Иса	1	Аса, Оса, Ира, Пса, Уса, Юса, Тиса, Риса, Лиса, Иска, Икса, Киса, Ист, Ива, Ила	вацгӏал:senses[0].examples[2].ru:Иса — мой кузен
Инус	1	Анус, Гнус, Синус, Минус, Индус, Иную	учуз:senses[0].examples[3].ru:Инус дешево купил коня
Инкай	1	Инка, Икай, Инкой, Инкам, Инках	гӏинкъаб:senses[2].text:Инкай
Инкав	1	Инка, Инков, Инкам, Инках, Инка в	гӏинкъаб:senses[1].text:Инкав
Имран	1	Иран, Мирна, Игран, Им ран, Раним	гӏанчӏго:senses[0].examples[0].ru:Имран сегодня чувствует себя бодро
Израилево	1	Израиле во, Израиль	наслу:senses[2].examples[0].ru:Израилево колено
Игит	1	Гит, И гит	игит:senses[1].text:Игит
Ибнухаджар	1	Аджарский	Ибнухӏажар:senses[2].text:Ибнухаджар
Зиярат	1	Озирать	зиярат:senses[3].text:Зиярат
Залму	1	Чалму, Залу, Заму, Залому, Займу, Залпу, Зажму	бачӏине:senses[0].examples[8].ru:Залму пришла к тебе?
Жарадат	1	Жара дат, Страдать	жарадат:senses[1].text:Жарадат
Жаннат	1	Жанна, Жаннам, Жаннах, Жанн ат, Жанн, Нажат, Анат	жаннат:senses[1].text:Жаннат
Жавгар	1	Авангард	жавгьар:senses[1].text:Жавгар
Дибирали	1	Добирали, Прибирали, Разбирали	дибир:senses[1].examples[0].ru:Дибирали
Дибир	1	Сибирь	дибир:senses[3].text:Дибир
Джабраил	1	Забранил	гьечӏо:senses[0].examples[3].ru:Джабраил отсутствует на уроке
Даци	1	Наци, Даши, Дацит, Дани, Дари, Дави, Дали, Дачи, Цикада	даци:senses[1].text:Даци
Дарбиш	1	Бикарбид	дарбиш:senses[1].text:Дарбиш
Гунащ	1	Гущина	букъардизе:senses[0].examples[1].ru:Гунащ хорошо ныряет
Гулла	1	Мулла, Булла, Галлу, Гула, Гуляла, Галла, Гулка, ГУЛАГу, ГУЛАГ, Гуцула	гулла:senses[1].text:Гулла
Гулишат	1	Лишать	контролёр:senses[0].examples[1].ru:Гулишат работает контролёром
Гог	1	Ног, Тог, Рог, Йог, Лог, Мог, Дог, Бог, Го, Гонг, Грог, Гаг, Гон, Гор, Гос	гӏажуж-мажуж:senses[0].text:Гог и Магог
Гитинкав	1	Аргентинка	гьитӏинкӏаб:senses[1].text:Гитинкав
Гитинай	1	Гильотина	гьитӏинаб:senses[4].text:Гитинай
Гитинав	1	Авгит	гьитӏинаб:senses[3].text:Гитинав
Гитин	1	Гирин, Хитин, Фитин	гьитӏин:senses[1].text:Гитин
Гимринская	1	Камаринская, Гагаринская, Виргинская, Даргинская	къварилъи#1:senses[0].examples[0].ru:Гимринская теснина
Гидатлинское	1	Даргинское	бо:senses[1].examples[1].ru:Гидатлинское общество
Геда	1	Еда, Гера, Веда, Седа, Кеда, Меда, Деда, Геба, Беда, Гаде, Гида, Гада, Года, Гена, Гема	къватӏиб:senses[0].examples[36].ru:Геда выходит, а Курбан заходит
Гамид	1	Амид, Гадим	тӏагӏине:senses[1].examples[3].ru:Гамид исчез с работы
Галбац	1	Албанец	гъалбацӏ:senses[2].text:Галбац
Гайдар	1	Гайдамак	бацӏцӏаризе#2:senses[0].examples[1].ru:Гайдар занимался в саду прививкой
Газияв	1	Газик	гъазияв:senses[0].text:Газияв
Гази	1	Рази, Гали, Мази, Газ, Газик, Газа, Газе, Гати, Гари, Гаси, Газы, Газу, Гаги, Газ и	гъази:senses[1].text:Гази
Гаджияй	1	Гадящий	хӏажияй:senses[1].text:Гаджияй
Гаджияв	1	Гадлив	хӏажияв:senses[0].text:Гаджияв
Гаджигоро	1	Пригород	хӏажигоро:senses[1].text:Гаджигоро
Влюбиласья	1	Влюбилась, Влюбилась я, Властолюбия	ахир:senses[2].examples[2].ru:Влюбиласья в тебя ненадёжного
Вакил	1	Валик, Ваксил, Валки, Варил, Валил	вакил:senses[1].text:Вакил
Булбул	1	Булл, Буль	булбул:senses[1].text:Булбул
Будун	1	Буду, Бунду, Бодун, Буден, Будут, Бурун, Бузун, Бунд, Бун	будун:senses[2].text:Будун
Башир	1	Башкир	анкь:senses[0].examples[2].ru:Башир неделю провёл в городе
Баху	1	Паху, Баку, Маху, Шаху, Бах, Бахну, Бахус, Бахчу, Бару, Басу, Балу, Башу, Базу, Бабу	чӏаголъи:senses[4].examples[2].ru:Баху — женщина расторопная
Бахарчи	1	Бах арчи, Харчи, Бахчи	бахӏарчи:senses[2].text:Бахарчи
Баталов	1	Баловать	учреждение:senses[0].examples[2].ru:Баталов работал в различных учреждениях нашего района
Батал	1	Латал, Катал, Шатал, Балта, Блата, Ботал, Батан, Батат, Бацал, Бахал, Баталия, Балт, Бал	хиял:senses[1].examples[0].ru:Батал имеет на неё виды
Барти	1	Марти, Барит, Бати, Барии, Барки, Баржи	барти:senses[1].text:Барти
Барият	1	Бария, Барит, Барсят, Бавария	апельсин:senses[0].examples[0].ru:Барият купила на рынке три килограмма апельсина
Байрахчи	1	Бахчисарай	байрахъчи:senses[1].text:Байрахчи
Базарган	1	Базарный	базарган:senses[1].text:Базарган
Базалай	1	База лай, Балалайка	базалай:senses[1].text:Базалай
Багжат	1	Багатель	гӏодоб:senses[0].examples[43].ru:Багжат села на стул
Багадур	1	Трубадур	багьадур:senses[2].text:Багадур
Аят	1	Пят, Мят, Ат, Таят, Тая, Арт, Авт, Акт, Аут	аят:senses[2].text:Аят
Ахмеду	1	Ах меду, Архимеду	зачёт:senses[0].examples[2].ru:Ахмеду поставили зачет
Асхаб	1	Пасха	асхӏаб:senses[1].text:Асхаб
Асатин	1	Сатин, А сатин	асатӏин:senses[1].text:Асатин
Арип	1	Архип, Арин, Крип, Хрип, Пари, Арии, Арап, Арий, Ария, Арию	гӏиялъажо:senses[0].examples[2].ru:Арип пустил своих овец в отару
Арац	1	Грац, Ара, Арап, Арак, Арам, Араб, Арах	гӏарац:senses[2].text:Арац
Араканское	1	Абаканское, Ара канское, Каракасское, Саранское, Марокканское, Арагонское	къварилъи#1:senses[0].examples[1].ru:Араканское ущелье
Апанди	1	Напади, Папани	апанди:senses[1].text:Апанди
Ансарияв	1	Санитария	ансарияв:senses[1].text:Ансарияв
Анисат	1	Аниса, Анис ат, Сатанист, Анис	гьелдалъун:senses[0].examples[0].ru:Анисат больна, поэтому не смогла пойти на работу
Андалальское	1	Вандальское, Кандалакшское, Андалусское, Неандертальское	бо:senses[1].examples[2].ru:Андалальское общество
Англиялъул	1	Англия	фунт:senses[0].examples[1].comment:Англиялъул гӏарцул цӏар
Анас	1	Нас, Анфас, Сана, Анис, Анат, Анус, А нас, Ан ас, Астана	кваназабизе:senses[3].examples[0].ru:Анас пошёл пасти телят
Аминтаза	1	Амин таза, Аминазин, Амианта	аминтаза:senses[1].text:Аминтаза
Алхулав	1	Хулахуп	гӏалхулав:senses[1].text:Алхулав
Алидибир	1	Алиби	дибир:senses[1].examples[1].ru:Алидибир
Алибегу	1	Али бегу, Либералу	кӏал-бер:senses[0].examples[2].ru:Алибегу не нравилось, когда кто-нибудь обижал Зухру
Албасти	1	Баллистит, Балласт	Албастӏи:senses[0].text:Албасти
Акил	1	Алик, Аким, Кали, Икал, Аки, Акрил, Алкил, Кила, Лаки, Акал, Амил, Акул	гӏакъил:senses[1].text:Акил
Айна	1	Анна, Тайна, Майна, Айва, Айда, Ай на, Айрана	счетовод:senses[0].examples[2].ru:Айна работает счетоводом
Адил	1	Удил, Дали, Садил, Ладил, Кадил, Гадил, Чадил, Щадил, Амил, Ад ил	гӏадил:senses[2].text:Адил
Адабият	1	Адаптация	адабият:senses[1].text:Адабият
Агарав	1	Гагара, Агар, Агав	гӏагараб:senses[3].text:Агарав
Авраамово	1	Валаамово	макъам:senses[1].examples[0].ru:Авраамово место
Авраамова	1	Валаамова, Валаамов, Самовара	миллат:senses[1].examples[0].ru:Авраамова вера
Абурик	1	Букварик	гӏабурикӏ:senses[1].text:Абурик
