абстр	30	астр	1	карьеристлъи:senses[0].comment:абстр. || колонизаторлъи:senses[0].comment:абстр имя || нотариуслъи:senses[0].comment:абстр имя
яркожёлтый	12	ярко жёлтый	1	кантӏогьил:senses[0].examples[0].ru:сделать яркожёлтым; покрасить в яркожёлтый цвет || кантӏогьилаб:senses[0].text:яркожёлтый; жёлтый как марена || кантӏогьилаб:senses[0].examples[0].ru:яркожёлтый цвет
Ахмед	10	Ах мед	1	авадан:senses[0].examples[1].ru:сегодня Ахмед, кажется, в весёлом настроении || агьа:senses[0].examples[2].ru:Ахмед — ваш родственник? — Да || адаб-хъатир:senses[0].examples[1].ru:Ахмед — очень уважительный [к людям] человек
тухум	9	тух ум	1	асилаб:senses[0].examples[2].ru:благородный тухум || аслу-тухум:senses[0].text:происхождение, род, тухум || бег:senses[0].examples[0].ru:тухум беков
чарыки	8	чарки	1	вехьасул:senses[1].examples[5].ru:чарыки, поршни || гвагӏ-гвагӏараб:senses[1].examples[0].ru:грубые чарыки || тӏомохьит:senses[0].examples[0].ru:чабанские чарыки
кумган	8	курган	1	бер#1:senses[0].examples[36].comment:гулгун кумган || бесизе:senses[0].examples[0].ru:кумган пропускает || бурбутӏи:senses[0].text:кувшинчик с носиком для воды, кумган
яркокрасный	7	ярко красный	1	канчӏбагӏар:senses[0].examples[0].ru:(с)делать яркокрасным, (по)красить в яркокрасный цвет || канчӏбагӏараб:senses[0].text:яркокрасный || канчӏбагӏараб:senses[0].examples[0].ru:яркокрасный цвет
распросы	7	расспросы	1	гьикъа-бакъи:senses[1].text:опрос; распросы || гьикъари:senses[1].text:приветствие при встрече, распросы о здоровье, о житьё-бытьё || гьикъ-бакъ:senses[0].text:опрос, распросы; допрос
Магомед	7	Магомет	1	басра:senses[0].examples[4].ru:Долгой тебе жизни, Алил Магомед, Не издевайся оттого, что я в руках твоих || бецаризе:senses[0].examples[1].ru:Магомед хорошо косит || гъарин:senses[0].examples[3].ru:слушай, Магомед, где ты был целый день?
ярлыга	6	ярлыка	1	вехьасул:senses[1].examples[3].ru:ярлыга || иргъахъ:senses[0].text:ярлыга || иргъахъ:senses[0].examples[0].ru:чабанская ярлыга
яркожёлтым	6	ярко жёлтым	1	кантӏогьил:senses[0].examples[0].ru:сделать яркожёлтым; покрасить в яркожёлтый цвет || кантӏогьиллъизабизе:senses[0].text:понудительная форма (с)делать яркожёлтым; (по)красить в яркожёлтый цвет || кантӏогьиллъизе:senses[0].text:становиться, стать яркожёлтым; принимать, принять яркожёлтый цвет, (по)желтеть
собств	6	удобств	2	апанди:senses[0].comment:титул духовных лиц, прибавляется к собств. имени через дефис || дибир:senses[3].comment:Д прописная буква; имя собств. муж || зиярат:senses[3].comment:собств. имя жен.
собст	6	сост	1	базарган:senses[1].comment:имя собст. муж. || гӏагараб:senses[3].comment:имя собст. муж. || магьди:senses[1].comment:имя собст. муж.
рабадан	6	раба дан	1	кӏалбиччазе:senses[0].comment:каждый вечер в месяц рабадан с наступлением темноты || кӏалкквезе:senses[0].examples[0].comment:в месяц рабадан лунного календаря || кӏалккинамоцӏ:senses[0].text:рабадан
джамаат	6	диамат	2	бихха-хочизе:senses[0].examples[0].ru:из-за этого джамаат не станет волноваться || гъоркь:senses[0].examples[33].ru:грубиян подводит целый джамаат || данделъизабизе:senses[0].examples[0].ru:собрать джамаат
вспылчивый	6	вспыльчивый	1	манзилкъокъаб:senses[0].text:вспылчивый, раздражительный || манзилкъокъаб:senses[0].examples[0].ru:он человек очень вспылчивый || хехаб:senses[4].text:горячий, вспылчивый
байрама	6	бай рама	1	кӏалбиччанкъоялъ:senses[0].text:в день разговения, в день уразы-байрама || кӏалбиччанкъоялъ:senses[0].examples[0].ru:в день уразы-байрама подобает посещать стариков || кӏалбиччансордо:senses[0].text:ночь накануне дня разговения; ночь накануне уразы-байрама
яркозелёный	5	ярко зелёный	1	канчӏгӏурччин:senses[0].examples[1].ru:луга приняли яркозелёный (светлозелёный) цвет || канчӏгӏурччинаб:senses[0].text:яркозелёный, светлозелёный || канчӏгӏурччинлъи:senses[1].text:яркозелёный, светлозелёный цвет
хурджины	5	сурдины	2	лага:senses[3].examples[3].ru:хомяк, да сгниют его кишки, полностью загрыз мои хурджины || хулжал:senses[0].text:хурджины, чересседельные сумки, перемётные сумы; кому-либо, принимать участие в ком-либо || хулжал:senses[0].examples[0].ru:взвалить хурджины на плечо
тухума	5	тух ума	1	аслу-тухум:senses[0].examples[0].ru:человек известного тухума || ачу:senses[0].examples[0].ru:эти два тухума страшно ненавидят друг друга; между этими двумя тухумами большой гнев || кьибил#3:senses[0].examples[1].ru:девушка из гордой фамилии; дочь человека из гордого тухума
светлосерый	5	светло серый	1	канчӏцӏахӏил:senses[0].examples[0].ru:(с)делать светлосерым; (по)красить в светлосерый цвет || канчӏцӏахӏилаб:senses[0].text:светлосерый || канчӏцӏахӏиллъи:senses[1].text:светлосерый цвет
светлозелёный	5	светло зелёный	1	канчӏгӏурччин:senses[0].examples[1].ru:луга приняли яркозелёный (светлозелёный) цвет || канчӏгӏурччинаб:senses[0].text:яркозелёный, светлозелёный || канчӏгӏурччинлъи:senses[1].text:яркозелёный, светлозелёный цвет
наибом	5	набобом	2	жахӏабго:senses[0].examples[2].ru:назначив наибом, Идриса оставили в своем ауле || наиб:senses[0].examples[0].ru:Хаджи Мурат был храбрым наибом войска имама Шамиля || наиб:senses[0].examples[1].ru:назначить наибом
кремнёвка	5	кремнёвый	2	жазаир:senses[0].text:кремнёвка || жазаир:senses[0].examples[0].ru:кремнёвка || мачӏу#2:senses[0].examples[0].ru:кремнёвое ружьё; кремнёвка
джамаата	5	диамата	2	данделъи:senses[1].examples[1].ru:сход аульского джамаата || дандечӏезе:senses[0].examples[1].ru:нельзя выступать против джамаата || исанаялдаса:senses[0].examples[1].ru:на сходе джамаата вынесли решение не употреблять спиртного на территории аула, начиная с нынешнего года
взайми	5	займи	1	базе:senses[28].text:посыпать, давать взайми || базе:senses[28].examples[0].ru:давать (посыпать) взайми мерку пшеницы || базе:senses[28].examples[1].ru:давать взайми банку муки
бугеб	5	бугель	2	панно:senses[1].text:накъиш-сурат тӏад гьабураб ва сверун рамка бугеб къоно || пансион:senses[0].text:пансион (1. квана-гьекъейги бугеб гьоркьохъеб цӏалул идара 2. общежитие || параллель:senses[0].text:параллель (1. киса-кибего бащадаб манзилалъ бугеб мухъ
беспокойствие	5	беспокойстве	1	кӏвар:senses[0].text:забота, беспокойствие о ком-чём-либо || тӏагӏам:senses[1].examples[7].ru:причинить беспокойствие || тӏагӏам:senses[2].examples[2].ru:беспокоить, причинить беспокойствие
безворсый	5	безворсовый	2	давагьин:senses[0].text:ковёр безворсый || давагьин:senses[0].examples[0].ru:(со)ткать безворсый ковёр || давагьин:senses[0].examples[1].ru:стелить безворсый ковёр
яркоголубой	4	ярко голубой	1	канчӏхъахӏил:senses[0].examples[0].ru:(с)делать яркоголубым, светлоголубым; (по)красить в яркоголубой, светлоголубой цвет || канчӏхъахӏиллъи:senses[1].text:яркоголубой, светлоголубой цвет || канчӏхъахӏиллъизабизе:senses[0].text:понудительная форма (с)делать яркоголубым, светлоголубым; (по)красить в яркоголубой, светлоголубой цвет
чирикание	4	чириканье	1	чӏир-чӏиди:senses[1].text:щебетание, чирикание || чӏирчӏири:senses[0].text:щебет, писк, чирикание || чӏирчӏири:senses[0].examples[0].ru:меня разбудило чирикание птиц
четырмя	4	четырьмя	1	ункъабго:senses[0].examples[6].ru:умереть, уйти из жизни, уснуть навеки; четырмя плитами накрыться || ункъабго:senses[0].examples[7].ru:негодовать, быть недовольным; не соглашаться; махнуть четырмя [конечностями] || ункъо:senses[0].examples[5].ru:предложение с четырмя словами
тутже	4	туже	1	буссаризе:senses[0].text:периодически, неоднократно возвращаться; часто ходить куда-либо к кому-либо и тутже возвращаться || гордо:senses[0].examples[8].ru:то, что вошло через окно, из окна же и выходит; то, что получено без труда, тутже уходит от человека || гӏадалъ:senses[0].examples[3].ru:он тутже отправился обратно, словно его ударили палкой по голове
тариката	4	фабриката	2	тӏарикъат:senses[0].examples[1].ru:устаз, наставник тариката || тӏарикъатчи:senses[0].text:последователь тариката || тӏарикъатчӏужу:senses[0].text:последовательница тариката
сычуг	4	сычу	1	бурукь#1:senses[0].comment:для её изготовления в сыворотку ложат на несколько дней сушёный сычуг недельного телёнка или ягнёнка и немного кураги || махьа:senses[0].text:сычуг || махьа:senses[0].examples[1].ru:как кошка, съевшая сычуг
спортлото	4	спорт лото	1	спортлото:senses[0].text:спортлото || спортлото:senses[0].examples[0].ru:билет спортлото || спортлото:senses[0].examples[1].ru:тираж спортлото
светлозелёным	4	светло зелёным	1	канчӏгӏурччин:senses[0].examples[0].ru:(с)делать яркозелёным, светлозелёным || канчӏгӏурччинлъизабизе:senses[0].text:понудительная форма (с)делать яркозелёным, светлозелёным; (по)красить в яркозелёный, светлозелёный цвет || канчӏгӏурччинлъизе:senses[0].text:становиться, стать яркозелёным, светлозелёным; принимать, принять яркозелёный, светлозелёный цвет
ньюхать	4	нюхать	1	сунтӏ:senses[0].examples[0].ru:(по)ньюхать ньюхательный табак || сунтӏизабизе:senses[0].text:заставлять, заставить кого-либо ньюхать что-либо; дать кому-либо понюхать что-либо || сунтӏизабизе:senses[0].examples[0].ru:дать ньюхать табак
нукер	4	нумер	1	нукар:senses[0].text:нукер || нукар:senses[0].examples[0].ru:нукер хана || хан:senses[0].examples[6].ru:нукер, телохранитель, воин хана
нагинаясь	4	нагибаясь	1	къулизе:senses[0].examples[1].ru:смотреть нагинаясь || къушизе:senses[0].examples[0].ru:бандит шёл, нагинаясь, чтобы его никто не видел, и добрался до берега речки || къуш-къушиялда:senses[0].text:нагинаясь, чтобы не заметили; спрятавшись; укрывшись от чужого глаза
музыцировать	4	музицировать	1	бакънагъине:senses[0].text:музыцировать || макънагъине:senses[0].text:музыцировать || музыка:senses[0].examples[1].ru:музыцировать
малошерстный	4	мало шерстный	1	гарцӏаб:senses[0].text:малошерстный || гарцӏаб:senses[0].examples[0].ru:малошерстный баран || гурцӏаб#2:senses[0].text:малошерстный
козеножка	4	козе ножка	1	хъалиян:senses[0].text:козеножка, самокрутка || хъалиян:senses[0].examples[0].ru:толстая козеножка || хъалиян:senses[0].examples[1].ru:тонкая козеножка
газыри	4	газики	2	гьодораб:senses[0].examples[5].ru:полые газыри || рорцалаби:senses[0].text:газыри || рорцалаби:senses[0].examples[0].ru:серебряные газыри
вакуфное	4	вакуумное	2	вакъпу:senses[0].text:вакуф (имущество, завещанное на богоугодное дело, благотворительные цели); вакуфное имущество || вакъпуялул:senses[1].examples[0].ru:вакуфное дерево || вакъпуялул:senses[1].examples[1].ru:вакуфное поле
Чупан	4	Жупан	1	аваданаб:senses[0].examples[3].ru:Чупан очень жизнерадостный человек || бичӏизе:senses[2].examples[7].ru:Чупан не разлучается с той девушкой || гьабудизе:senses[0].examples[2].ru:Чупан разбогател от того, что трудился
яркокрасным	3	ярко красным	1	канчӏбагӏар:senses[0].examples[0].ru:(с)делать яркокрасным, (по)красить в яркокрасный цвет || канчӏбагӏарлъизабизе:senses[0].text:понудительная форма (с)делать яркокрасным, (по)красить в яркокрасный цвет || канчӏбагӏарлъизе:senses[0].text:становиться, стать яркокрасным; принимать, принять яркокрасный цвет
яркозелёным	3	ярко зелёным	1	канчӏгӏурччин:senses[0].examples[0].ru:(с)делать яркозелёным, светлозелёным || канчӏгӏурччинлъизабизе:senses[0].text:понудительная форма (с)делать яркозелёным, светлозелёным; (по)красить в яркозелёный, светлозелёный цвет || канчӏгӏурччинлъизе:senses[0].text:становиться, стать яркозелёным, светлозелёным; принимать, принять яркозелёный, светлозелёный цвет
яркоголубым	3	ярко голубым	1	канчӏхъахӏил:senses[0].examples[0].ru:(с)делать яркоголубым, светлоголубым; (по)красить в яркоголубой, светлоголубой цвет || канчӏхъахӏиллъизабизе:senses[0].text:понудительная форма (с)делать яркоголубым, светлоголубым; (по)красить в яркоголубой, светлоголубой цвет || канчӏхъахӏиллъизе:senses[0].text:становиться, стать яркоголубым, светлоголубым; принимать, принять яркоголубой, светлоголубой цвет
щигат	3	мигать	2	ратӏал:senses[0].examples[0].ru:от ратля сметаны получишь щигат (1,2 кг) масла || ратӏал:senses[0].examples[1].ru:ратль ему не доступен, а на щигат он не согласен || щигат:senses[0].text:щигат
чтобь	3	чтоб	1	бетӏергьанчихвад:senses[0].text:то (та), кому желают, чтобы хозяин умер; чтобь твой хозяин умер || бетӏеркъотӏ:senses[0].text:тот (та), кому желают, чтобы голову отрубили; чтобь тебе голову отрубили; да отсекут тебе голову || гъоркьмес:senses[0].examples[0].ru:чтобь тебя в подземелье забрали
чихание	3	чиханий	1	ченхъезабизе:senses[0].text:вызывать, вызвать чихание || ченхъезабизе:senses[0].examples[0].ru:нюхательный табак вызывает чихание || ченхъей:senses[1].text:чихание
чабрецовый	3	багрецовый	2	ташкӏодул:senses[1].text:чабрецовый || ташкӏодул:senses[1].examples[0].ru:чабрецовый запах || ташкӏодул:senses[1].examples[1].ru:чабрецовый чай
хромец	3	хроме	1	ахъсахъ:senses[0].text:хромой человек, хромец || рекъаб:senses[0].examples[1].ru:хромой человек, хромец || рекъуч:senses[0].text:хромец
хасаб	3	басах	2	орган:senses[1].comment:хасаб газета, журнал || пергамент:senses[1].text:хасаб кагътил сорт || планетарий:senses[1].text:планетал хьвадулеб куц бихьизабизе бараб хасаб мина
сурьмить	3	сурьмило	2	кухӏлу:senses[0].examples[0].ru:сурьмить глаза || сурма:senses[0].examples[0].ru:сурьмить, наложить сурьму || сурма:senses[0].examples[1].ru:сурьмить брови
сумашедший	3	сумасшедший	1	гӏабдалхана:senses[0].text:сумашедший дом || гӏадалаб:senses[0].examples[0].ru:сумашедший || далухана:senses[0].text:дом для умалишённых, сумашедший дом
скирдовать	3	заскирдовать	2	бижагъ:senses[0].examples[0].ru:метать сено в стог, сметать стог сена; скирдовать сено || гӏари:senses[0].examples[0].ru:скирдовать, копнить, метать стог || хер:senses[1].examples[4].ru:скирдовать сено
светлосерым	3	светло серым	1	канчӏцӏахӏил:senses[0].examples[0].ru:(с)делать светлосерым; (по)красить в светлосерый цвет || канчӏцӏахӏиллъизабизе:senses[0].text:(с)делать светлосерым, (по)красить в светлосерый цвет || канчӏцӏахӏиллъизе:senses[0].text:становиться, стать светлосерым; принимать, принять светлосерый цвет
светлокоричневый	3	светло коричневый	1	канчӏсурмалъи:senses[1].text:светлокоричневый цвет || канчӏсурмалъизабизе:senses[0].text:(с)делать светлокоричневым, (по)красить в светлокоричневый цвет || канчӏсурмияб:senses[0].text:светлокоричневый
светлоголубым	3	светло голубым	1	канчӏхъахӏил:senses[0].examples[0].ru:(с)делать яркоголубым, светлоголубым; (по)красить в яркоголубой, светлоголубой цвет || канчӏхъахӏиллъизабизе:senses[0].text:понудительная форма (с)делать яркоголубым, светлоголубым; (по)красить в яркоголубой, светлоголубой цвет || канчӏхъахӏиллъизе:senses[0].text:становиться, стать яркоголубым, светлоголубым; принимать, принять яркоголубой, светлоголубой цвет
санитарияб	3	санитария	1	сантехника:senses[0].comment:санитарияб техника || санузел:senses[0].comment:санитарияб узел — ванная, туалет || санчасть:senses[0].comment:санитарияб часть
рыхлять	3	рыхлят	1	бухъизе:senses[1].text:(про)полоть, (раз)рыхлять || гьацлъизабизе:senses[0].text:(раз)рыхлять, разрыхлить || гьобогьине:senses[0].text:(раз)рыхлять, (раз)рыхлить что-либо
радиопрограмма	3	радио программа	1	радиопрограмма:senses[0].text:радиопрограмма || радиопрограмма:senses[0].examples[0].ru:радиопрограмма передач на аварском языке || радиопрограмма:senses[0].examples[1].ru:музыкальная радиопрограмма
рабадана	3	раба дана	1	кӏалбиччай:senses[2].comment:по истечение месяца рабадана || кӏалбиччазе:senses[1].comment:по истечение месяца рабадана || лайлатулкъадир:senses[0].comment:27 число месяца рабадана
пушинька	3	пушинка	1	хӏули#1:senses[0].text:пух, пушок, пушинька || хӏули#1:senses[0].examples[0].ru:пушистый, похожий на пух; мягкий, лёгкий как пушок, как пушинька || хӏули#1:senses[0].examples[2].ru:лёгкий как пушинька
педагогияб	3	педагогика	2	пединститут:senses[0].comment:педагогияб институт || педуниверситет:senses[0].comment:педагогияб университет || педучилище:senses[0].comment:педагогияб училище
пастьба	3	пасть	2	ирга:senses[1].text:поочередная пастьба, подворная очерёдность || кваназаби:senses[2].text:пастьба || кваназаби:senses[2].examples[0].ru:пастьба быков
пандурист	3	бандурист	1	пандрихъан:senses[0].text:пандурист || пандур:senses[0].examples[1].ru:пандурист || пандурчи:senses[0].text:пандурист
ноговицы	3	роговицы	1	дулагъал:senses[0].text:голенища, ноговицы, обмотки || зангалал:senses[0].text:голенища (типа краг); ноговицы || зангалмачуял:senses[0].text:ноговицы с чувяками
местнп	3	местный	2	бакӏалда:senses[1].text:вместо, за кого-чего-либо, взамен кого-чего-либо; местнп. послелог. || бетӏерлъиялда:senses[1].text:во главе; местнп. || духъ:senses[0].text:3 местнп. отчастица, в основном выражающаая вероятие, правдоподобность; обычно переводится.
малооплачиваемая	3	мало оплачиваемая	1	къунмухь:senses[0].examples[0].ru:малооплачиваемая работа || мухьдакъаб:senses[0].examples[0].ru:малооплачиваемая работа || ужра-мухь:senses[0].examples[0].ru:малооплачиваемая работа
клещни	3	клещи	1	гъуцӏдул:senses[1].text:клещни || гъуцӏдул:senses[1].examples[0].ru:клещни рака || рак#2:senses[0].examples[0].ru:клещни рака
искуственный	3	искусственный	1	бер#1:senses[0].examples[6].ru:искуственный глаз; протез глаза || искусственнияб:senses[0].text:искуственный || спутник:senses[0].examples[1].ru:искуственный спутник
инветарь	3	инвентарь	1	инветарь:senses[0].text:инветарь || инветарь:senses[0].examples[0].ru:заводской инветарь || спорталъул:senses[1].examples[1].ru:спортивный инветарь
зикр	3	икр	1	зикру:senses[0].text:зикр || зикру:senses[0].examples[0].ru:произнести зикр || зикру:senses[1].text:молитвенное собрание, где проводят зикр
дитё	3	дитя	1	гӏадан:senses[0].examples[17].ru:человек, сын человеческий; дитё Адама || дадал:senses[1].examples[1].ru:папино дитё, сыночек || кӏодол:senses[1].examples[3].ru:бабушкино любимое дитё
гяур	3	гур	1	гавур:senses[0].text:гяур, богоотступник, неверный || капир:senses[0].text:книжное безбожник, гяур || капурчи:senses[0].text:неверующий, безбожник; неверный, нечестивый, поганый, кафир, гяур, иноверец
грушёвый	3	грушевый	1	генул:senses[1].text:грушёвый || генул:senses[1].examples[0].ru:грушёвый сад || генул:senses[1].examples[1].ru:грушёвый мёд
вакуф	3	ВАКу	1	вакъпу:senses[0].text:вакуф (имущество, завещанное на богоугодное дело, благотворительные цели); вакуфное имущество || вакъпу:senses[0].examples[0].ru:выделить на вакуф || вакъпу:senses[0].examples[1].ru:отдать на вакуф
богатсво	3	богатство	1	бечелъи:senses[1].examples[0].ru:богатсво не оставляет человека в покое || буголъи:senses[1].text:имущество, состояние; достаток; достояние; богатсво; благосостояние || мискинлъи:senses[1].examples[0].ru:бедность — не позор, богатсво — не доблесть
айсорский	3	майорский	2	айсор:senses[0].text:айсорский || айсор:senses[0].examples[0].ru:айсорский язык || айсоразул:senses[1].text:айсорский
Шамиль	3	Ша миль	1	бижизе:senses[4].examples[2].ru:достопочтимый Шамиль четверть века возглавил борьбу за свободу родной земли || гьабизе:senses[9].examples[4].ru:великий имам Шамиль родился в 1797 году || лачен:senses[2].examples[0].ru:Шамиль из Гимрей — сокол бесстрашный
Тавус	3	Фавус	1	гӏодоб:senses[0].examples[21].ru:Тавус постлала ковёр на пол || рагъи:senses[0].examples[9].ru:Тавус поднялась по лестнице на веранду || тӏавус:senses[1].text:Тавус
Салман	3	Шалман	1	бугъизе:senses[0].examples[0].ru:Кунака имеешь, Салман, — отправляйся к нему, Кунака не имеешь, — устрою на ночлег || защитник:senses[0].examples[0].ru:в суде защитником был Салман || цебе:senses[5].examples[1].ru:Салман пришёл раньше всех
Курбан	3	Чурбан	1	жив:senses[0].examples[1].ru:Курбан спросил чабана, что не увидел ли он его кобылу || къватӏиб:senses[0].examples[36].ru:Геда выходит, а Курбан заходит || къурбан:senses[2].text:Курбан
Давуд	3	Давид	1	бегӏераб:senses[2].examples[2].ru:Давуд мальчик очень понятливый || дуризе:senses[0].examples[2].ru:Давуд прибавил скорость машины || санаторий:senses[0].examples[3].ru:Давуд приобрёл путёвку в санаторий
Асият	3	Засиять	2	аптека:senses[0].examples[1].ru:Асият работала в аптеке || къадахъан:senses[0].examples[2].ru:Асият принесла обед каменщикам || щуйилаб:senses[0].examples[1].ru:сегодня Асият получила пятёрку
яркокрасном	2	ярко красном	1	канчӏбагӏар:senses[0].text:в яркокрасном цвете || канчӏбагӏар:senses[0].examples[1].ru:виднеется в яркокрасном цвете
яркожёлтом	2	ярко жёлтом	1	кантӏогьил:senses[0].text:в яркожёлтом цвете || канчӏтӏогьил:senses[0].text:в яркожёлтом цвете
яловела	2	ялов ела	1	хӏорго:senses[0].examples[1].ru:корова в этом году яловела || хӏорлъизе:senses[0].examples[0].ru:кобыла яловела
этых	2	этих	1	зодиб:senses[0].examples[1].ru:да приобретёшь ты столько коз, сколько звезд на небе, и постигнет тебя столько бед, сколько волос на этых козах || кинабаб:senses[0].examples[0].ru:какая из этых картин тебе понравилась?
эмпирей	2	эмпирией	1	гӏарш:senses[1].text:эмпирей || гӏиллигун:senses[0].text:эмпирей
щитовник	2	щитов ник	1	цидуквачӏ:senses[0].text:папоротник, щитовник мужской; медвежья лапа || шори:senses[0].text:папоротник, щитовник мужской
щебнём	2	щебнем	1	чӏезе#1:senses[11].examples[1].ru:мостить дорогу щебнём || чӏимиххӏалаб:senses[0].text:с избитком мелкого щебня, изобилующий щебнём; щебнистый
щебетунья	2	щебетанья	1	чӏирчӏидиро:senses[1].text:щебетунья, чирикалка
шипенье	2	шипение	1	ващи:senses[0].text:шипенье || ващи:senses[0].examples[0].ru:шипенье пенистого вина
шаъбан	2	шарабан	2	шагӏбан:senses[0].text:шаъбан || шагӏбаналъ:senses[0].text:в месяце шаъбан
шариатский	2	арбатский	2	билълъанхъизе:senses[2].examples[0].ru:раньше в Дагестане бытовал шариатский суд || шаргӏияб:senses[0].text:шариатский
шаабан	2	шарабан	1	лъабмоцӏ:senses[0].comment:у мусульман: раджаб, шаабан и рамадан || лъабмоцӏил:senses[0].comment:месяцев раджаб, шаабан и рамадан
чохто	2	чох то	1	чухтӏу:senses[0].text:чохто, женский головной убор || чухтӏу:senses[0].examples[0].ru:одевать чохто
чауш	2	чаш	1	гӏел#2:senses[0].text:сельский глашатай, чауш; сельский исполнитель || росдал:senses[1].examples[2].ru:сельский глашатай, чауш
чародействовать	2	мародерствовать	2	гьабизе:senses[11].examples[12].ru:колдовать, чародействовать, ворожить || сихӏру:senses[2].examples[0].ru:колдовать, чародействовать, ворожить; организовать уловку; показывать, показать фокус
чагуре	2	чагу ре	1	чагур:senses[0].examples[1].ru:играть на чагуре || чагурчи:senses[0].text:мастер по игре на чагуре
чагур	2	чагу	1	чагур:senses[0].text:чагур, чонгур || чагур:senses[0].examples[0].ru:настраивать чагур
фонемный	2	фононный	2	фонема:senses[0].examples[0].ru:фонемный состав языка || фонемаялъул:senses[1].text:фонемный
фолькл	2	фольклор	2	лъезе:senses[5].examples[33].ru:фолькл. хан тут же помчался к дому телячьего пастуха || ярагъ:senses[0].examples[5].ru:фолькл. Оружие прицепив и на коня садясь
флюрографический	2	флюорографический	1	флюрографиялъул:senses[1].text:флюрографический || флюрографиялъул:senses[1].examples[0].ru:флюрографический снимок
ухъан	2	духан	2	речӏчӏухъанлъи:senses[0].text:от речӏчӏухъан || хӏалтӏухъанлъи:senses[0].text:от хӏалтӏухъан
утолстить	2	утолить	2	бицалъизабизе:senses[0].text:утолщать, утолстить; (с)делать что-либо толстим или толще; уплотнять, уплотнить, (с)делать что-либо плотным или плотнее || бицалъизабизе:senses[0].examples[0].ru:утолстить верёвку
утихомировать	2	утихомиривать	1	гӏодоцинабизе:senses[0].text:успокаивать, успокоить; утихомировать, утихомирить кого-либо; подавлять, подавить кого-что-либо || гӏодоцине:senses[0].text:успокаиваться, успокоиться; утихомировать, утихомирить; утихать, утихнуть
урбеча	2	щебеча	2	хьон#2:senses[0].examples[0].ru:произвести помол урбеча || хьотӏагьобо:senses[0].text:мельница для помола урбеча
унылии	2	унынии	1	къварид:senses[1].examples[0].ru:горевать, предаваться печали, горю, унылии, скорби; быть, находиться в печали, в горе, в унылии, в скорби || къварид:senses[1].examples[0].ru:горевать, предаваться печали, горю, унылии, скорби; быть, находиться в печали, в горе, в унылии, в скорби
уменшить	2	уменьшить	1	гьитӏинлъизабизе:senses[0].text:уменьшать, уменшить, преуменьшать, преуменьшить; убавлять, убавить; разукрупнять, разукрупнить что-либо || дагьлъизабизе:senses[0].text:уменьшать, уменшить что-либо чего-либо; убавлять, убавить что-либо чего-либо; (с)делать меньше; сокращать, сократить что-либо
тёмнокоричневого	2	тёмно коричневого	1	сурмияб:senses[0].text:коричневый, тёмнокоричневый; коричневого, тёмнокоричневого цвета || хьон#2:senses[0].comment:масло чёрного или тёмнокоричневого цвета, получаемое после помола на мельнице поджаренных зёрен льна или конопли, а также косточек абрикос; употребляется в пищу в основном в смеси с мёдом или с топлёным маслом
тухумом	2	тух умом	1	кьалаб:senses[0].examples[1].ru:враждующий с аулом со скалы упадёт, враждующего с тухумом река унесёт || росу:senses[0].examples[17].ru:враждовавший с селом со скалы упадёт, враждовавшего с тухумом река унесёт
тухумами	2	тух умами	1	ачу:senses[0].examples[0].ru:эти два тухума страшно ненавидят друг друга; между этими двумя тухумами большой гнев || багъизабизе:senses[0].examples[0].ru:(по)сеять раздор между двумя тухумами
трахтанье	2	барахтанье	2	кьвар-кьвари:senses[0].text:грохот, трескотня; трахтанье || кьвар-кьвари:senses[0].examples[0].ru:с неба раздалось трахтанье вертолёта
тиквы	2	тыквы	1	гӏарщ:senses[1].comment:например тиквы, огурцов и тому подобное || гӏарщ:senses[1].examples[0].ru:плети тиквы
телячим	2	телячьим	1	бачавехь:senses[0].examples[1].ru:лучше быть телячим пастухом, чем работать на тебя || бачавехьлъи:senses[0].examples[0].ru:работать телячим пастухом
талышский	2	латышский	2	талышазул:senses[1].text:талышский || талышазул:senses[1].examples[0].ru:талышский язык
талыши	2	талыми	1	талыш:senses[0].examples[0].ru:талыши || талышал:senses[0].text:талыши
супник	2	супчик	1	менча:senses[0].text:подставка-поднос под супник || хума:senses[0].text:супник, супница
сумашедшим	2	сумасшедшим	1	гӏадаллъизабизе:senses[0].text:сводить, свести с ума кого-либо; лишать, лишить рассудка кого-либо; (с)делать сумашедшим, умалишённым || гӏадаллъизе:senses[0].text:сходить, сойти с ума; становиться, стать сумашедшим, умалишённым
стихание	2	стирание	1	секьи:senses[1].text:стихание, утихание || секьи:senses[1].examples[0].ru:стихание боли
стеревятник	2	стервятник	1	балкан:senses[0].examples[1].ru:стеревятник, питающийся падалью
степняк	2	степной	2	авлахъ:senses[0].examples[1].ru:житель степи, степняк || авлахъ:senses[0].examples[2].ru:степняк
стажёрский	2	стайерский	2	стажёрлъиялъул:senses[1].text:стажёрский || стажёрлъиялъул:senses[1].examples[0].ru:стажёрский срок
спозараньку	2	спозаранку	1	мачӏикьго:senses[0].text:с утра пораньше; спозараньку || мачӏикьго:senses[0].examples[0].ru:зачем вы встали спозараньку?
сошник	2	сонник	1	къоб#1:senses[0].text:лемех, сошник || пурцимахх:senses[0].text:сошник, лемех
слепневый	2	селезневый	2	никӏкӏил:senses[1].text:слепневый || никӏкӏил:senses[1].examples[0].ru:слепневый месяц
скудеть	2	оскудеть	1	гӏакълу:senses[0].examples[13].ru:скудеть умом || хъарцинлъизе:senses[0].text:истощаться, истощиться; (о)скудеть; становиться, стать неплодородным; (по)терять плодородие
светлокоричневым	2	светло коричневым	1	канчӏсурмалъизабизе:senses[0].text:(с)делать светлокоричневым, (по)красить в светлокоричневый цвет || канчӏсурмалъизе:senses[0].text:становиться, стать светлокоричневым; принимать, принять светлокричневый цвет
сафар	2	сафари	1	сапар#2:senses[0].text:сафар || сапар#2:senses[0].examples[0].ru:месяц сафар
сапетка	2	салфетка	2	чӏеп:senses[0].text:корзина, сапетка; лукошко || чӏеп:senses[0].examples[0].ru:полная абрикосами сапетка
санэпидстанция	2	санэпидемстанция	2	санэпидстанция:senses[0].text:санэпидстанция || санэпидстанция:senses[0].examples[0].ru:городская санэпидстанция
ратль	2	рать	1	ратӏал:senses[0].text:ратль || ратӏал:senses[0].examples[1].ru:ратль ему не доступен, а на щигат он не согласен
рассточительность	2	расточительность	1	исрап:senses[0].examples[0].ru:промотать; проявить рассточительность; нерассчетливо тратить; излишествовать || исраплъи:senses[0].text:рассточительность; рассточительство; мотовство
радиофицировать	2	ратифицировать	2	радио:senses[0].examples[1].ru:провести радио, радиофицировать || радиофикация:senses[0].examples[0].ru:радиофицировать
радиожурналиста	2	радио журналиста	1	радиожурналист:senses[0].examples[0].ru:очерк радиожурналиста || радиожурналистлъи:senses[0].text:профессия, работа радиожурналиста
пурщины	2	пурины	1	пурщина:senses[0].examples[1].ru:кусок пурщины || пурщина:senses[0].examples[2].ru:ломтик пурщины
прорабский	2	про рабский	1	прорабасул:senses[1].text:прорабский || прорабасул:senses[1].examples[0].ru:прорабский участок
похлёпка	2	похлёбка	1	карщ:senses[1].text:суп, похлёпка || хузе:senses[0].examples[2].ru:похлёпка
полугарнец	2	полу гарнец	1	якъия:senses[0].text:полугарнец || якъия:senses[0].examples[0].ru:полугарнец масла
полтуши	2	потуши	1	ракьхъен:senses[0].text:половина туши, полтуши (животного); половина тела || ракьхъен:senses[0].examples[2].ru:полтуши весил десять килограммов
полсаха	2	пол саха	1	сахӏ:senses[0].examples[4].ru:полсаха, полмерки || сахӏилбащдаб:senses[0].text:полсаха
полмерки	2	пол мерки	1	къали#2:senses[1].examples[7].ru:мерку сеет, полмерки собирает || сахӏ:senses[0].examples[4].ru:полсаха, полмерки
поздный	2	поздний	1	ригьгьечӏуда:senses[0].text:не ко времени, в позднее время, в поздный час || ригьгьечӏуда:senses[0].examples[0].ru:гость, явившийся в поздный час
позапозапрошлом	2	поза позапрошлом	1	кьорцониса:senses[0].text:позапозапрошлый год, в позапозапрошлом году || кьорцониса:senses[0].examples[0].ru:в позапозапрошлом году одна моя родственница своего сына женила на ней
педучилища	2	пед училища	1	педучилище:senses[0].examples[0].ru:студентка педучилища || педучилище:senses[0].examples[1].ru:директор педучилища
педуниверситет	2	пед университет	1	педуниверситет:senses[0].text:педуниверситет || педуниверситет:senses[0].examples[0].ru:Дагестанский государственный педуниверситет
пахтать	2	пахать	1	гӏаку:senses[0].examples[0].ru:пахтать || щар:senses[0].examples[3].ru:сбивать масло [из молока], пахтать
ошеломляться	2	ошеломлять	2	кара:senses[0].examples[1].ru:ошеломляться, ошеломиться, ошарашиться || хӏайранлъизе:senses[0].text:изумляться, изумиться; удивляться, удивиться; поражаться, поразиться; ошеломляться, ошеломиться кем-чем-либо; недоумевать
очиток	2	очисток	1	гуккугӏеч:senses[0].text:очиток || гъадигӏеч:senses[0].text:молодило; очиток
оцеп	2	цеп	1	рахас:senses[2].text:оцеп || рахас:senses[2].examples[0].ru:подвешивать котёл на оцеп
отрубьями	2	отрубями	1	тӏахьтӏи:senses[0].examples[2].ru:скармливать отрубьями коровы || тӏахьтӏи:senses[0].examples[4].ru:пустая голова; голова, наполненная отрубьями
обяснить	2	объяснить	1	багьизабизе:senses[3].text:обяснять, обяснить; выяснять, выяснить; разъяснять, рязъяснить || бичӏчӏизабизе:senses[0].examples[3].ru:подробно обяснить, разъяснить
обобществить	2	обобществлять	2	гӏамм:senses[0].examples[0].ru:обобщать; обобществить || гӏаммаб:senses[0].examples[5].ru:(с)делать общим; обобществлять, обобществить
обессилеться	2	обессилеть	2	къечхӏа-гедазе:senses[0].text:обессилеться от зноя || хӏал:senses[1].examples[8].ru:ослабеть; обессилеться
обезобразиться	2	обезобразить	2	бегӏукълъизе:senses[0].text:быть, стать уродом, уродливым, безобразным, некрасивым, несимпатичным, невзрачным, неблаговидным; обезобразиться; изорудоваться || сурукълъизе:senses[0].text:становиться, стать уродливым, некрасивым, неприглядным, отвратительным; обезобразиться
ньюхательный	2	нюхательный	1	сунтӏ:senses[0].text:ньюхательный табак || сунтӏ:senses[0].examples[0].ru:(по)ньюхать ньюхательный табак
ничуточки	2	ниточки	2	махӏги:senses[0].text:нисколько, ничего, ничуть; ничуточки; не так || махӏги:senses[0].examples[2].ru:теперь от наставлений ничуточки пользы
нистолечки	2	нисколечко	2	расцин:senses[0].text:ничего, никакого, нистолечки || расцин:senses[0].examples[0].ru:нету же дома нистолечки муки
нечестие	2	нечестив	1	пасалъи:senses[2].text:нечестие, распутство || пасалъи:senses[2].examples[0].ru:распространить нечестие
нежёстким	2	не жёстким	1	тамахлъизабизе:senses[0].text:смягчать, смягчить; размягчать, размягчить; (с)делать мягким, нежёстким || тамахлъизе:senses[0].text:смягчаться, смягчиться; размягчатья, размягчиться; становиться, стать мягким, нежёстким
неждано	2	нежданно	1	лъачӏого:senses[1].text:нечаянно, невзначай, ненароком, вслепую; неждано-негадано || лъачӏого:senses[1].examples[0].ru:неждано-негадано, приехал отец, который считался без вести пропавшим на войне
негордый	2	не гордый	1	чӏухӏа-къули:senses[0].examples[0].ru:негордый || чӏухӏи:senses[2].examples[1].ru:негордый
наибство	2	таинство	2	наиблъи:senses[0].text:должность наиба, наибство || наиблъи:senses[1].text:наибство
надсмехаться	2	насмехаться	1	квегӏса:senses[0].examples[1].ru:обмануть; надсмехаться || тӏад:senses[0].examples[20].ru:надсмехаться над кем-либо, поднимать на смех, прохаживаться на чей-либо счёт; дразнить кого-либо
навису	2	навис	1	бал:senses[1].examples[2].ru:быть навису; висеть на острие ножа || гьетӏ:senses[0].text:деталь с крывым концом, надеваемая на остриё веретена при кручении ниток навису
набрасиваться	2	набрасываться	1	гъанчдезе:senses[2].text:грубить; сквернословить; ругаться, браниться; накричать, набрасиваться с руганью; зубоскалить || тӏадекӏанцӏизе:senses[0].text:набрасиваться, набросаться; накидываться, накинуться; налетать, налететь
мятлик	2	мят лик	1	нихьвахер:senses[0].text:мятлик || сусур:senses[0].text:овсюг; мятлик; костерь
мылостыню	2	милостыню	1	бахъизе:senses[27].examples[0].ru:отделить мылостыню || гьаризе#1:senses[1].text:просить мылостыню, подаяние
мылостиню	2	милостыню	2	къакъуцӏ:senses[1].comment:раздают в пятницу как мылостиню || къо:senses[4].examples[3].ru:да воздастся тебе [Аллахом] за перенёсшие трудности [в пути], и те лепёшки, чем ты питался, посчитает за мылостиню от себя же
многожды	2	многажды	1	гӏемерцӏул:senses[0].text:часто, многожды || чанго:senses[0].examples[0].ru:несколько раз, многожды
мехди	2	мехи	1	магьди:senses[0].text:мехди, мессия || магьди:senses[0].comment:по мусульманским верованиям, ближе к концу света на земле появится антихрист — тажжал, а против него выступит мессия — мехди, который укажет правоверным мусульманам праведный путь
междуусобица	2	междоусобица	1	кьал:senses[0].text:война; междуусобица || кьал:senses[0].examples[1].ru:разразилась междуусобица
малоурожайность	2	мало урожайность	1	пихъикълъи:senses[0].text:малоурожайность — о фруктах || рижаликълъи:senses[1].text:малоурожайность; неплодородность
малокушающий	2	мало кушающий	1	кваникъаб:senses[0].text:безаппетитный, малокушающий || кваникъаб:senses[0].examples[0].ru:малокушающий ребёнок
ликпункт	2	лик пункт	1	ликпункт:senses[0].text:ликпункт (ликвидационный пункт), пункт по ликвидаци неграмотности || ликпункт:senses[0].examples[1].ru:в ликпункт ходили и пожилые люди
лакцы	2	ларцы	1	лакал:senses[0].text:лакцы || тумал:senses[0].text:лакцы
къоно	2	кимоно	2	панно:senses[1].text:накъиш-сурат тӏад гьабураб ва сверун рамка бугеб къоно || планшет:senses[0].text:планшет (1. тӏад карта щула гьабулеб хъарщи, къоно
крылишко	2	крылышко	1	кваркьи:senses[0].text:крыло, крылишко || кваркьи:senses[0].examples[4].ru:взять кого-либо под крылишко
кровохаркания	2	кровохарканья	1	би#1:senses[0].examples[15].ru:избить до кровохаркания || би#1:senses[0].examples[17].ru:избили до кровохаркания
кресало	2	кресло	1	цӏагӏел:senses[0].text:огниво, кресало || цӏагӏел-мачӏу:senses[0].text:принадлежности для кресала; кресало и кремень
кремнёвки	2	кремнёвый	2	буртӏин:senses[1].comment:которое носили на большом пальце для взвода курка и для заряжения кремнёвки || гӏинтӏахер:senses[0].examples[0].ru:затравка кремнёвки
краткошеий	2	короткошеий	2	горбокъаб:senses[0].text:краткошеий || горбокъаб:senses[0].examples[0].ru:краткошеий человек
карноухий	2	корноухий	1	гӏин:senses[0].examples[32].ru:карноухий волк || гӏин:senses[0].examples[33].ru:Скажите, матери моей, чтоб не плакала она; Не напрасно погиб карноухий волк!
кагътил	2	катил	2	пергамент:senses[0].text:пергамент (1. кагътил бакӏалда хӏалтӏизабулеб букӏараб, тӏад хъвадаризе къачӏараб къехь || пергамент:senses[1].text:хасаб кагътил сорт
изьян	2	изъян	1	мукъсанлъи:senses[2].text:недостаток, изьян, дефект; несовершенство, дефектность, недостаточность || мукъсанлъи:senses[2].examples[0].ru:изьян в работе
зурнача	2	зурна	2	къадахъан:senses[0].examples[3].comment:эти специалисты в горах имели частые заказы, ибо без зурнача не состоялась ни одна свадьба, а строительство домов всегда не прекращалась || сверухълъи:senses[1].examples[0].ru:в округе не найдёшь зурнача, лучше, чем Загид
зурнач	2	зурна	1	зурмихъан:senses[0].text:зурнист, зурнач. || къадахъан:senses[0].examples[3].ru:зурнач и каменщик не останутся голодными
заплесневать	2	заплесневеть	1	ккал:senses[0].examples[0].ru:покрыться плесенью, заплесневать || ккалазабизе:senses[0].text:понудительная форма дать заплесневать
замужная	2	замужняя	1	ригьин:senses[0].examples[4].ru:замужная || росасул:senses[1].examples[1].ru:мужняя жена, замужная женщина
жёлтоватый	2	желтоватый	1	гӏобилкьераб:senses[0].text:жёлтоватый || тӏогьилккараб:senses[0].examples[0].ru:жёлтоватая кожа; жёлтоватый фон
дьяволский	2	дьявольский	1	шайтӏанаб:senses[0].text:чертовский, дьяволский || шайтӏаналъул:senses[1].text:чертовский, бесовский, дьяволский
домотканная	2	домотканая	1	гӏарщ:senses[0].text:ременная верёвка, домотканная из шерсти длинная лента || къвал:senses[0].examples[0].ru:домотканная длинная лента для ношениия кувшина
доильник	2	дольник	1	гӏака:senses[0].examples[7].ru:доильник, подойник || гӏакабечӏчӏ:senses[0].text:доильник, подойник
длиношеий	2	длинношеий	1	габур:senses[0].examples[9].ru:с длинной шеей, длиношеий || габурхалат:senses[0].text:длиношеий человек
держидерево	2	держи дерево	1	гъарачихъан:senses[0].text:держидерево || гьетӏзаз:senses[0].text:держидерево
девятсот	2	девятисот	1	ичӏнусазаралда:senses[0].text:девятсот тысяч || ичӏнусазарго:senses[0].text:девятсот тысяч
даргинцев	2	виргинцев	2	даргиялъ:senses[0].text:у даргинцев || даргиялъ:senses[0].examples[0].ru:у даргинцев Мухтар провёл три года
громыханье	2	громыхание	1	гӏинкълъизабизе:senses[0].examples[0].ru:громыханье артиллерийского залпа оглушил солдата || дваргъи-гӏанхъи:senses[0].text:шум, грохот; грохотанье, громыханье
вышивальшица	2	вышивальщица	1	угьаризе:senses[0].examples[1].ru:моя сестра искусная вышивальшица || угьарухъан:senses[0].text:вышивальшица, мастерица вышивать
высячем	2	висячем	1	хьвагӏолеб:senses[1].examples[0].comment:о высячем мосте || хьвартӏезе:senses[0].examples[0].comment:о высячем мосте
вспылчивым	2	вспыльчивым	1	манзилкъокълъизе:senses[0].text:быть вспылчивым, раздражительным || хехдаризе:senses[0].text:горячиться; становиться, стать вспылчивым
восклиц	2	воск лиц	1	вай#1:senses[0].text:восклиц. междометие, выражающее вообще радость, удивление, восхищение, удовольствие, а иногда недоумение, усталость, страдание, сожаление или презрение, а также печаль, испуг); ах, ой, ох, ба || воре-гьа:senses[0].comment:восклиц.; выражающее предупреждение, также; вдохновляющее певца
взырая	2	взирая	1	гьумер:senses[5].examples[16].ru:взырая на лица || гьумер:senses[5].examples[17].ru:не взырая на лица
вертихвост	2	верти хвост	1	гьагула:senses[0].text:несерёзный человек; тот, кто делает глупости; глупец, олух; вертихвост и вертихвостка || гьобо:senses[0].examples[1].comment:вертихвост
вбродь	2	вброд	1	бахине#1:senses[3].text:переправляться, переправиться через что-либо; переходить, перейти, переезжать, переехать что-л, через что-либо; переходить, перейти вбродь || бахине#1:senses[3].examples[2].ru:перейти вбродь речку
буйволиха	2	буйволица	1	гамущ:senses[0].text:буйвол и буйволиха || ганщигӏака:senses[0].text:буйволиха
брюхан	2	брюха	1	чехькӏодо:senses[0].text:брюхан, пузан || чирмачехь:senses[0].text:пузан, брюхан; бочка-пузо
бровьях	2	бровях	1	кьенсер:senses[0].examples[6].ru:на лбу поле не посеешь, на бровьях сад не вырастишь || нодо:senses[0].examples[9].ru:на лбу поле не посеешь, на бровьях сад не вырастишь
ботишей	2	ботавшей	2	ботӏиш:senses[0].examples[0].comment:аварский аул Согратль славится мастерицами по изготовлению ботишей || ботӏиш:senses[0].examples[1].ru:приятних запах ботишей
беспредел	2	бес предел	1	гӏорхъи:senses[0].examples[15].ru:беспредел; эксцес || тӏасанборчӏи:senses[1].text:беспредел
бесконца	2	бес конца	1	хъвахъвадизе:senses[0].text:трогать чего-либо [бесконца] || хъвахъвадизе:senses[0].examples[0].ru:не разрешайте детям бесконца трогать телевизор
белокопытник	2	белок опытник	1	лълъелтӏамах:senses[0].text:белокопытник, калужница болотная || хӏаркуч:senses[0].text:белокопытник гибридный
аульчане	2	нальчане	2	авал#1:senses[0].examples[3].ru:не женись на той, о ком говорит мама [твоя], а женись на той, о ком говорят аульчане || напакъа:senses[0].examples[0].comment:учащимся примечетских школ аульчане выделяли продукты на пропитание
аульчан	2	нальчан	2	бугъизе:senses[0].comment:по аварскому обычаю прибывшего в аул человека, если у него нет родных или знакомых, власти аула устраивали на ночлег по строгой очерёдности в домах аульчан; отнюдь это не бросало тень на обычай гостеприимства, а наоборот выражает желание каждого иметь гостя, радоваться его посещением || эхебе:senses[1].examples[0].ru:вниз по реке спустилось стадо коров аульчан
аргамак	2	ар гамак	1	аргъумахъ:senses[0].text:аргамак || аргъумахъ:senses[0].examples[0].ru:Оседлай аргамак серебряным седлом
апплодисменты	2	аплодисменты	1	кьаби:senses[0].examples[0].ru:апплодисменты || хъат:senses[2].text:апплодисменты
апплодисментов	2	аплодисментов	1	хъат:senses[2].examples[2].ru:гул апплодисментов || хъат:senses[2].examples[3].ru:раздался гром апплодисментов
алычевое	2	алычовое	1	алчаялъул:senses[1].examples[0].ru:алычевое дерево || алчаялъул:senses[1].examples[1].ru:алычевое варенье
албухари	2	глухари	2	албухари:senses[0].text:албухари || албухари:senses[0].examples[0].ru:сушить албухари
Чаландар	2	Баланда	2	гьелго:senses[0].examples[1].ru:Чаландар женился на их же дочери || къавутӏа:senses[0].examples[0].ru:в ту ночь на стойбище отары Чаландар дежурил
Хабиб	2	Ухабин	2	азархана:senses[0].examples[1].ru:Хабиб уложил тёщу в больницу || хӏабиб:senses[1].text:Хабиб
Умахана	2	Ума хана	1	багӏаргӏаларча:senses[0].examples[0].ru:Умахана коня гнедого я увёл, В Тифлис и обратно съездил я на нём || ханлъи:senses[0].examples[0].ru:при хане Умахане; во время ханствования Умахана
Тагир	2	Тагил	1	тириго:senses[0].examples[1].ru:Тагир живо встал || тӏад:senses[0].examples[8].ru:Тагир пошёл наверх
Муслимат	2	Сублимат	2	гьединлъидалха:senses[0].examples[0].ru:Муслимат женщина хорошая, поэтому же её выбрали депутатом || ункъачо:senses[1].examples[0].ru:тётя Муслимат
Маржанат	2	Манганат	2	гӏедегӏизабизе:senses[0].examples[0].ru:Маржанат торопила сына в мечеть [на намаз] || меседу:senses[0].examples[1].ru:Этих девушек сотный командир Маржанат, Красавиц знаменосица Байгинат
Кулизан	2	Ку лизан	1	кидаго:senses[0].examples[1].ru:Кулизан всегда говорит одно и то же || трактористлъи:senses[0].examples[0].ru:Кулизан сорок лет работал трактористом
Касум	2	Кусам	2	гӏебу-рукӏкӏен:senses[0].examples[0].ru:взяв шило с иголкой, Касум начал чинить обувь || хӏама:senses[0].examples[8].ru:Касум отправился на базар, навьючив корзины на ишака
Зухра	2	Зубра	1	бокьизе:senses[2].examples[3].ru:Зухра полюбила Тахира || ва#1:senses[0].examples[1].ru:Тахир да Зухра
Вахид	2	Шахид	1	бегаризе:senses[0].examples[1].ru:Вахид пахал до изнеможения || калам#1:senses[0].examples[3].ru:Вахид подошёл, услышав наш разговор
Балхар	2	Балхаш	1	щагӏихъан:senses[0].examples[0].ru:Балхар — аул гончаров || щегӏ:senses[0].examples[0].comment:аул Балхар славится мастерицами гончарного дела, а мужчины в старину ездили по всему Дагестану продавать гончарные изделия
Байзат	2	Банзай	2	гӏисинккун:senses[0].examples[1].ru:Байзат тихо пела || квер:senses[0].examples[37].ru:Байзат держит в руках свой [головной] платок
Алмас	2	Алма	1	алмас:senses[3].text:Алмас || алмас:senses[4].examples[0].ru:[выдрать] как сидорову козу; как Алмас овцу
ярлыгу	1	ярлыку	1	тӏил:senses[3].examples[0].ru:уходить с работы; положить ярлыгу
яркозелёные	1	ярко зелёные	1	канчӏгӏурччинаб:senses[0].examples[0].ru:на деревьях с ветки на ветку летают яркозелёные попугаи
яркозелёном	1	ярко зелёном	1	канчӏгӏурччин:senses[0].text:в яркозелёном, светлозелёном цвете
яркожёлтое	1	ярко жёлтое	1	канчӏтӏогьилаб:senses[0].examples[0].ru:яркожёлтое платье
яркоголубом	1	ярко голубом	1	канчӏхъахӏил:senses[0].text:в яркоголубом, светлоголубом цвете
яркобурый	1	ярко бурый	1	чӏорбагӏараб:senses[0].text:яркокрасный; яркобурый
яркобурая	1	ярко бурая	1	чӏорбагӏараб:senses[0].examples[0].ru:из-под куста выбежала яркобурая лиса
явства	1	яства	1	тӏагӏам:senses[0].examples[1].ru:явства
юшан	1	южан	1	мегӏ#1:senses[0].text:полынь, юшан
югосславы	1	югославы	1	югославал:senses[0].text:югосславы
эщт	1	это	2	эщтӏезабизе:senses[0].text:от эщтӏезе
эспарцет	1	испаряет	2	кетузаз:senses[0].text:астрагал шестицветковый; эспарцет рогообразный
эпидемиологияб	1	эпидемиология	1	санэпидстанция:senses[0].comment:санитариябгун эпидемиологияб станция
эмпирее	1	эмпирике	2	гӏиллигун:senses[0].examples[0].ru:души святых праведников обитаются в эмпирее
эллегия	1	элегия	1	марсият:senses[0].text:эллегия
эксцес	1	эксцесс	1	гӏорхъи:senses[0].examples[15].ru:беспредел; эксцес
эксплуататорша	1	эксплуататора	1	зулмучӏужу:senses[0].text:притеснительница, угнетательнница, эксплуататорша.
экпрессивность	1	экспрессивность	1	ва#3:senses[0].comment:выражающее экпрессивность высказывания
щиб	1	щи	1	сундухъ:senses[0].text:от щиб, щал за что
щестикратно	1	десятикратно	2	анлъцӏул:senses[0].text:щестикратно, шесть раз
щербить	1	щерить	1	гажахинабизе:senses[0].text:(с)делать что-либо зубчатым; зубрить, зазубривать, тупить, щербить острие
щебнистый	1	щебенистый	1	чӏимиххӏалаб:senses[0].text:с избитком мелкого щебня, изобилующий щебнём; щебнистый
щебетуньи	1	щебетанье	2	чӏирчӏидиро:senses[0].examples[0].ru:как надоели мне эти щебетуньи
щавелём	1	щавелем	1	жух:senses[0].examples[0].ru:испечь пирожки со щавелём
шёлкопряд	1	шелкопряд	1	чилладул:senses[1].examples[4].ru:шёлкопряд
штыкоподобный	1	тыквоподобный	2	хеч:senses[0].examples[3].ru:острый; штыкоподобный
штукатурщик	1	штукатурящий	2	вохьарухъан:senses[0].text:белильщик, штукатурщик-маляр
шнурообразный	1	шарообразный	2	чӏоломахӏаб:senses[0].text:шнурообразный; узкодлинный
шмонать	1	шмон ать	1	чӏухь:senses[0].examples[0].ru:обыскивать, обыскать, произвести обыск; шмонать жаргон
школьеиков	1	школьников	1	радиопередача:senses[0].examples[0].ru:радиопередача для школьеиков
широковаты	1	широко ваты	1	гӏатӏид:senses[0].examples[3].ru:брюки тебе широковаты
шипеньем	1	шипением	1	ващиялда:senses[0].text:с шипеньем
шиколотки	1	щиколотки	1	махӏу:senses[0].comment:выше шиколотки до колена
шестнадьцать	1	шестнадцать	1	ункъцӏул:senses[0].examples[1].ru:четырежды четыре — шестнадьцать
шестицветковый	1	шести цветковый	1	кетузаз:senses[0].text:астрагал шестицветковый; эспарцет рогообразный
шестисоттысячный	1	шестисот тысячный	1	анлънусазарабилеб:senses[0].text:шестисоттысячный
шестидесятитысячный	1	шести десятитысячный	1	лъабкъоазарабилеб:senses[0].text:шестидесятитысячный
шерстобитов	1	шерстобитом	1	денгъелабутӏ:senses[0].text:лук (у шерстобитов), трепалка шерсти
шаховать	1	шахов ать	1	шах:senses[0].examples[0].ru:объявить шах, шаховать
шафиитский	1	шиитский	2	шапигӏияб:senses[0].text:шафиитский
шафиитская	1	шиитская	2	шапигӏияб:senses[0].examples[0].ru:шафиитская школа в исламе
шаркание	1	шарканье	1	хъурщи#1:senses[2].text:шаркание
шариатского	1	азиатского	2	хӏукму:senses[0].examples[1].comment:шариатского судьи
шаралда	1	шарада	1	параллель:senses[1].text:дуниялалъул шаралда экваторалда бащадаб манзилалъул мухъ
шапочник	1	шляпочник	2	тӏагъур:senses[0].examples[24].ru:шапочник
шайтанов	1	шайтаном	1	шайтӏан:senses[0].examples[2].ru:свора шайтанов
чёрноокий	1	черноокий	1	бералчӏегӏер:senses[0].text:тот (та), у кого очи чёрные; чёрноокий и чёрноокая; чёрноглазый и чёрноглазая
чёрноокая	1	черноокая	1	бералчӏегӏер:senses[0].text:тот (та), у кого очи чёрные; чёрноокий и чёрноокая; чёрноглазый и чёрноглазая
чёрнокосая	1	чёрно косая	1	гъалалчӏегӏер:senses[0].text:чёрноволосая; чёрнокосая
чёрноземе	1	черноземе	1	чӏегӏерракь:senses[0].examples[0].ru:сеять пшеницу на чёрноземе
чёрнозем	1	чернозем	1	чӏегӏерракь:senses[0].text:чёрнозем
чёрноглазый	1	черноглазый	1	бералчӏегӏер:senses[0].text:тот (та), у кого очи чёрные; чёрноокий и чёрноокая; чёрноглазый и чёрноглазая
чёрноглазая	1	черноглазая	1	бералчӏегӏер:senses[0].text:тот (та), у кого очи чёрные; чёрноокий и чёрноокая; чёрноглазый и чёрноглазая
чёрноволосая	1	черноволосая	1	гъалалчӏегӏер:senses[0].text:чёрноволосая; чёрнокосая
чутьистая	1	чуть истая	1	махӏбач:senses[0].text:чутьистая собака, охотничья собака; легавая
чуреки	1	чурки	1	черек#2:senses[0].examples[2].ru:надевать чуреки
чрезвичайно	1	чрезвычайно	1	гӏажаибго:senses[2].text:чрезвичайно, исключительно, очень сильно
чонгуру	1	кенгуру	2	базе:senses[15].examples[4].ru:прикрепить струны к чонгуру
чобочине	1	обочине	1	чобочараб:senses[0].text:от чобочине
чешуями	1	чешуя ми	1	тегьизе:senses[1].examples[0].ru:подпочвенная соль выступает наружу белыми чешуями
четырёхсоттысячный	1	четырёхсот тысячный	1	ункънусазарабилеб:senses[0].text:четырёхсоттысячный
четырёхсотграммовая	1	четырёхсот граммовая	1	гилавка:senses[1].examples[1].ru:четырёхсотграммовая банка
четверёньках	1	четвереньках	1	хъурщизе:senses[0].examples[0].ru:ползать на четверёньках
челядинец	1	челядине	1	чукъа:senses[0].text:челядинец, телохранитель; нукер
чвахи	1	свахи	1	символизм:senses[0].comment:литературияб чвахи
чахъу	1	чахну	1	мегӏер-гӏалах:senses[0].examples[2].comment:'чахъу' овца
чахоточник	1	чахоточный	2	гьуэр:senses[0].examples[1].ru:человек с больними лёгкими; туберкулёзник, чахоточник
чауша	1	чаша	1	гӏеллъи:senses[0].text:работа, должность чауша, глашатая, сельского исполнителя
чатица	1	чтица	1	гьеле:senses[0].comment:чатица указательное (местоимение), обычно употребляется в отношении того, что (или; кто) находится вблизи к собеседнику
чарыков	1	арыков	1	дулагъал:senses[0].comment:носят поверх чарыков
чанчур	1	чан чур	1	чӏанчӏур:senses[0].text:чанчур
чабановать	1	чабанов ать	1	гӏиявехьлъи:senses[0].examples[0].ru:работать чабаном, чабановать
чабанить	1	табанить	1	вехьлъи:senses[0].examples[0].ru:чабанить, чабанствовать; пастушить; пасти скот
цинтварная	1	цитварная	1	цунлърул:senses[0].examples[0].ru:полынь цинтварная
церкьовь	1	церковь	1	гьатӏан#1:senses[0].text:часовня, церкьовь
целессобразный	1	целесообразный	1	маслахӏатаб:senses[0].text:целессобразный
цаби	1	цари	1	мокъ:senses[1].examples[2].comment:цаби зубы
хьитал	1	итал	2	ортопедиялъул:senses[1].examples[0].comment:масала, хӏатӏазе сакъат бугезе хьитал гьарулеб
хункера	1	бункера	1	исламалъул:senses[1].examples[2].comment:титул турецкого хункера
хункер	1	бункер	1	хункар:senses[0].text:хункер
хрометь	1	охрометь	1	рекълъизе:senses[0].text:(о)хрометь, быть, стать хромым; прихрамывать, припадать на ногу
хребтина	1	хребта	2	мугъ:senses[1].text:хребет, хребтина
хояйка	1	хозяйка	1	бетӏергьанчӏужу:senses[0].text:хояйка, владелица кого-чего-либо
хочеться	1	хочется	1	ракӏбатизабизе:senses[0].examples[0].ru:мне хочеться поднять его настроение; хочется его развеселить
хорошосложенный	1	хорошо сложенный	1	багъилаб:senses[1].text:хорошосложенный
хорошосложенная	1	хорошо сложенная	1	багъилаб:senses[1].examples[0].ru:хорошосложенная фигура
хомутина	1	хомутика	1	хамут:senses[0].examples[2].ru:хомутина
холщина	1	холина	1	хӏебет:senses[0].text:холст, холщина; льняная ткань
холщевый	1	холщовый	1	хӏебтил:senses[1].text:холщевый, холстинный
холщевой	1	холщовой	1	хӏебтил:senses[1].examples[1].ru:холщевой мешок
холщевое	1	холщовое	1	хӏебтил:senses[1].examples[0].ru:холщевое платье
хилеть	1	хиреть	1	нахъеккезе:senses[1].text:(за)чахнуть, хилеть
хиджры	1	хитры	2	исламияб:senses[0].examples[0].ru:исламское летоисчисление; летоисчисление хиджры
хиджре	1	химере	2	гьижра:senses[0].examples[0].ru:летоисчисление по хиджре
хиджра	1	хибара	2	гьижра:senses[0].text:хиджра
хевсуры	1	мессуры	2	хевсурал:senses[0].text:хевсуры
хвощевая	1	хвощовая	1	лъалу:senses[0].text:тис; кузьмичева трава, эфедра хвощевая
хасандалу	1	ха сандалу	1	хӏасандала:senses[0].examples[0].ru:играть в хасандалу
ханствования	1	царствования	2	ханлъи:senses[0].examples[0].ru:при хане Умахане; во время ханствования Умахана
хадисы	1	хасиды	2	авараг:senses[0].examples[5].ru:хадисы пророка
хадатайству	1	ходатайству	1	тӏалабалда:senses[0].examples[2].ru:по хадатайству
фтомонтаж	1	фотомонтаж	1	фотомонтаж:senses[0].text:фтомонтаж
фруктовоконсервный	1	фруктово консервный	1	завод:senses[0].examples[0].ru:фруктовоконсервный завод
фотодокумент	1	фото документ	1	фотодокумент:senses[0].text:фотодокумент
финнский	1	финский	1	финназул:senses[1].text:финнский
физическияб	1	физический	2	физкультура:senses[0].comment:физическияб культура
фиговвый	1	фиговый	1	инжиралъул:senses[1].text:фиговвый
фарсахов	1	фарс ахов	1	парсахъ:senses[0].examples[0].ru:на расстоянии пяти фарсахов
учредителььный	1	учредительный	1	гӏуцӏиялъулаб:senses[1].text:учредителььный
ученьшить	1	уменьшить	1	тӏадагьлъизабизе:senses[0].examples[0].ru:ученьшить вес ноши, облегчить ношу
уцмий	1	луцкий	2	уцуми:senses[0].text:уцмий
уцеление	1	целение	1	хвасарлъи:senses[1].text:спасение, освобождение; уцеление
утятник	1	утятниц	1	хъарчигъа:senses[0].text:ястреб-утятник
утяжеляться	1	утяжелять	2	бакӏлъизе:senses[0].text:(о)тяжелеть, потяжелеть; утяжеляться, утяжелиться; грузнеть; становиться тяжёлым, увесистым, грузным
утончить	1	уточнить	2	тӏеренлъизабизе:senses[0].text:(с)делать тонким или тоньше; (у)тончать, утончить что-либо; истончать
утончание	1	утончение	1	тӏеренлъи:senses[1].text:утончание
утолститься	1	утолиться	2	бицалъизе:senses[0].text:утолщаться, утолститься; становиться, стать толстым или толще; уплотняться, уплотниться, становиться, стать плотным или плотнее; полнеть, ожиреть
утихание	1	утирание	1	секьи:senses[1].text:стихание, утихание
услшыт	1	услышат	2	дугӏа:senses[0].examples[2].ru:да услшыт [Аллах] молитву
усилять	1	усилят	1	багӏаризабизе:senses[1].text:усилять, усилить, интенсифицировать; работать, действовать энергично
урмат	1	урчат	1	пантеон:senses[0].text:пантеон (1. хӏурмат бугел машгьурал гӏадамал рукъарал хабзал
упрямость	1	упрям ость	1	гӏамаликълъи:senses[1].text:своенравие, упрямость; капризность; строптивость
унтверсал	1	универсал	1	универсал:senses[0].text:унтверсал
уничижиться	1	уничтожиться	2	хӏакъирлъизе:senses[0].text:быть, стать презренным, подлым, ничтожным; уничижиться перед кем-либо
униние	1	уныние	1	тӏатӏала:senses[0].examples[8].ru:сильно ослабиться, пасть в униние, падать духом
уменьшитсья	1	уменьшится	1	мигьлъизе:senses[0].text:уменьшаться, уменьшитсья; убавляться, убавиться; всхлипывать; поплакнуть
улыцы	1	улицы	1	къотӏноб:senses[0].examples[6].ru:с улыцы был слишен какой-то голос
узкодлинный	1	узко длинный	1	чӏоломахӏаб:senses[0].text:шнурообразный; узкодлинный
уздень	1	уз день	1	узден:senses[0].text:уздень, независимый от феодала крестьянин, свободный крестьянин
уздене	1	узде не	1	лагъ:senses[0].examples[1].comment:об уздене
уженщин	1	женщин	1	бер#1:senses[0].text:глаз, око; чего-либо; свет очей; свет очей; умереть; сна кого-что-либо(древниеаварцы верили тому, что дёргание век правого глаза у мужчин, левого — уженщин ко злу, а если наоборот, то к добру)на ком-либо бранное слово, выражение в переносном значении ласкательная (форма) чьих-либо ласкательная (форма) пословица поговорка поговорка загадкацӏаддождьбранное слово, выражение в переносном значении бранное слово, выражение поговорка бранное слово, выражение буквально в переносном значении(отгнева)в переносном значении
угольях	1	угорьях	1	ракъдада:senses[0].examples[2].ru:сам не свой; как на горячих угольях; словно рыба, выброшенная на сушу
угнетеие	1	угнетение	1	зулмучилъи:senses[0].text:притеснеие, насилие, угнетеие, гнет; тирания, эксплуатация, деспотизм
углеродги	1	углерод	2	углевод:senses[0].comment:углеродги, кислородги, водородги жубараб вещество
уволнять	1	увольнять	1	бахъизе:senses[15].text:уволнять, уволить, снимать, снять, освобождать, освободить
увлечся	1	увлечься	1	хабар:senses[1].examples[12].ru:заговорится, увлечся беседой, тянуть волынку; удлинить разговор
убъёт	1	убьёт	1	рукӏниб:senses[0].examples[0].ru:рыча в логове, лев не убъёт дычь, находящуюся на горе
уазик	1	тазик	1	уазик:senses[0].text:уазик
тёмнокоричневый	1	тёмно коричневый	1	сурмияб:senses[0].text:коричневый, тёмнокоричневый; коричневого, тёмнокоричневого цвета
тёмноватый	1	темноватый	1	бецӏккараб:senses[0].text:тёмноватый, мрачноватый
тёмлый	1	тёмный	1	додинабго:senses[0].examples[1].ru:вчера был тёмлый день, такой же день и сегодня
тяжёлейший	1	тяжелейший	1	анкьбекараб:senses[0].text:тяжёлейший, очень трудный
тяжолое	1	тяжелое	1	юргъан:senses[0].examples[0].ru:тяжолое стеганое одеяло
тюрмы	1	тюрьмы	1	бахъизе:senses[2].examples[3].ru:освободить (вытащить) из тюрмы
тысячекрасочный	1	тысяче красочный	1	азаркьераб:senses[0].text:тысячецветный, тысячекрасочный, пёстрый
тыквянка	1	тыквина	2	гунзари:senses[0].text:горлянка, тыквянка
тушинец	1	тушине	1	тушав:senses[0].text:тушинец
тухуме	1	тух уме	1	кьибил#3:senses[0].examples[3].ru:распри в тухуме
тунелле	1	туннеле	2	туннель:senses[0].examples[2].ru:в тунелле темно
тувинка	1	тувинца	1	тувинай:senses[0].text:тувинка
тубдиспансера	1	туб диспансера	1	тубдиспансер:senses[0].examples[0].ru:врач тубдиспансера
тубдиспансер	1	туб диспансер	1	тубдиспансер:senses[0].text:тубдиспансер
тридцатитысячный	1	тридцати тысячный	1	лъеберазарабилеб:senses[0].text:тридцатитысячный
тресканию	1	трескаю	2	кьватӏ-кьватӏизабизе:senses[0].text:способствовать тресканию
тренканию	1	трепанию	2	хъинтӏи-митӏир:senses[0].text:подражание бренчанию, тренканию струн
трахтаньем	1	барахтаньем	2	кьар-кьвариялда:senses[0].text:грохоча; с трескотней; с трахтаньем
трамлин	1	трамплин	1	трамплин:senses[0].examples[0].ru:лижный трамлин
тощает	1	отощает	1	къадарлъизе:senses[1].examples[0].ru:к весне скот тощает
торговатся	1	торговаться	1	даран:senses[0].examples[6].ru:(с)торговатся
тончать	1	торчать	1	тӏеренлъизабизе:senses[0].text:(с)делать тонким или тоньше; (у)тончать, утончить что-либо; истончать
тонины	1	тонны	1	тӏеренлъи:senses[2].examples[0].ru:верёвка одинаковой тонины
толокнянный	1	толокняный	1	тӏохол:senses[1].text:толокнянный, толоконный
толокноед	1	толокно ед	1	богӏорцо:senses[1].examples[2].comment:букв.; толокноед
толмуд	1	талмуд	1	талмуд:senses[0].text:толмуд
тилмач	1	толмач	1	тилмачлъи:senses[0].text:от тилмач
теоретичекий	1	теоретический	1	теоретикияб:senses[0].text:теоретичекий
телячем	1	телячьем	1	бачавехь:senses[0].examples[0].ru:сказка о телячем пастухе
телячего	1	телячьего	1	бачавехьлъи:senses[0].text:работа, занятие телячего пастуха
телятница	1	телятника	1	бече:senses[0].examples[5].ru:телятница
телнятнике	1	телятнике	1	бачибокь:senses[0].examples[0].ru:в телнятнике забыли выключить свет
телефогорамма	1	телефонограмма	2	телефонограмма:senses[0].text:телефогорамма
тезировать	1	тестировать	2	тезис:senses[0].examples[2].ru:тезировать
твёрдолобый	1	твердолобый	1	лабчмахӏав:senses[0].examples[0].ru:он человек твёрдолобый
твёрдокаменный	1	твердокаменный	1	гамачӏ:senses[0].examples[18].ru:твёрдый как камень, твёрдокаменный
талышка	1	малышка	1	талышай:senses[0].text:талышка
сьедобной	1	съедобной	1	цӏцӏелмегеж:senses[0].comment:название сьедобной травы
сычужина	1	сыч ужина	1	бурукь#1:senses[0].text:сычужина, сычужная закваска
сыродел	1	сыр одел	1	хӏанихъан:senses[0].text:сыродел
сыгуг	1	сугуб	2	махьа:senses[0].examples[0].ru:сыгуг просушился
счастлывая	1	счастливая	1	лахӏзат:senses[1].examples[1].ru:счастлывая пора
сухопродукты	1	сухо продукты	1	пихъ:senses[0].examples[0].ru:сухопродукты
суфий	1	сучий	1	суфи:senses[0].text:суфий
суратал	1	сура тал	1	проекция:senses[1].text:экраналда суратал, киноялъул кадраби рихьизари
сундус	1	сундук	1	сундус:senses[0].text:сундус
сумятиции	1	сумятица	2	къиямасеб:senses[0].text:для выражения высшей степени смятения, переполоха, сумятиции и тому подобное настигшая человека
сумотряс	1	смотрясь	2	къвачӏакӏутӏ:senses[0].text:поскребыш, последний ребёнок в семье; сумотряс
сумеречний	1	сумеречной	1	бакъани-маркӏачӏул:senses[0].text:сумеречний
сумасшедий	1	сумасшедший	1	тӏури#1:senses[2].examples[4].ru:сумасшедий; оголтелый
судебник	1	судеб ник	1	ахӏкамал:senses[0].examples[2].ru:судебник
субботный	1	субботний	1	щамат:senses[0].examples[2].ru:субботный базар
ступеньчатый	1	ступенчатый	1	болъахараб:senses[0].text:ступеньчатый
ступеньчатая	1	ступенчатая	1	болъахараб:senses[0].examples[0].ru:ступеньчатая дорога
студийцы	1	студийный	2	студия:senses[0].examples[4].ru:студийцы
стрижущий	1	стригущий	1	мугькъунцӏ:senses[0].text:скряга; жадина, жадюга; стрижущий зёрнышко пополам
ссунт	1	сунут	2	хъерело:senses[0].examples[0].comment:'ссунтӏ' нюхательный табак
ссортесь	1	ссоритесь	1	къацандизе:senses[1].examples[0].ru:не ссортесь между собой
спосопствовать	1	способствовать	1	хӏабухӏинабизе:senses[0].text:спосопствовать прению
способстовать	1	способствовать	1	хисизабизе:senses[1].text:способстовать обмену, мене; заменять, заменить
спозааранку	1	спозаранку	1	цудунго:senses[0].examples[0].ru:рано утром, спозааранку
сподличать	1	подличать	1	хъублъизе:senses[1].text:совершать, совершить подлость; сподличать
сплетнчать	1	сплетничать	1	гъибат:senses[0].examples[1].ru:сплетнчать — для мусульманина грех большой
спесивец	1	спесивиц	1	гӏамалкӏодо:senses[0].text:гордец и гордячка; спесивец
спасиба	1	спасибо	1	баркала:senses[1].examples[5].ru:ни спасиба от людей, ни воздаяния от Аллаха
соцерцании	1	созерцании	1	бахӏарлъизе:senses[0].examples[0].ru:при соцерцании девиц-красавиц молодею я
сорокатысячный	1	сорока тысячный	1	кӏикъоазарабилеб:senses[0].text:сорокатысячный
сопртсменом	1	спортсменом	2	спортсмен:senses[0].examples[1].ru:стать сопртсменом
сопливец	1	сопливиц	1	хунчӏрук:senses[0].text:сопляк, сопливец
сонуля	1	сынуля	1	макьихӏама:senses[0].text:соня, сонуля; сонная тетеря
сомокрутки	1	самокрутки	1	буцӏ:senses[0].examples[1].comment:для сомокрутки
содельник	1	сочельник	1	цадахъчи:senses[0].text:сообщник; содельник
совнарком	1	сов нарком	1	совнарком:senses[0].text:совнарком
совевсти	1	совести	1	нич-намус:senses[0].examples[1].ru:не имеющий ни стыда ни совевсти
собщить	1	сообщить	1	лъазабизе:senses[2].examples[3].ru:собщить весть о себе
собутильники	1	собутыльники	1	гьекъел:senses[0].examples[0].ru:собутильники
собутильник	1	собутыльник	1	гьалмагъ:senses[0].examples[5].ru:собутильник
сначада	1	сначала	1	цин:senses[2].text:сначада, сперва
смыщлённым	1	смолённым	2	цӏодорлъизе:senses[0].text:становиться, стать умным, сообразительным, благоразумным, понятливым, смыщлённым, смекалистым
сллова	1	слова	1	ракӏ:senses[1].examples[190].ru:слова, идущие из глубины души, чистосердечные слова; из сердца идущие сллова
слишны	1	слышны	1	тӏвапи:senses[0].examples[0].ru:на крыльце были слишны его шаги
слишно	1	слитно	1	лъахьи:senses[0].examples[0].ru:было слишно шуршание робы военных
слишни	1	слизни	1	сас:senses[0].examples[6].ru:были слишни звуки девичьей песни
слепнеподобный	1	слепне подобный	1	никӏкӏмахӏаб:senses[0].text:назойливый, навязчивый; слепнеподобный
слезиньки	1	слезинки	1	бер#1:senses[0].examples[19].ru:ни в одном глазу не было слезиньки
сладкокислый	1	сладко кислый	1	гьуинцӏекӏаб:senses[0].text:сладкокислый
скручил	1	скрутил	1	кьуризабизе:senses[1].examples[0].ru:попросить, чтобы скручил нитки
скочался	1	скончался	1	къанщизе:senses[1].examples[0].ru:он скочался
скотиноподобный	1	скотоподобный	2	махӏа:senses[1].examples[2].ru:скотиноподобный
скоропостыжная	1	скоропостижная	1	хвел:senses[0].examples[2].ru:скоропостыжная смерть
склоннение	1	склонение	1	падеж:senses[0].examples[7].ru:склоннение по падежам
складывть	1	складывать	1	лъезе:senses[0].text:складывть, класть, (по)ложить, уложить, (по)ставить что-либо куда-либо; деть:
складивать	1	складывать	1	къазе:senses[11].text:складивать, сложить что-либо
сквоз	1	сквозь	1	нечезе:senses[0].examples[3].ru:сгореть от стыда, провалиться сквоз землю от стыда; от стыда умирать
синун	1	синен	1	сен:senses[0].text:синун
силные	1	сильные	1	сас-хъуй:senses[0].text:силные звуки, шумные голоса
силно	1	сильно	1	бортанхъизе:senses[1].text:силно ругать, накричать
сизоворонка	1	сизо воронка	1	лъарагъеду:senses[0].text:сизоворонка
серебрянника	1	серебрянка	2	къебелъи:senses[0].examples[0].ru:мастерская серебрянника
серебряника	1	серебрянка	1	гӏарцул:senses[1].examples[13].ru:мастерская серебряника
семисоттысячный	1	семисот тысячный	1	анкьнусазарабилеб:senses[0].text:семисоттысячный
семилинейная	1	семи линейная	1	номер:senses[1].examples[0].ru:семилинейная лампа
семижды	1	семиты	2	анкьцӏул:senses[0].text:семь раз, семикратно; семью, семижды
сезонник	1	сезонниц	1	сезон:senses[0].examples[5].ru:сезонник
седмых	1	седых	1	анкьабизе:senses[0].text:в-седмых
седлуподобный	1	седлу подобный	1	кьилигӏадаб:senses[0].text:седлообразный, седлуподобный
седельника	1	сед ельника	1	кьолохъанлъи:senses[0].text:профессия седельного мастера, седельника, шорника
седельник	1	сед ельник	1	кьолохъан:senses[0].text:седельный мастер, седельник, шорник
сегодгяшнего	1	сегодняшнего	1	жакъа:senses[0].examples[7].ru:с сегодгяшнего дня
сгорблению	1	оскорблению	2	кӏкӏвелизабизе:senses[0].text:способствовать сгорблению
святиньей	1	свиньей	2	рач:senses[0].examples[0].comment:по древнему поверью аварские кузнецы считали наковальню святиньей
свясло	1	святило	2	гулирохьен:senses[0].text:свясло
свояченница	1	свояченица	1	вас:senses[1].examples[16].ru:свояченница; тёща сына
свикнусь	1	свыкнусь	1	бакъараб:senses[1].examples[1].comment:т. е. свикнусь с голодом
светлосером	1	светло сером	1	канчӏцӏахӏил:senses[0].text:в светлосером цвете
светлокоричневом	1	светло коричневом	1	канчӏсурмаго:senses[0].text:в светлокоричневом цвете
светлокоричневого	1	светло коричневого	1	канчӏсурмияб:senses[0].examples[0].ru:материал светлокоричневого цвета
светлозелёном	1	светло зелёном	1	канчӏгӏурччин:senses[0].text:в яркозелёном, светлозелёном цвете
сверун	1	сверен	1	панно:senses[1].text:накъиш-сурат тӏад гьабураб ва сверун рамка бугеб къоно
сватовстстве	1	сватовстве	2	бакка-бахъи:senses[0].examples[1].comment:напр. о сватовстстве
свардивость	1	сварливость	1	кӏалквешлъи:senses[1].text:злоязычность, свардивость
сасанидский	1	сатанинский	2	сасанияб:senses[0].text:сасанидский
санэпидстанции	1	санэпидемстанции	2	санэпидстанция:senses[0].examples[1].ru:работать в санэпидстанции
самостоятельый	1	самостоятельный	1	жибго:senses[1].examples[1].ru:самостоятельый
садовничество	1	надомничество	2	ахихъанлъи:senses[0].text:садовничество, садоводство
рязъяснить	1	разъяснить	1	багьизабизе:senses[3].text:обяснять, обяснить; выяснять, выяснить; разъяснять, рязъяснить
рыхлыть	1	рыхлить	1	гьогьлъизабизе:senses[0].text:(с)делать что-либо мягким, рыхлым; размягчать, размягчить; (раз)рыхлыть что-либо
рыхдый	1	рыхлый	1	гьацаб:senses[0].examples[0].ru:рыхдый снег
рысца	1	рыска	1	гьели:senses[1].text:рысь, рысца; бег
рыжекосая	1	рыже косая	1	гъалалбагӏар:senses[0].text:рыжеволосая; рыжекосая
румазул	1	разул	2	пантеон:senses[1].text:некӏсиял греказул ва румазул киналго аллагьзабазе бараб храм
ругел	1	ругал	1	пансион:senses[1].text:жанир ругел чагӏазе квана-гьекъолеб жо букӏин
рубцевать	1	рубцеваться	2	гьудазе:senses[0].text:(за)живать, зажить; (за)рубцевать, срастаться, срастись
ротлоб	1	рот лоб	1	рокьоб:senses[0].text:ротлоб
рокотаньем	1	рокотанием	1	гӏал-гӏалияда:senses[0].examples[0].ru:по канаве вода текла с рокотаньем
рождёный	1	рождёны	1	илбис:senses[1].examples[2].ru:дьявол, рождёный от дьявола
родукты	1	продукты	1	гӏатӏ-тӏех:senses[0].text:мучные продукты, рипасы; родукты питания; смолотое зерно; мука и толокно
рипасы	1	припасы	1	гӏатӏ-тӏех:senses[0].text:мучные продукты, рипасы; родукты питания; смолотое зерно; мука и толокно
реёнка	1	ребёнка	1	лъимер:senses[0].examples[14].ru:кормить реёнка грудью
решительнаял	1	решительная	1	таваккалчӏужу:senses[0].text:решительнаял, смелая, самоотверженная женщина
рецензентка	1	рецензента	1	рецензент:senses[0].text:рецензент и рецензентка
рехулеб	1	рефулер	2	бомбардировщик:senses[0].comment:бомбаби рехулеб самолёт
рефрижираторе	1	рефрижераторе	1	рефрижиратор:senses[0].examples[0].ru:везти мясо на рефрижираторе
рефрижиратор	1	рефрижератор	1	рефрижиратор:senses[0].text:рефрижиратор
реформаторство	1	реформатство	2	реформаторлъи:senses[0].text:реформаторство
ретузы	1	рейтузы	1	тӏажу:senses[0].text:брюки, штаны, шаровары, ретузы
рестораннный	1	ресторанный	1	рестораналъул:senses[1].text:рестораннный
ренесанс	1	ренессанс	1	ренесанс:senses[0].text:ренесанс
ремизы	1	релизы	1	маххало:senses[0].text:ремизы (присобление для уплотнения ткани ковров, шалей и тому подобное)
ректорствовать	1	редакторствовать	2	ректорлъи:senses[0].examples[0].ru:ректорствовать
резидентство	1	президентство	1	резидентлъи:senses[0].text:резидентство
резидентский	1	президентский	1	резидентлъиялъул:senses[1].text:резидентский
резветь	1	реветь	1	бигьине:senses[2].text:(от)резветь, протрезветь, протрезвляться, протрезвиться
редкоредколлегия	1	редко редколлегия	1	редкоредколлегия:senses[0].examples[0].ru:редкоредколлегия журнала
регъей	1	реггей	1	сварка:senses[0].comment:регъей
революцинный	1	революционный	1	ревлюционияб:senses[0].text:революцинный
ревлюционером	1	революционером	1	ревлюционер:senses[0].examples[1].ru:стать ревлюционером
ревлюционер	1	революционер	1	ревлюционер:senses[0].text:ревлюционер
реванщистская	1	реваншистская	1	реваншистазулаб:senses[0].examples[2].ru:реванщистская политика
ребятышек	1	ребятишек	1	къокъа:senses[0].examples[0].ru:куча ребятышек
ращновидность	1	разновидность	1	тӏехӏнису:senses[0].comment:ращновидность
рахъ	1	рахат	2	топография:senses[1].text:планалде ва картаялде босизелъул ракьул тӏасияб рахъ борциналъул гӏелму 2. бакӏалъул бугеб хӏалалъул план ва карта гьаби
раторопно	1	расторопно	1	хех:senses[5].text:ловко, проворно, раторопно, живо
ратля	1	ратуя	1	ратӏал:senses[0].examples[0].ru:от ратля сметаны получишь щигат (1,2 кг) масла
расчёсивать	1	расчёсывать	1	катӏари:senses[0].examples[0].ru:расчёсивать чуб
расхохотиться	1	расхохотаться	1	гӏагӏадизе:senses[0].text:хохотать; громко, раскатисто смеяться; рассмеяться, засмеяться; расхохотаться, расхохотиться, разразиться хохотом
растущущие	1	растущие	2	тайга:senses[0].examples[0].ru:деревья, растущущие в тайге
растлеются	1	растлеваются	2	ракьа:senses[0].examples[14].ru:да растлеются кости твои!
растерзу	1	растерт	2	бихъ-бихъизе:senses[2].examples[0].ru:я его растерзу
расстянувши	1	растянувший	2	хъарщи:senses[0].examples[2].ru:расстянувши лежит, словно доска
расстроенности	1	настроенности	2	биххизабизе:senses[2].examples[0].ru:приводить животное в состояние расстроенности
рассточительство	1	расточительство	1	исраплъи:senses[0].text:рассточительность; рассточительство; мотовство
рассточительный	1	расточительный	1	исрапчи:senses[0].text:рассточительный человек
рассмортеть	1	рассмотреть	2	хал:senses[0].examples[2].ru:разглядывать, разглядеть; рассматривать, рассмортеть; (по)смотреть
расплода	1	рас плода	1	къинлъи:senses[1].examples[3].ru:период расплода
рапсределяли	1	распределяли	2	мугь:senses[1].examples[1].comment:горцы собирали с каждого дыма по кружке и варили в огромных котлах зерно в пору цветения деревьев, чтобы спасти почек от стихийных бедствий; затем рапсределяли его между жителями аула
райвоенкомом	1	рай военкомом	1	райвоенком:senses[0].examples[1].ru:работать райвоенкомом
райбойники	1	разбойники	1	толозе:senses[2].examples[0].ru:райбойники ограбили путника
разяснить	1	разъяснить	1	баянлъизабизе:senses[0].text:выяснять, выяснить; объяснять, объяснить; разъяснять, разяснить; прояснять, прояснить
разговеть	1	раз говеть	1	биччазе:senses[8].examples[4].ru:разговеть
разговарвать	1	разговаривать	1	кӏалъазе:senses[0].text:(по)говорить, разговарвать, (по)беседовать с кем-либо
разветляющийся	1	разветвляющийся	1	лъабгӏаркьелаб:senses[0].text:разветляющийся на три части
разветляющееся	1	разветвляющееся	1	лъабгӏаркьелаб:senses[0].examples[0].ru:разветляющееся на три части дерево
разветлять	1	разветвлять	1	карахинабизе:senses[0].text:понудительная форма разветлять
разветляется	1	разветвляется	1	бартурахъ:senses[0].text:основная канава, от чего разветляется вода
радоть	1	радость	1	рохел-аваданлъи:senses[0].text:радоть и веселье
радиопрограмму	1	радио программу	1	радиопрограмма:senses[0].examples[2].ru:опубликовать радиопрограмму в газете
рабудил	1	разбудил	1	авал-къоно:senses[0].examples[1].ru:так [сильно] кричал, что рабудил людей близлежащих кварталов
пёрнуть	1	пырнуть	1	кьазе:senses[0].text:выпустить газы; портить воздух; пукнуть; пёрнуть
пятисоттысячный	1	пятисот тысячный	1	щунусазарабилеб:senses[0].text:пятисоттысячный
пятизарядная	1	пяти зарядная	1	щуцӏул:senses[1].examples[1].ru:пятизарядная винтовка
пьятую	1	пятую	1	хъумус:senses[0].examples[0].ru:выделить пьятую часть военной добычи
пьятая	1	пятая	1	хъумус:senses[0].text:пьятая часть военной добычи
пьянсвовать	1	пьянствовать	1	рогӏоро:senses[0].examples[3].ru:пьянсвовать; держать рот под трубой
пьянения	1	опьянения	1	мехтизабизе:senses[0].text:(о)пьянить, опянять кого-либо; спаивать, споить, напаивать, напоить допьяна кого-либо; довести до пьянения
пыинке	1	пинке	1	яхӏ:senses[0].examples[4].ru:кристально чистый, не запятнявший чести; не давший пыинке сесть на честь
пыжовник	1	крыжовник	2	чӏортобахъ:senses[0].text:шомпол, пыжовник
пшениной	1	пшенной	1	хӏичи:senses[0].text:густая каша из пшениной муки, болтушка
пурщину	1	пурину	1	пурщина:senses[0].examples[0].ru:приготовить пурщину
пурщина	1	пурина	1	пурщина:senses[0].text:пурщина
пузатик	1	пуза тик	1	гӏакдачехь:senses[0].text:пузатик; коровье пузо
птнами	1	пятнами	1	багӏарчараб:senses[0].examples[0].ru:корова с рыжими птнами
психологичекий	1	психологический	1	психологиялъулаб:senses[0].examples[0].ru:психологичекий анализ
психиатором	1	психиатром	1	психиатр:senses[0].examples[0].ru:работать психиатором
псиголог	1	психолог	1	психолог:senses[0].examples[0].ru:опытный псиголог
прыишла	1	пришла	1	кӏури:senses[0].examples[1].ru:моя сестра прыишла из сада с вязанкой обрезанных веток
прывичку	1	привычку	2	гьусизе:senses[0].examples[1].ru:тебе пора бросить прывичку натравливать людей друг на друга
прудовый	1	пудовый	1	хӏорил:senses[1].text:прудовый, озёрный
прудовая	1	пудовая	1	хӏорил:senses[1].examples[0].ru:прудовая вода
прошллогоднее	1	прошлогоднее	1	гъоркьсияб:senses[0].examples[1].ru:прошллогоднее варенье
прохудеете	1	похудеете	1	нах:senses[3].examples[1].ru:спросили у обуви: “Когда вы прохудеете?” Те ответили: “Спросите у масла”
профорганизация	1	проф организация	1	профорганизация:senses[0].text:профорганизация
професия	1	профессия	1	связистлъи:senses[0].text:должность, работа, професия, специальность связиста
протяж	1	про тяж	1	дирго:senses[0].comment:протяж местоимение
проституткин	1	проститутки	1	хъахӏба:senses[0].examples[3].ru:сукин сын; проституткин сын
промелькнуться	1	промелькнуть	2	партӏизе:senses[1].text:промелькнуться
прокурорсий	1	прокурорский	1	прокурорлъиялъулаб:senses[0].text:прокурорсий
проклиняет	1	проклинает	1	къоркъокӏал:senses[0].text:человек, который проклиняет всех
прожорорливость	1	прожорливость	2	чехьквешлъи:senses[0].text:обжорство; прожорорливость, ненасытность
продёржки	1	продёрни	2	резин:senses[1].text:резинка (для продёржки и тому подобное)
продырявылась	1	продырявилась	1	эгъе:senses[0].examples[1].ru:пятка чулка продырявылась
продажник	1	продаж ник	1	ватӏанбич:senses[0].text:продажник; продавший родину
програма	1	программа	1	аграрияб:senses[0].examples[1].ru:аграрная програма
приятних	1	приятных	1	ботӏиш:senses[0].examples[1].ru:приятних запах ботишей
прихрамываясь	1	прихрамывать	2	рекъдизе:senses[0].examples[2].ru:отец пришёл прихрамываясь
притеснеие	1	притеснение	1	зулмучилъи:senses[0].text:притеснеие, насилие, угнетеие, гнет; тирания, эксплуатация, деспотизм
приспособливание	1	приспосабливание	1	ругьунлъи:senses[2].text:приспособливание, акклиматизация, адаптация
присомтра	1	присмотра	2	тох:senses[0].examples[2].ru:не оствляйте детей без присомтра
приплюснуться	1	приплюснуть	2	хъибихъизе:senses[0].text:сплющиться, приплюснуться; расширяться, расшириться
примекнулся	1	приткнулся	2	гӏондокь:senses[1].examples[0].ru:покажись, ласка, только хвост твой мне примекнулся
приказанье	1	приказание	1	буюр:senses[0].text:приказ, приказанье
приемлимо	1	приемлемо	1	къабул:senses[0].text:приемлимо, удовлетворительно; согласно
пригребав	1	пригребла	2	бухӏун:senses[0].examples[0].ru:золу пепла отгребав, золу огня пригребав
приглосят	1	пригласят	1	элги:senses[0].examples[3].ru:и они приглосят тебя в гости
привязанностях	1	привязанность	2	хӏал:senses[0].examples[10].ru:он не постоянен в своих привязанностях
приведствует	1	приветствует	1	аллагь:senses[1].examples[16].ru:да благословит и приведствует [его] Аллах
прздничный	1	праздничный	1	праздникалъул:senses[1].text:прздничный
прерывистие	1	прерывистое	1	хӏункъдизе:senses[0].text:издавать прерывистие звуки
преподначенное	1	преподнесенное	2	насиб:senses[0].text:доля, удел; удача, счастье; что-либо преподначенное судьбой
премирие	1	перемирие	1	биххизе:senses[5].examples[2].ru:нарушить мир, премирие
преливчатый	1	переливчатый	1	гугьар:senses[0].examples[0].ru:преливчатый
презр	1	презрю	1	къвачӏа:senses[0].examples[14].ru:презр. беднота, бедный люд, нищие
предсумеречнюю	1	предсумеречною	1	бакъани-маркӏачӏуда:senses[0].text:в ранний вечер; в предсумеречнюю пору
предовтратить	1	предотвратить	2	гьукъизе:senses[1].examples[0].ru:предовтратить беду
предмедах	1	предметах	1	лъоба:senses[2].comment:употребляется, когда речь идёт о предмедах, находящихся выше говорящего
пребранка	1	перебранка	1	къацанди:senses[1].examples[0].ru:пребранка женщин
пприбавилось	1	прибавилось	1	мукъраниб:senses[1].examples[0].ru:разбогател; в зобе зёрнышко пприбавилось
потчевает	1	потчевать	2	хӏама:senses[0].examples[23].ru:на осле сидит — потчевает, на коне сидит — попивает
потатуйка	1	потатчика	2	гьудгьуд:senses[0].text:удод, потатуйка
посёлковый	1	поселковый	1	посёлокалъул:senses[1].text:посёлковый
посллелог	1	послелог	1	цебеса:senses[3].text:посллелог спереди кого-чего-либо
последыш	1	последы	1	ахирисеб:senses[0].examples[1].ru:последний ребёнок, последыш
поскрипнуть	1	по скрипнуть	1	къиризе:senses[0].text:издать скрип, поскрипнуть
поскребыш	1	поскреб	2	къвачӏакӏутӏ:senses[0].text:поскребыш, последний ребёнок в семье; сумотряс
попрыгуня	1	попрыгунья	1	кӏанцӏеро:senses[0].examples[0].ru:блоха — попрыгунья, но стрекоза — попрыгуня намного крупнее неё
поплакнуть	1	всплакнуть	2	мигьлъизе:senses[0].text:уменьшаться, уменьшитсья; убавляться, убавиться; всхлипывать; поплакнуть
поньюхать	1	понюхать	1	сунтӏизе:senses[0].examples[0].ru:поньюхать запах
поминнках	1	поминках	1	дугӏа:senses[0].text:мольба, зов, просьба; молитва (после намаза, еды, при поминнках и тому подобное)
полуумие	1	полоумие	1	ботӏрокълъи:senses[0].text:полуумие; безглавие
полуколония	1	полу колония	1	колония:senses[0].examples[2].ru:полуколония
политэкономический	1	полит экономический	1	политэкономияб:senses[0].text:политэкономический
полвесны	1	пол весны	1	их:senses[0].examples[4].ru:прошла полвесны
полбарана	1	пол барана	1	ракьхъен:senses[0].examples[0].ru:половина барана, полбарана
покрывить	1	покривить	1	гьереси:senses[0].examples[0].ru:(со)лгать, (со)врать, говорить неправду; покрывить душой; искажать правду; брехать
поколебимость	1	непоколебимость	2	бусса-свери:senses[1].text:уступчивость, поколебимость
позапрошлогодный	1	позапрошлогодний	1	кьерцсинаб:senses[0].text:позапрошлогодный
позапрошлогодного	1	позапрошлогоднего	1	кьерцсинаб:senses[0].examples[0].ru:кукуруза позапрошлогодного урожая
позапозапрошлый	1	поза позапрошлый	1	кьорцониса:senses[0].text:позапозапрошлый год, в позапозапрошлом году
подожды	1	подожди	1	цодагьалъ:senses[0].examples[0].ru:подожды ещё немного
погостившись	1	погостивший	2	бугӏа:senses[1].examples[1].ru:хлебом-солью привязанности приобретёшь, погостившись — доверия приобретёшь
поварачивайся	1	поворачивайся	1	буссине:senses[3].examples[2].ru:поварачивайся!
плошадь	1	лошадь	1	ритӏел:senses[0].examples[1].ru:ровная плошадь
плесневать	1	плесневеть	1	ккалазе:senses[0].text:(за)плесневать; покрываться, покрыться плесенью
планеристка	1	планериста	1	планеристка:senses[0].text:планеристка
планалде	1	планиде	2	топография:senses[1].text:планалде ва картаялде босизелъул ракьул тӏасияб рахъ борциналъул гӏелму 2. бакӏалъул бугеб хӏалалъул план ва карта гьаби
плагиатством	1	плагиаторством	2	плагиатлъи:senses[0].examples[0].ru:заниматься плагиатством
плагиатство	1	плагиаторство	2	плагиатлъи:senses[0].text:плагиатство
пионеразул	1	пионе разул	1	пионервожатая:senses[0].comment:пионеразул вожатая
пещерообразный	1	веерообразный	2	нохъахараб:senses[1].text:пещерообразный, с углублениями; пещеристый
песый	1	песий	1	гьвел:senses[1].text:собачий, псиный, песый
песчанная	1	песчаная	1	авлахъ:senses[0].examples[0].ru:песчанная равнина
персиовым	1	персиковым	1	мокьрогъветӏ:senses[0].examples[1].ru:мы сидели под персиовым деревом
перерабативать	1	перерабатывать	1	бахъизе:senses[22].text:(с)делать что-либо из чего-либо; перерабативать, переработать что-либо
переплятник	1	переплетчик	2	хъергъу:senses[0].text:ястреб-переплятник
перепелятник	1	перепелят ник	1	боржине:senses[0].examples[3].ru:взлетев, ястреб-перепелятник сел на выступ высокой скалы
передыдущий	1	предыдущий	1	сон#1:senses[0].examples[3].ru:передыдущий год
переграду	1	преграду	1	багъизе:senses[3].comment:о переграду
переградил	1	преградил	1	гӏазу:senses[0].examples[9].ru:снег переградил дорогу
пергрызла	1	перегрызла	1	букъизе#5:senses[0].examples[2].ru:лиса пергрызла индюшке горло
пенчию	1	пению	1	пенсия:senses[0].examples[4].ru:она получает пенчию
педучилище	1	пед училище	1	педучилище:senses[0].text:педучилище
патруливать	1	патрулировать	2	хъаравуллъи:senses[0].examples[0].ru:караулить, сторожить; патруливать; охранять
патрик	1	Патрик	0	батӏрикъ:senses[0].text:патрик
пастьбы	1	пасть бы	1	ирга:senses[1].examples[0].ru:подворная очередь пастьбы скота
пасмо	1	пасло	1	цер:senses[2].text:пасмо; небольшой ком шерсти, приготовленный для прядения
партшколы	1	парт школы	1	партшкола:senses[0].examples[1].ru:директор партшколы
партшколу	1	парт школу	1	партшкола:senses[0].examples[0].ru:он окончил партшколу
партшколе	1	парт школе	1	партшкола:senses[0].examples[2].ru:учиться в партшколе
партшкола	1	парт школа	1	партшкола:senses[0].text:партшкола
пардав	1	пар дав	1	паранжа:senses[0].comment:пардав
параноя	1	паранойя	1	параноя:senses[0].text:параноя
параллелопипед	1	параллелепипед	1	параллелопипед:senses[0].text:параллелопипед
панцырь	1	панцирь	1	къолден:senses[0].text:кольчуга, панцырь; броня
пандуриста	1	бандуриста	1	пандрихъанлъи:senses[0].text:профессия пандуриста
палцем	1	пальцем	1	бадиб:senses[0].examples[0].ru:тыкать палцем в глаза
оягнилась	1	ягнилась	1	къинлъизе:senses[4].examples[0].ru:овца оягнилась
ошарашиться	1	ошарашить	2	кара:senses[0].examples[1].ru:ошеломляться, ошеломиться, ошарашиться
очкур	1	очку	1	тӏаждарухьен:senses[0].text:шнурок (продеваемый в пояс штанов); гашник, очкур
охранщик	1	охранник	1	лол:senses[0].examples[1].ru:ночной охранщик стоял у входа в загон
отцовсого	1	отцовского	1	гьоболаб:senses[1].examples[0].ru:не бросай отцовсого кунака и дорогу, к которому привык
отсохда	1	отсохла	1	бакъвазе:senses[1].examples[0].ru:ветка дерева отсохда
отсилать	1	отсылать	1	битӏизе:senses[0].examples[7].ru:высылать, выслать; отсилать, отослать
отсечётся	1	осечётся	1	бетӏеркъотӏ:senses[0].examples[0].ru:Да отсечётся голова твоя — нет тебе места на годекане
отриц	1	остриц	1	кинаб:senses[0].examples[2].ru:с отриц. глаголом никакой
отплюнуть	1	от плюнуть	1	ахту:senses[0].examples[0].ru:отплюнуть
отоларинтология	1	отоларингология	1	отоларингология:senses[0].text:отоларинтология
отоларинтологический	1	отоларингологический	1	отоларингологиялъул:senses[1].text:отоларинтологический
отношеие	1	отношение	1	кӏвар:senses[0].examples[3].ru:халатное отношеие
откупорывать	1	откупоривать	1	рагьизе:senses[3].text:откупорывать, откупорить
отгонное	1	потогонное	2	гочаризе:senses[0].examples[1].ru:отгонное животноводство
отгнева	1	от гнева	1	бер#1:senses[0].text:глаз, око; чего-либо; свет очей; свет очей; умереть; сна кого-что-либо(древниеаварцы верили тому, что дёргание век правого глаза у мужчин, левого — уженщин ко злу, а если наоборот, то к добру)на ком-либо бранное слово, выражение в переносном значении ласкательная (форма) чьих-либо ласкательная (форма) пословица поговорка поговорка загадкацӏаддождьбранное слово, выражение в переносном значении бранное слово, выражение поговорка бранное слово, выражение буквально в переносном значении(отгнева)в переносном значении
отвишей	1	отвисшей	1	квер:senses[0].examples[71].ru:щедрый, благодушный; с отвишей от подарков рукой
отбуквально	1	от буквально	1	бацӏцӏалъизе:senses[1].text:очиститься; лишиться чего-либо, оставаться ни; освобождаться, избавляться чего-либо; счем отбуквально
осётровая	1	осетровая	1	осётралъул:senses[1].examples[0].ru:осётровая икра
осьпа	1	оспа	1	къанагӏалъизе:senses[0].examples[0].ru:осьпа стала редким явлением
остужатьтся	1	остужаться	1	квачазе:senses[0].text:охлаждаться, остужатьтся
оствляйте	1	оставляйте	1	тох:senses[0].examples[2].ru:не оствляйте детей без присомтра
ослабину	1	ослабну	1	бичча-бихъантезе:senses[0].text:распускать; дать ослабину; показать оплошность
осиротил	1	осиротел	1	бесдаллъизабизе:senses[0].examples[1].ru:он осиротил детей
освоводиться	1	освободиться	1	тархъанлъизе:senses[0].examples[1].ru:освоводиться от ига
осведемлён	1	осведомлён	1	щуябго:senses[0].examples[2].comment:о чём осведемлён говорящий или пишущий
оргромные	1	огромные	1	чӏахӏияб:senses[0].examples[7].ru:оргромные деревья
опянеешь	1	опьянеешь	1	буза:senses[0].examples[0].ru:кумыкская буза такой напиток, сколько бы её не выпишь — не опянеешь
опретивный	1	оперативный	2	отряд:senses[0].examples[0].ru:опретивный отряд
опресняки	1	опресноки	1	могьоргояб:senses[0].examples[1].ru:опресняки
оппортунистская	1	оппортунистка	2	оппортунистияб:senses[0].examples[0].ru:оппортунистская группа
опостилеть	1	опостылеть	1	бизарлъизе:senses[0].text:скучать, соскучиться по кому-либо; надоедать, надоесть кому-либо; опостилеть
опостилели	1	опостылели	1	бизарлъизе:senses[0].examples[0].ru:опостилели мне больница и лекарства
опорыш	1	опоры	1	тӏутӏ#1:senses[0].examples[7].ru:опорыш, личинка мухи
опленён	1	пленён	1	пикру:senses[0].examples[4].comment:букв опленён
опленяют	1	пленяют	1	асирлъи:senses[0].examples[3].ru:воина, не попавшегося в плен в бою, опленяют твои прекрасные очи
опленить	1	пленить	1	босизе:senses[7].examples[10].ru:подвергать влиянию, опленить
опереньем	1	оперением	1	кьер#1:senses[1].examples[1].ru:птица с красивым опереньем
опарник	1	парник	1	гад:senses[0].text:опарник
олеб	1	хлеб	1	багъа-бачари:senses[1].text:шатание, качание; колыхание, колебание; сотрясение || багъа-бачаризабизе:senses[0].text:расшатывать, (рас)шатать; раскачивать, (рас)качать; колыхать, колебать что-либо || багъа-бачаризе:senses[0].text:шататься, качаться; колыхатья, колебаться
оладик	1	оладий	1	хъухъанчед:senses[0].text:блин; оладик
озорствовать	1	упорствовать	2	орозлъизе:senses[0].text:становиться, стать озорным; озорствовать
озонерит	1	озокерит	1	кьурупицӏ:senses[0].text:горная смола, озонерит
озеленять	1	озеленят	1	гӏурччинлъизабизе:senses[0].text:озеленять, озеленить; (с)делать зелёным
озвончение	1	озвучение	2	зири:senses[1].text:озвончение
одичаться	1	одичать	2	гӏалхуллъизе:senses[0].text:одичаться; становиться диким, дичать
одеревеснела	1	одеревенела	1	гӏочӏокъине:senses[0].examples[0].ru:траву следует косить, пока она не одеревеснела
овцеподобный	1	овце подобный	1	чахъумахӏаб:senses[0].text:овцеподобный
овцевдство	1	овцеводство	1	гӏияхъанлъи:senses[0].text:овцевдство; профессия овцевода
овладатель	1	обладатель	1	сиррурабан:senses[0].examples[0].ru:овладатель знания сокровенного
обясни	1	объясни	1	аслу:senses[0].examples[0].ru:обясни сущность этого вопроса
обьятиях	1	объятиях	1	кӏичӏ:senses[1].examples[5].ru:Будучи в обьятиях супруги своей, Стрелы Амура зачем пускаешь в красавиц села?
обыдеть	1	обидеть	1	инжит:senses[0].examples[0].ru:унизить, обыдеть, оскорбить, измучить; глумиться над кем-л
объязан	1	обязан	1	закагӏат:senses[0].examples[1].ru:он объязан был каждый год отчислять очистительный налог от своего золота
обоюдострый	1	обоюдоострый	1	кӏибалаб:senses[0].text:обоюдострый
оборванность	1	оторванность	1	хъаркӏаслъи:senses[2].text:оборванность; бедность
обнародоваться	1	обнародовать	2	загьирлъизе:senses[1].text:появляться, появиться, возникать, возникнуть; открыться; обнародоваться
обменятьмя	1	обменяться	1	хис-бас:senses[0].examples[0].ru:обменятьмя
обжегшись	1	обжегшийся	2	риидал:senses[0].examples[3].comment:обжегшись на молоке, станет дуть и на воду; пуганая ворона куста боится
обессилевшись	1	обессилевший	2	къечхӏа-гедазе:senses[0].examples[0].ru:овцы лежат, обессилевшись от зноя
обескультурье	1	бескультурье	1	болъонил:senses[1].examples[1].comment:о обескультурье
обезобразилось	1	обезобразил ось	1	сурукълъизе:senses[0].examples[0].ru:его лицо обезобразилось
няньчить	1	нянчить	1	лъимал:senses[0].examples[2].ru:няньчить детей
нюхание	1	нюханье	1	сунтӏи:senses[1].examples[0].ru:нюхание табака
ньюхание	1	нюханье	2	сунтӏи:senses[1].text:ньюхание
ньюхальщица	1	нюхальщица	1	сунтӏуч:senses[0].text:ньюхальщик и ньюхальщица табака
ньюхальщик	1	нюхальщик	1	сунтӏуч:senses[0].text:ньюхальщик и ньюхальщица табака
ныряться	1	нырять	2	ччударизе:senses[0].text:ныряться
нуцал	1	нукал	1	нуцал:senses[0].text:князь, нуцал
нукеру	1	нумеру	1	буюризе:senses[0].examples[0].ru:хан велел нукеру выгнать шейха вон
нукерство	1	юнкерство	2	нукарлъи:senses[0].text:нукерство; должность, служба нукера
нукерский	1	юнкерский	2	нукарасул:senses[1].text:нукерский
нукерская	1	юнкерская	2	нукарасул:senses[1].examples[0].ru:нукерская форма
нукером	1	нумером	1	нукарлъи:senses[0].examples[0].ru:нукерствовать, служить нукером
нукера	1	нумера	1	нукарлъи:senses[0].text:нукерство; должность, служба нукера
носильках	1	носилках	1	жаназа:senses[0].examples[1].ru:вслед его трупом [на носильках] весь аул пошёл на кладбище
нозёл	1	козёл	1	гӏиял:senses[1].examples[3].ru:вожак (отары); овечий нозёл
нозвоночник	1	позвоночник	1	булагьин:senses[0].examples[1].ru:нозвоночник, похожий на оглоблю
ножнички	1	ножички	1	кӏвекьмахх:senses[0].examples[0].ru:ножнички
ногайка	1	нагайка	1	ногъаяй:senses[0].text:ногайка
ногаец	1	нога	2	ногъаяв:senses[0].text:ногаец
новелист	1	новеллист	1	новеллист:senses[0].text:новелист
нищенствовующий	1	нищенствующий	2	кӏалдиб:senses[0].examples[22].ru:умирающий с голоду, нищенствовующий; тот, у кого во рту завелись вши
нищенственный	1	неженственный	2	ресукъаб:senses[0].text:неимущий, бедный, несостоятельный; нищенственный
нисполал	1	ниспослал	1	авараглъи:senses[0].examples[0].ru:Аллах нисполал пророчество Мухаммеду, когда достиг сорока лет
нигогда	1	никогда	1	гӏорцӏизе:senses[0].examples[1].ru:голодный думает, что никогда не насытится, а сытый, что нигогда не проголодает
неэнергично	1	не энергично	1	бечӏадго:senses[1].text:лениво, неэнергично
неуязвымый	1	неуязвимый	1	квер:senses[0].examples[55].ru:неуязвымый
неутступчивый	1	неуступчивый	1	бусса-свери:senses[1].examples[0].ru:неутступчивый, непоколебимый
неузвим	1	неуязвим	1	квер:senses[0].examples[56].ru:он неузвим
нетотёпа	1	недотёпа	1	синугьечӏ:senses[0].text:нетотёпа; невоспитанный человек
неспеша	1	не спеша	1	хӏалтӏи:senses[1].examples[7].ru:хороша работа, которая делается неспеша
неспесив	1	не спесив	1	чӏухӏа-къули:senses[0].examples[1].ru:среди сотрудников он неспесив
несбиточное	1	несбыточное	1	букӏунареб-лъугьунареб:senses[0].text:невозможное; несбиточное
нерожающая	1	не рожающая	1	чӏужу:senses[0].examples[13].ru:нерожающая ребёнка женщина
нереч	1	черен	2	щвартӏан:senses[0].comment:нереч.
непороворотливый	1	неповоротливый	2	хӏинцаб:senses[0].text:медленный, медлительный, ленивый, непороворотливый, нерасторопный, вялый
неполноумный	1	неполно умный	1	тӏубараб:senses[1].examples[6].ru:ненормальный, неполноценный, неполноумный, полуумный
неполивные	1	не поливные	1	лъалъазе:senses[0].examples[3].ru:неполивные, богарные земли
неорганиченный	1	неограниченный	2	гӏорхъи:senses[0].examples[9].ru:безграничный, неорганиченный, беспредельный
неожидданно	1	неожиданно	1	тахӏанкан:senses[1].examples[1].ru:неожидданно пошёл дождь
неодноукратно	1	неоднократно	1	чанцӏулго:senses[0].text:многократно, неодноукратно, несколько раз
неогласовка	1	не огласовка	1	сукун:senses[0].comment:неогласовка в арабской письменности
необснованный	1	необоснованный	1	батӏулаб:senses[2].examples[0].ru:необснованный спор
ненасытгый	1	ненасытный	1	хъантӏараб:senses[0].text:жадный, алчный, ненасытгый
немягкий	1	не мягкий	1	къвакӏараб:senses[3].text:жёсткий, немягкий
немужчиной	1	не мужчиной	1	кӏусур:senses[0].examples[0].ru:из-за тебя пришлось унижаться перед этим немужчиной
немужчина	1	не мужчина	1	кӏусур:senses[0].text:немужчина; женоподобный мужчина; мужчина, который берётся выполнять и женские работы
незря	1	незряч	1	гӏадада:senses[0].examples[1].ru:незря учёные говорят…
нежёстко	1	не жёстко	1	тамах:senses[0].text:мягко, нежёстко
нежёсткий	1	не жёсткий	1	тамахаб:senses[0].text:мягкий, нежёсткий
недоспелость	1	недозрелость	2	щовукълъи:senses[1].text:недоспелость
недожарить	1	недожаривать	2	кьеризабизе#2:senses[0].text:недожарить
недожарила	1	недожаривала	2	кьеризабизе#2:senses[0].examples[0].ru:Асма недожарила хлеб
негорькие	1	не горькие	1	пурчӏун:senses[0].examples[1].ru:негорькие косточки
негатавное	1	негативное	1	гӏаксаб:senses[0].examples[0].ru:негатавное значение
невосприимчимвый	1	невосприимчивый	1	тӏунцаб:senses[0].text:нелюдимый, молчаливый, невосприимчимвый
невзрослый	1	не взрослый	1	чи:senses[0].examples[8].ru:невзрослый
невезучесть	1	невезуч есть	1	къобухӏи:senses[1].text:бедность, убожество; бесталанность, беспомощность; невезучесть
неважый	1	неважный	1	кӏваричӏеб:senses[0].text:ненужный, излишний, неважый, не имеющий значения
небудет	1	не будет	1	наслу:senses[0].examples[3].ru:да небудет у тебя потомства!
небоящийся	1	не боящийся	1	беркъай:senses[1].examples[0].ru:небоящийся, смелый
небладарном	1	неблагодарном	2	хинкӏ:senses[0].examples[0].comment:о небладарном человеке
неблагочестивому	1	не благочестивому	1	варагӏ:senses[0].examples[1].ru:неблагочестивому нет близости к Аллаху
неараб	1	не араб	1	гӏажамияв:senses[0].text:неараб
началный	1	начальный	1	байбихьул:senses[0].text:началный
находяшейся	1	находящейся	1	гьадай:senses[0].comment:о женщине, находяшейся на одной горизонтали с говорящим, а также может иметь значение заглазности
насытытесь	1	насытитесь	1	гьабудизе:senses[0].examples[5].ru:трудитесь — насытытесь, сидеть будете — проголодаетесь
насхом	1	настом	1	насх:senses[1].examples[0].ru:написать насхом
насх	1	нас	1	насх:senses[1].text:насх
настыгнет	1	настигнет	1	дун:senses[0].examples[5].ru:да настыгнет тебя такая же участь
насстроениии	1	настроении	2	ихтилаталда:senses[0].text:в веселье; в весёлом, приподнятом насстроениии
напильнык	1	напильник	1	гургинаб:senses[0].examples[7].ru:напильнык
нанизив	1	занизив	1	гӏучӏ:senses[3].examples[9].ru:с миру по нитке; на палочку насадив, на ниточку нанизив
намогильний	1	намогильной	1	хабал:senses[1].examples[1].ru:намогильний памятник, надгробие
нальзя	1	нельзя	1	гӏункӏрукь:senses[0].examples[2].comment:т. е. нальзя трогать глаз
накрычав	1	накричав	1	биххизабизе:senses[2].examples[1].ru:накрычав, привёл в растерянность
наизуть	1	наизусть	1	аят:senses[0].examples[0].ru:выучить наизуть стихи Корана
наибстве	1	таинстве	2	наиблъи:senses[1].examples[0].ru:в Гунибском наибстве
наибства	1	таинства	2	нухтӏалъи:senses[0].examples[1].comment:когда посильной должен отправляться в дальний путь, напр. в центр наибства
наиб	1	наб	1	наиб:senses[0].text:наиб
назук	1	наук	1	назук:senses[0].text:назук, чурек
надгрудник	1	нагрудник	1	магьдидарай:senses[0].text:надгрудник
наврагическая	1	невралгическая	2	невралгиялъул:senses[1].examples[0].ru:наврагическая болезнь
навзичь	1	навзничь	1	речӏчӏизе:senses[3].examples[4].ru:упасть навзичь
мятьём	1	мытьём	1	кӏвекӏаризе:senses[0].text:заниматься мятьём, размягчением
мятежница	1	мятежника	1	питнадулай:senses[1].text:смутьянка; бунтовщица, мятежница
мышехвост	1	мечехвост	2	гӏонкӏкӏорачӏ:senses[0].text:мышехвост
мышенью	1	мишенью	1	гӏуж#2:senses[2].examples[4].ru:взять мышенью
мычанье	1	мычание	1	баси:senses[0].examples[4].ru:слышно мычанье бычков
муховод	1	мух овод	1	тӏотӏохъан:senses[0].text:пчеловод; муховод
муфлон	1	фуфло	2	гӏалхул:senses[3].examples[13].ru:муфлон
мутаку	1	тумаку	2	ботека:senses[0].examples[0].ru:садиться на мутаку
мутака	1	тумака	2	ботека:senses[0].text:мутака, валик
муравьиний	1	муравьиной	1	цӏунцӏрадул:senses[1].text:муравьиний
муншдштук	1	мундштук	1	мушдукӏ:senses[0].examples[0].ru:муншдштук, изготовленный унцукульскими мастерами
музыцируют	1	музицируют	1	макънагъине:senses[0].examples[0].ru:слышишь, как в зелёной мураве стрекозы музыцируют?
мужёнок	1	мулёнок	1	россолжо:senses[0].text:мужёнок
мощеннишество	1	мошенничество	2	хӏилла-макру:senses[0].text:козни, плутни; мощеннишество, жульничество; коварство
мочеотводная	1	моче отводная	1	свенек:senses[0].text:деревянная мочеотводная трубка
морьковь	1	морковь	1	ламадур:senses[0].text:морьковь, морковка
мортане	1	мортале	1	дегӏен:senses[0].examples[1].ru:перекувыркнуться; сделать сальто-мортане
моргатель	1	моргать	2	къанщ-къанщ:senses[0].text:моргающий, моргатель; моргающий человек
момилуй	1	помилуй	1	астагъфируллагь:senses[0].text:момилуй, Аллах
молитьву	1	молитву	1	гьари-дугӏа:senses[0].examples[0].ru:произносить молитьву, (по)молиться
милион	1	миллион	1	миллион:senses[0].text:милион
механичесий	1	механический	1	механикияб:senses[0].text:механичесий
мелчайшее	1	мельчайшее	1	зарра:senses[0].examples[1].ru:пылинка; мелчайшее
мекканских	1	мексиканских	2	бакине:senses[0].examples[1].comment:букв. представитель одного из мекканских племён
мезурку	1	мензурку	1	мензурка:senses[0].examples[1].ru:налить в мезурку
масдара	1	маскарад	2	масдар:senses[0].examples[0].ru:способ образования масдара
марсизм	1	марксизм	1	марксизм-ленинизм:senses[0].text:марсизм-ленинизм
марийцы	1	арийцы	1	мариял:senses[0].text:марийцы
мариец	1	ариец	1	марияв:senses[0].text:мариец
малоцветочный	1	мало цветочный	1	тӏогьокъаб:senses[0].text:малоцветочный, без цветов
малотворожный	1	мало творожный	1	нисдакъаб:senses[0].text:безтворожный; малотворожный
малоспособность	1	мало способность	1	пишадукълъи:senses[0].text:неумение, неуклюжесть, малоспособность
малоснежье	1	малоснежные	2	гӏаздакълъи:senses[0].text:малоснежье, бесснежье
малоприбильный	1	малоприбыльный	1	хайир:senses[0].examples[3].ru:неприбыльный, малоприбильный, нерентабельный, невыгодный
малооплачиваемый	1	мало оплачиваемый	1	мухьдакъаб:senses[0].text:малооплачиваемый
маломолочность	1	мало молочность	1	рахьдакълъи:senses[1].text:маломолочность, отсутствие молока
маломолочности	1	мало молочности	1	рахьдакъ:senses[0].text:без молока; в состоянии маломолочности, отсутствия молока
малолесный	1	маловесный	1	рохьикъаб:senses[0].text:безлесный, малолесный
малогреющий	1	мало греющий	1	тӏадагьаб:senses[0].text:лёгкий, легковесный; невесомый; лёгкий, не тёплый, малогреющий
маленткая	1	маленькая	1	хӏарп:senses[0].examples[0].ru:маленткая буква, строчная буква
маленкое	1	маленькое	1	хӏор:senses[0].examples[1].ru:маленкое озеро; маленький пруд
маленкий	1	маленький	1	къокълъи:senses[1].examples[0].ru:какой же он маленкий!
макьу	1	маку	1	макьил:senses[0].text:макьу
магазиный	1	магазины	1	тукадул:senses[1].examples[0].ru:магазиный хлеб
лянга	1	лязга	1	ланг#1:senses[0].text:лянга
лунноподобный	1	лунно подобный	1	моцӏ:senses[2].examples[6].ru:лунноподобный
лощинистый	1	лощин истый	1	гомогккараб:senses[0].text:впалый, лощинистый, ложбинистый
лошады	1	лошади	1	хьвани:senses[0].text:лошады, мулы
лохмотье	1	лохмотьев	1	селсел:senses[0].text:лохмотье, отрепье, отрепья
лоторейный	1	лотерейный	1	тираж:senses[0].examples[0].ru:лоторейный тираж
ложбинистый	1	ложбин истый	1	гомогккараб:senses[0].text:впалый, лощинистый, ложбинистый
лихорадиться	1	лихорадить	2	кьалха-риххизе:senses[0].text:лихорадиться; пороть горячку; вести себя суматошно; сильно волноваться
литратурный	1	литературный	1	кружок:senses[0].examples[0].ru:литратурный кружок
лисеподобный	1	лисе подобный	1	цермахӏав:senses[0].text:хитрый; лисеподобный
ликпункте	1	лик пункте	1	ликпункт:senses[0].examples[0].ru:моя бабушка обучалась в ликпункте
ликпункта	1	лик пункта	1	ликпункт:senses[0].examples[2].ru:придя из ликпункта, и дома занимался он
лесничиха	1	лесничих	1	рохьихъан:senses[0].text:лесничий и лесничая; лесник и лесничиха
лесничая	1	лестничная	2	рохьихъан:senses[0].text:лесничий и лесничая; лесник и лесничиха
лерево	1	дерево	1	жагадул:senses[1].examples[0].ru:вишнёвое лерево
лебезничать	1	любезничать	1	бохьаризе:senses[1].text:лебезничать
лбюбовная	1	любовная	1	сарин:senses[0].examples[1].ru:лбюбовная песня
латынские	1	латинские	1	тарих:senses[0].examples[1].ru:латынские цифри
латинянка	1	латинян ка	1	латинай:senses[0].text:латинянка
лаилаха	1	аллаха	2	лайла:senses[0].comment:моление, заключающееся в повторении формулы “лаилаха иллаллах” — “нет божества кроме Аллаха”
кяфир	1	кефир	1	иман:senses[0].examples[3].ru:неверный; кяфир; изувер
кяф	1	кря	2	кап:senses[0].text:кяф
кюрзе	1	кюре	1	гьаналъхӏинкӏ:senses[0].text:кюрзе, вареник с мясом
кьили	1	кили	1	босизе:senses[0].examples[8].comment:'кьили' седло
къушизе	1	крушине	2	къуш-къушизе:senses[0].text:от къушизе
кутанах	1	сутанах	1	лъикӏалан:senses[0].examples[2].ru:они проделали значительную работу на кутанах
курпей	1	курьей	1	хъурайсен:senses[0].examples[1].ru:хорасанский курпей, каракулевая папаха
курдянка	1	курдюка	2	курдай:senses[0].text:курдянка
кураговый	1	курковый	2	ахту:senses[0].examples[2].ru:кураговый компот помогает отхаркивать мокроту
кураговая	1	курковая	2	карщ:senses[0].examples[0].ru:кураговая каша
куничий	1	куричий	1	цакьудул:senses[1].text:куничий, куний
кумычка	1	калмычка	2	лъарагӏай:senses[0].text:кумычка
кумык	1	кумы	1	лъарагӏав:senses[0].text:кумык
кукареканье	1	кукарекать	2	гӏегӏеди:senses[1].text:пение (петуха) кукареканье
кудрай	1	кудрей	1	гъамгъакь:senses[0].text:кудрай
кудахтанию	1	кудахтанью	1	кьалаб:senses[0].examples[0].comment:т. е. зайца можно обнаружить по следу, а куропатку по кудахтанию
кудахтаете	1	кудахтайте	1	къвакъвадизе:senses[0].examples[3].ru:вы болтаете, а мы трудимся; вы кудахтаете, а мы яйца несём
крылях	1	крыльях	1	ракь:senses[6].examples[8].ru:чувствуя себя окрылённым, как на крылях; не касаясь ногой земли
крывым	1	кривым	1	гьетӏ:senses[0].text:деталь с крывым концом, надеваемая на остриё веретена при кручении ниток навису
крывошеий	1	кривошеий	1	габуркӏичӏ:senses[0].text:крывошеий человек
крывой	1	кривой	1	хъилич:senses[0].text:крывой меч, сабля; ятаган
крупоность	1	крупность	1	кӏодолъи-гьитӏинлъи:senses[0].text:величина; крупоность и малость
крупноколиберный	1	крупнокалиберный	1	пулемёт:senses[0].examples[0].ru:крупноколиберный пулемёт
круглолистная	1	крупнолистная	2	царатӏин:senses[0].text:росянка круглолистная
круглие	1	круглое	1	скобка:senses[0].examples[0].ru:круглие скобки
кровопрлитие	1	кровопролитие	1	чӏвай-хъвей:senses[0].text:кровопрлитие; резня
кресала	1	кресла	1	цӏагӏел-мачӏу:senses[0].text:принадлежности для кресала; кресало и кремень
красиветь	1	красивость	2	берцинлъизе:senses[0].text:становиться, стать красивым или краше, пригожим или пригоже; (по)красиветь; (по)хорошеть
кострец	1	костре	1	гьодимокъ:senses[0].examples[1].ru:кострец
короткоухий	1	короткошеий	2	бацӏ:senses[0].examples[1].ru:короткоухий волк
коротковольновый	1	коротковолновый	1	радиоприёмник:senses[0].examples[1].ru:коротковольновый радиоприёмник
коредколлегия	1	ко редколлегия	1	редкоредколлегия:senses[0].comment:редакционная коредколлегия
коптка	1	копка	1	къибтӏияй:senses[0].text:коптка, египтянка
конкретизирвать	1	конкретизировать	1	мухӏкан:senses[1].examples[0].ru:конкретизирвать
конематка	1	коне матка	1	гӏала:senses[0].text:кобыла, кобылица; конематка
комедантура	1	комендатура	2	комендантура:senses[0].examples[0].ru:военная комедантура
колькостьями	1	колкостями	2	тенкей:senses[2].text:обмен колькостьями
колебаются	1	колеблются	1	гьетӏаризе:senses[0].examples[0].ru:чаши весов колебаются
козопаса	1	компаса	2	цӏцӏанавехьлъи:senses[0].text:занятие козопаса
козопас	1	компас	2	цӏцӏанавехь:senses[0].text:козопас
козлятник	1	козлят ник	1	гьолох:senses[1].examples[0].ru:галега лекарственная, козлятник
козирёк	1	козырёк	1	щурун:senses[1].text:козирёк
козеножку	1	козе ножку	1	хъалиян:senses[0].examples[3].ru:сделать самокрутку, закрутить козеножку
ковыряющася	1	ковыряющая	1	кьищни:senses[0].examples[1].ru:чего ты там ищешь, словно курица, ковыряющася в мусоре?
клушеподобный	1	клуше подобный	1	къурущине:senses[1].examples[0].ru:клушеподобный
клопьи	1	клопик	2	ивус:senses[0].examples[0].ru:глазки пуговкой; клопьи глаза
кладуть	1	кладут	1	кӏакӏо:senses[0].text:каменная ступка, куда кладуть пищу для собак
ккурав	1	аккурат	2	сектант:senses[0].comment:динияб мазгьаб ккурав чи
кколев	1	околев	1	паркетчик:senses[0].comment:паркет кколев чи
кислородги	1	кислород	2	углевод:senses[0].comment:углеродги, кислородги, водородги жубараб вещество
кимарить	1	кемарить	1	кьижаризе:senses[0].text:клониться ко сну, кимарить; дремать
кимарит	1	кемарит	1	кьижаризе:senses[0].examples[0].ru:старушка кимарит
киблы	1	килы	1	къибла:senses[0].examples[0].ru:(по)молиться; обернуться в сторону киблы; повернуться лицом к кибле
кибле	1	киле	1	къибла:senses[0].examples[0].ru:(по)молиться; обернуться в сторону киблы; повернуться лицом к кибле
кибла	1	кила	1	къибла:senses[0].text:кибла
кибего	1	кибер	2	параллель:senses[0].text:параллель (1. киса-кибего бащадаб манзилалъ бугеб мухъ
кащица	1	кашица	1	лахӏим:senses[0].text:похлёбка; жидкая кащица из муки или крахмала
качаттся	1	качается	1	щвартӏезе:senses[0].text:качаттся, раскачиваться
кафир	1	кефир	1	капурчи:senses[0].text:неверующий, безбожник; неверный, нечестивый, поганый, кафир, гяур, иноверец
касыда	1	каскада	2	къасидат:senses[0].text:касыда, поэма
кармангур	1	карман гур	1	кармангъур:senses[0].text:кармангур
карелы	1	кареты	1	карелал:senses[0].text:карелы
капейки	1	копейки	1	капек:senses[1].examples[3].ru:презренный, низкий; гроша ломаного не стоящий; капейки не стоящий
канлъи	1	канальи	2	планшет:senses[1].text:жанисан канлъи бихьулеб тӏалъелги бугеб, жаниб карта лъолеб сумка
кампит	1	камышит	2	шоколад:senses[0].comment:кампит
казия	1	оказия	1	хӏукму:senses[0].examples[1].ru:решение казия
казанлык	1	казанок	2	гъазанлихъ:senses[0].text:казанлык
кадраби	1	кадрами	1	проекция:senses[1].text:экраналда суратал, киноялъул кадраби рихьизари
каарантин	1	карантин	1	карантин:senses[0].examples[0].ru:объявить каарантин
ичучать	1	изучать	1	геодезия:senses[0].examples[0].ru:ичучать геодезию
исщипать	1	пощипать	2	зинкъизе:senses[0].examples[0].ru:исщипать
исчезнование	1	исчезновение	1	тӏерхьин:senses[2].text:исчезнование
исхудение	1	исхудание	1	къадарлъи:senses[3].text:похудение, исхудение
испытыватать	1	испытывать	2	бухӏизе:senses[3].text:испытыватать, испытать сильное горе
испытиват	1	испытывать	2	квешлъи:senses[4].examples[0].ru:испытиват, испытать нужду
испольнитель	1	исполнитель	1	магъущ:senses[0].text:аульный глашатай, аульный судебный испольнитель
искуство	1	искусство	1	воржарухъанлъи:senses[0].text:пилотаж, искуство пилотирования
искрывляется	1	искривляется	1	габур:senses[0].examples[17].ru:да искрывляется шея твоя
интелигентный	1	интеллигентный	1	интеллигентаб:senses[0].text:интелигентный
инкубаторские	1	инку баторские	1	инкубатор:senses[0].examples[0].ru:инкубаторские куры
имеретинцы	1	имеретины	1	имеретал:senses[0].text:имеретинцы
имеретинец	1	имеретине	1	имеретав:senses[0].text:имеретинец
именитив	1	генитив	2	аслияб:senses[1].examples[5].ru:именительный падеж, именитив
имамство	1	хамство	2	имамлъи:senses[0].text:имамство; деятельность имама
иллахи	1	илл ахи	1	алхӏам:senses[0].comment:одна из сур Корана, начинающаяся словом аль-хамд-уль-иллахи “слава Аллаху”
иллаллах	1	илл аллах	1	лайла:senses[0].comment:моление, заключающееся в повторении формулы “лаилаха иллаллах” — “нет божества кроме Аллаха”
изьбавте	1	избавьте	2	аман-мадад:senses[0].examples[0].ru:умоляю, изьбавте меня от этого несчастья; заберите от меня это несчастье
изъезжанный	1	изъезженный	1	хӏетӏе:senses[0].examples[23].ru:изъезжанный
израходовать	1	израсходовать	1	бегуниса:senses[0].examples[2].ru:израходовать все деньги, оставаться без копейки в кармане
изнемогаться	1	изнемогать	2	загьла:senses[0].examples[0].ru:измориться; изнемогаться; замаяться; замотаться
измозжить	1	размозжить	2	къалал:senses[0].examples[1].ru:изорудовать нос, измозжить нос
измелчать	1	измельчать	1	чухӏизе:senses[0].text:размелчать, размельчить, измелчать, измелчить; (по)толочь, истолочь, растолочь что-либо
излишными	1	излишними	1	хутӏизе:senses[0].examples[6].ru:двадцать рублей остались излишными
излишным	1	излишним	1	хутӏизе:senses[0].examples[5].ru:сделаться излишным
издёргивание	1	вздёргивание	1	туркӏ-туркӏи:senses[1].text:издёргивание
извнутри	1	изнутри	1	рахазе:senses[0].examples[1].ru:дверь закрыта извнутри
игрец	1	игре	1	щвантӏихчи:senses[0].text:на дудке игрец
зоотезник	1	зоотехник	1	зоотехник:senses[0].text:зоотезник
золототысячник	1	золото тысячник	1	гӏеркъитӏакӏус:senses[0].text:золототысячник малый
золотоподобный	1	золото подобный	1	месед#1:senses[0].examples[5].ru:золотоподобный; чистый как золото
зодор	1	задор	1	чӏер:senses[0].examples[5].comment:'зодор цӏваби' звёзды на небе
зодиб	1	зодиак	2	хан:senses[0].examples[14].comment:'зодиб моцӏ' луна в небе
знобний	1	знобкий	1	сири:senses[0].examples[0].ru:знобящий, знобний
златоруный	1	златорунный	1	бис:senses[0].examples[1].ru:златоруный тур
зимных	1	зимних	1	багӏаргӏеч:senses[0].comment:сорт зимных яблок
зикра	1	икра	1	зикру:senses[0].examples[1].ru:звуки зикра
зерныстым	1	зернистым	1	мучахине:senses[0].text:становиться, стать зерныстым
землятрясение	1	землетрясение	1	кӏобокӏахъдизабизе:senses[0].examples[0].ru:от землятрясение сотрясло наш дом
зеленоватожёлтый	1	зеленовато жёлтый	1	гӏурччинтӏогьилаб:senses[0].text:зеленоватожёлтый
зеленить	1	озеленить	1	гӏурччин:senses[0].examples[1].ru:зеленить, сделать зелёным; красить, окрашивать в зелёный цвет
здравстыует	1	здравствует	1	кьезе:senses[6].examples[2].ru:да здравстыует рука, дар приподнесшая
здравстуют	1	здравствуют	1	чӏахъа:senses[0].examples[1].ru:да здравстуют дети
здравстует	1	здравствует	1	чӏахъа:senses[0].text:да здравстует
здравоохранеия	1	здравоохранения	1	сахлъи:senses[0].examples[6].ru:министерство здравоохранеия
зглаз	1	глаз	1	кӏалъазе:senses[1].comment:похвалить кого-что-либо, в результате чего возможен зглаз
звеновода	1	зверовода	1	звеноводлъи:senses[0].text:работа, должность звеновода
зачахлое	1	зачахло	1	нахъеккей:senses[2].text:хилость, зачахлое состояние
заунивный	1	заунывный	1	щвантӏ:senses[0].examples[0].ru:слышен заунивный голос козодоя
затяжок	1	затяжек	1	кӏкӏуй:senses[0].examples[2].ru:прикурнуть; сделать один затяжок
затрудениях	1	затруднениях	1	къо:senses[4].examples[4].ru:сдасться, уступить, не выдержать испытания; оплошать при затрудениях
зардеют	1	за рдеют	1	багӏарлъизе:senses[0].examples[1].ru:во время захода солнца вершины гор зардеют
запятнить	1	запятнать	1	тӏанкӏ:senses[2].examples[0].ru:запятнять, запятнить
замужную	1	замужнею	1	росасул:senses[1].examples[2].ru:влюбиться в замужную женщину
замлёй	1	землёй	1	ракь:senses[3].examples[10].ru:пользоваться замлёй
заклиняющейся	1	наклоняющейся	2	къверкъ:senses[0].examples[5].ru:да остаёшься ты вечно заклиняющейся, словно лягушка
зайчатник	1	зайчат ник	1	гӏанкӏ:senses[0].examples[5].ru:охотничья собака, гончая; зайчатник
зайцеподобный	1	зайце подобный	1	гӏанкӏмахӏав:senses[0].text:трусливый, зайцеподобный
зайран	1	айран	1	зайран:senses[0].text:зайран
зажгёшь	1	зажмёшь	1	гӏатӏгояб:senses[3].examples[0].ru:из сырых дров костра не зажгёшь
задыхавшись	1	запыхавшись	1	гьека-гьунщиялда:senses[0].text:задыхаясь, задыхавшись, высуня язык
загряняется	1	загрязняется	1	лагӏизе:senses[0].examples[0].ru:река не загряняется от того, что собака вырвала в неё
жёлторотый	1	желторотый	1	карщ:senses[1].examples[1].ru:жёлторотый юнец
жёлтоватая	1	желтоватая	1	тӏогьилккараб:senses[0].examples[0].ru:жёлтоватая кожа; жёлтоватый фон
журарвлёнок	1	журавлёнок	1	тӏинчӏ:senses[0].examples[7].ru:журарвлёнок
жиндирго	1	индиго	2	фермер:senses[0].comment:жиндирго ферма бугев чи
жеребёвка	1	жеребьёвка	1	гӏучӏ:senses[3].examples[5].ru:жеребёвка
женшень	1	женьшень	1	кьибилбицаткъукӏ:senses[0].text:женшень
железнождорожный	1	железнодорожный	1	тариф:senses[0].examples[0].ru:железнождорожный тариф
жанир	1	жанр	1	пансион:senses[1].text:жанир ругел чагӏазе квана-гьекъолеб жо букӏин
жаниб	1	южанин	2	планшет:senses[1].text:жанисан канлъи бихьулеб тӏалъелги бугеб, жаниб карта лъолеб сумка
жаловенье	1	жалованье	1	алапа:senses[0].text:зарплата, жаловенье; оклад
жалобничество	1	паломничество	2	гӏарзачилъи:senses[0].text:занятие жалобщика, привычка доносить; жалобничество
ежёнок	1	жёнок	1	гӏужрукъил:senses[1].examples[1].ru:ежёнок
единобожник	1	единобожие	2	хӏаниф:senses[0].text:последовательный единобожник
дёрнина	1	дёрни на	1	гӏери#1:senses[0].examples[0].ru:(вы)резать дёрнина
дьягил	1	дягиль	2	багӏасдо:senses[0].text:дьягил
дьяволские	1	дьявольские	1	шайтӏаналъул:senses[1].examples[0].ru:у волка дьяволские повадки
дыбыться	1	сбыться	2	квачӏид:senses[0].examples[0].ru:встать на дыбы, дыбыться
дучше	1	дуче	1	гьан:senses[0].examples[26].ru:мясо лучше мягкое, друг дучше крепкий
дурачся	1	дурачься	1	гӏадалаб:senses[1].examples[2].ru:не делай глупостей!, не дури!, не дурачся!
дуниял	1	дунит	2	къохьол:senses[2].examples[1].ru:дуниял этот бренный мир равен мигу единому
дудник	1	рудник	1	догӏдогӏ#2:senses[0].text:дудник
дуглавый	1	двуглавый	1	кӏибетӏераб:senses[0].text:дуглавый
дубдиспансере	1	дуб диспансере	1	тубдиспансер:senses[0].examples[1].ru:работать в дубдиспансере
дряхдости	1	дряхлости	1	михъ:senses[0].examples[18].comment:признак немощи, дряхдости
другривенному	1	двугривенному	1	гӏабаси:senses[0].examples[2].ru:по другривенному
дрогана	1	дрога на	1	хъахӏаб:senses[4].examples[0].ru:дрогана жёлтая
древниеаварцы	1	древние аварцы	1	бер#1:senses[0].text:глаз, око; чего-либо; свет очей; свет очей; умереть; сна кого-что-либо(древниеаварцы верили тому, что дёргание век правого глаза у мужчин, левого — уженщин ко злу, а если наоборот, то к добру)на ком-либо бранное слово, выражение в переносном значении ласкательная (форма) чьих-либо ласкательная (форма) пословица поговорка поговорка загадкацӏаддождьбранное слово, выражение в переносном значении бранное слово, выражение поговорка бранное слово, выражение буквально в переносном значении(отгнева)в переносном значении
древеснеть	1	одревеснеть	1	гӏочӏокъине:senses[0].text:(о)древеснеть, затвердевать, затвердеть
дошади	1	досади	1	тӏваркъиялда:senses[0].examples[0].ru:дошади шли с цокотом копыт
доупаду	1	до упаду	1	махӏалзуниб:senses[1].examples[0].ru:устал доупаду
достопочтимый	1	досточтимый	2	бижизе:senses[4].examples[2].ru:достопочтимый Шамиль четверть века возглавил борьбу за свободу родной земли
допропорядочный	1	добропорядочный	1	муруват:senses[0].examples[0].ru:допропорядочный человек
донырнуть	1	до нырнуть	1	тӏину#1:senses[1].examples[3].ru:донырнуть до дна
домотканный	1	домотканый	1	бессизе#1:senses[0].examples[2].ru:домотканный
домотканного	1	домотканого	1	чухъа:senses[0].examples[0].ru:черкеска из домотканного сукна
домашных	1	домашних	1	хъахӏгьан:senses[0].text:грудинка домашных птиц
долихоцефал	1	долихоцефалия	2	гунзари:senses[0].examples[2].ru:антр долихоцефал
должноть	1	должность	1	радистлъи:senses[0].text:профессия, должноть, работа радиста
должнось	1	должность	1	хормейстерлъи:senses[0].text:должнось, профессия, работа хормейстера
доказанность	1	недоказанность	2	тӏадчӏей:senses[2].text:доказанность
дожль	1	дождь	1	анкь:senses[0].examples[10].ru:целую неделю шёл дожль
доволствоваться	1	довольствоваться	1	рази:senses[0].examples[1].ru:быть довольным, доволствоваться; согласиться
добётся	1	добьётся	1	гьереси:senses[0].examples[1].ru:на лжи никто не добётся цели
добродей	1	добрей	2	лъикӏлъи:senses[0].examples[3].ru:добродей
длинняя	1	длинная	1	гӏаба:senses[0].text:аба; плащ или накидка (из грубого сукна); верхняя длинняя мужская одежда
длиннолапый	1	длиннолицый	2	квачӏхалат:senses[0].text:ленивый, не любящий вставать и идти за чем-либо; длиннолапый
дихание	1	дыхание	1	хӏухьел:senses[0].examples[6].ru:дышать, перевести дихание
дирижировка	1	дражировка	2	дирижёрлъи:senses[1].text:дирижировка
дикарька	1	дикарка	1	гӏалхулай:senses[0].text:дикарька
диактрические	1	дидактические	2	игӏраб:senses[1].text:огласовки, диактрические знаки в арабском письме
дефецитом	1	дефицитом	1	тӏорччокъаб:senses[0].text:не имеющий угля, с дефецитом угля
десятский	1	детский	2	анцӏилбетӏер:senses[0].text:десятский, командир десятки
десятислойный	1	шестислойный	2	анцӏгъатаб:senses[0].text:десятислойный
деревообделочник	1	древообделочник	1	устар:senses[0].examples[2].ru:плотник, столяр, деревообделочник
деревесины	1	древесины	1	балухъ:senses[0].examples[1].ru:дедушка из грушевой деревесины делал красивые ложки
денежгый	1	денежный	1	нахъбуссинабизе:senses[0].examples[0].ru:возвратить денежгый долг
делаёт	1	делает	1	хасел#1:senses[0].examples[10].ru:зима поступает по-зимнему; зима делаёт своё
действияза	1	действия за	1	бачине:senses[9].text:сдеепричастие др. глагола выступает в роли вспомогательный глагол глагола с общим значениемучащательности действияза кем-либо
девятьсоттысячный	1	девятьсот тысячный	1	ичӏнусазарабилеб:senses[0].text:девятьсоттысячный
девятьнадцатой	1	девятнадцатой	1	гъайн:senses[0].comment:название девятьнадцатой буквы арабского алфавита; цифровое значение — 1 000
двугревенный	1	двугривенный	1	гӏабаси:senses[0].text:двугревенный, двадцатикопеечная монета
двоюрродный	1	двоюродный	1	ункъгӏал:senses[0].examples[2].ru:двоюрродный брат, кузен; сын тёти
дверьной	1	дверной	1	нуцӏил:senses[1].text:дверьной
дверьная	1	дверная	1	нуцӏил:senses[1].examples[0].ru:дверьная рама
двадьцать	1	двадцать	1	къоябго:senses[0].examples[0].ru:все двадьцать овец находятся здесь
дарудал	1	дар удал	1	таблетка:senses[0].comment:дарудал горо
дагадается	1	догадается	1	гӏодоб:senses[0].examples[60].ru:сядет — не дагадается вставать, встанет — не догадается садиться
давнишный	1	давнишний	1	тӏех:senses[0].examples[11].ru:давнишный гость
гьобо	1	гобой	2	бетӏер:senses[0].examples[22].comment:гьобо мельничный жернов
гьеб	1	греб	1	папирус:senses[1].text:некӏсиял халкъаз гьеб харил хъвадаризе хӏалтӏизабулеб букӏараб материал
гьавань	1	гавань	1	гавань:senses[0].text:гьавань
гьабун	1	табун	2	эмигрант:senses[0].comment:чияр улкаялда яшав гьабун вугев чи
гъата	1	гагата	2	гъата-гъатахинабизе:senses[0].text:от гъата-гъатахине
гулгун	1	лгун	2	бер#1:senses[0].examples[36].comment:гулгун кумган
грязями	1	гр язями	1	хӏарщ:senses[2].examples[0].ru:лечиться грязями
грушёвое	1	грушевое	1	генул:senses[1].examples[2].ru:грушёвое толокно
грузнеть	1	огрузнеть	1	бакӏлъизе:senses[0].text:(о)тяжелеть, потяжелеть; утяжеляться, утяжелиться; грузнеть; становиться тяжёлым, увесистым, грузным
груглый	1	круглый	1	эхедегӏан:senses[0].examples[1].ru:повыше находился груглый холм
грохтом	1	гротом	1	дваргъи-гӏанхъиялда:senses[0].text:с шумом, с грохтом, с треском
громихая	1	громыхая	1	кьвах-кьвахиялда:senses[0].text:громихая; с грохотом, с шумом
гривеник	1	гривенник	1	шагьи:senses[0].examples[0].ru:гривеник
государиня	1	государыня	1	пача#1:senses[0].text:царь, король; император, государь; царица, королева; императрица, государиня
горчак	1	горча	1	щонщо:senses[0].text:горчак розовый; плевел опьянеющий
горлишко	1	горлышко	1	кӏатӏахӏ:senses[1].examples[1].ru:горлишко керосиновой лампы
горкнуть	1	гаркнуть	1	кьогӏлъизе:senses[0].text:(про)горкнуть; становиться горьким, прогорклым; горчить
гололс	1	голос	1	гӏажаибаб:senses[0].examples[1].ru:восхитительный гололс
говрилось	1	говорилось	1	абухъеяв:senses[0].text:такой (тот), о ком говрилось
гледичьи	1	гледичии	1	бечӏакӏо:senses[0].text:бобы гледичьи
гипнотизированный	1	загипнотизированный	2	бер#1:senses[0].examples[24].ru:как гипнотизированный человек
гербаризировать	1	германизировать	2	гербарий:senses[0].examples[0].ru:гербаризировать, собирать гербарий
геодезистка	1	геодезиста	1	геодезист:senses[0].text:геодезист и геодезистка
гелега	1	телега	1	цӏцӏелчӏахӏ:senses[0].text:гелега лекарственная
гвенд	1	венд	1	скважина:senses[0].comment:гъваридаб гвенд
гашник	1	гаишник	1	тӏаждарухьен:senses[0].text:шнурок (продеваемый в пояс штанов); гашник, очкур
гайн	1	тайн	1	гъайн:senses[0].text:гайн
газырь	1	козырь	2	роцен#2:senses[0].text:патрон; газырь
газетнчик	1	газетчик	1	газетчи:senses[0].text:газетнчик; сотрудник, работник газеты
вьюжит	1	вьючит	1	буран:senses[0].examples[1].ru:метель метёт; вьюжит
вышивальшицей	1	вышивальщицей	1	угьарухъан:senses[0].examples[0].ru:работать вышивальшицей
выходяший	1	выходящий	1	тӏасамохъ:senses[0].examples[1].ru:беспредельный, выходяший за рамки дозволенного
выходяшее	1	выходящее	1	къотӏноб:senses[0].examples[3].ru:окно, выходяшее во двор
высячий	1	висячий	1	гилавка:senses[1].examples[2].ru:высячий замок
высыпишь	1	выступишь	2	сахӏ:senses[0].examples[0].ru:куда посыпал сах, оттуда не высыпишь кали
выстрельнул	1	вы стрельнул	1	кьвагьизе:senses[0].examples[1].ru:выстрельнул
высочесто	1	высочество	1	бетӏерчӏахъаяв:senses[0].examples[0].ru:его высочесто король; да здравствует голова короля
выпольнять	1	выполнять	1	хадубехъерхъизабизе:senses[0].examples[0].ru:не выпольнять работу в срок
вынюхиватель	1	вынюхивать	2	сентӏеро:senses[0].text:тот, кто разнюхивает, суёт во всё нос; вынюхиватель
выноград	1	виноград	1	гӏурччин:senses[1].examples[0].ru:этот выноград ещё не поспел
выкыдышу	1	выкидышу	1	хӏерхинабизе:senses[0].text:приводить, привести к выкыдышу
вызаравливается	1	вытравливается	2	додинго:senses[0].examples[0].ru:отец в том же состоянии, не вызаравливается
выжарками	1	выжимками	2	къалияр:senses[0].examples[0].ru:хинкал с выжарками
выдимый	1	видимый	1	загьираб:senses[0].text:явный, ясный, очевидный; выдимый; открытый
вывыхнулась	1	вывернулась	2	борчӏизе:senses[4].examples[1].ru:нога вывыхнулась
вывыхнул	1	вывихнул	1	къуркьизе:senses[2].examples[0].ru:он вывыхнул себе ногу
выбрируют	1	вибрируют	1	сородизе:senses[1].examples[0].ru:от сильного ветра оконные стёкла выбрируют
вшиветь	1	вшивать	1	нацӏ:senses[0].examples[0].ru:(за)вшиветь
вугев	1	вуги	2	эмигрант:senses[0].comment:чияр улкаялда яшав гьабун вугев чи
второпьях	1	второпях	1	хех:senses[3].text:наскоро, наспех, второпьях, торопливо, (по)спешно
всхлипивая	1	всхлипывая	1	щакърахине:senses[0].examples[2].ru:всхлипивая, рассказала сестра о своей горести
вспильчивость	1	вспыльчивость	1	манзилкъокълъи:senses[1].text:вспильчивость, раздражительность
вспилчивый	1	вспыльчивый	2	ццин:senses[1].examples[15].ru:вспилчивый
всеуслишание	1	всеуслышание	1	рагӏизабизе:senses[0].text:громко говорить, говорить во всеуслишание
всестронне	1	всесторонне	1	тӏину-тӏала:senses[0].examples[1].ru:подробно, детально, тщательно, обстоятельно, всестронне, глубоко
всегдашный	1	всегдашний	1	даимаб:senses[0].text:постоянный, вечный; всегдашный
всевышный	1	всевышний	1	тӏадегӏанаб:senses[1].examples[4].ru:всевышный, бог; господь
всевишный	1	всевышний	2	тӏад:senses[0].examples[24].ru:всевишный Аллах знает, как я мучаюсь
всамом	1	самом	1	хӏакъикъаталдаги:senses[0].examples[0].ru:и всамом деле было так
вредительница	1	учредительница	2	зиянчӏужу:senses[0].text:вредительница
вразумительо	1	вразумительно	1	бичӏчӏуледухъ:senses[0].text:понятно; толково, вразумительо
вразбрось	1	вразброс	1	чӏинчӏилахъ:senses[0].text:вразбрось; в разные стороны
враждуйте	1	враждуете	1	гъерлъезе:senses[0].examples[3].ru:живите мирно без дрязг; не враждуйте между собой
восьмисоттысячный	1	восьмисот тысячный	1	микьнусазарабилеб:senses[0].text:восьмисоттысячный
восторжённо	1	восторженно	1	гӏажаибго:senses[1].text:восторжённо
ворожейский	1	воронежский	2	сихӏрудулаб:senses[0].text:магический, ворожейский
воробиный	1	воробьиный	1	къадкил:senses[1].text:воробиный
волчец	1	волчиц	1	рахьдал:senses[1].examples[8].ru:волчец кудрявый; молочная колючка
вокрук	1	вокруг	1	къалъ-къалъизе:senses[0].examples[1].ru:после дождя всё вокрук заблестело
возобновлятться	1	возобновляться	1	цӏилъизе:senses[1].text:возобновлятться, возобновиться
возмёшь	1	возьмёшь	1	босизе:senses[1].examples[0].ru:что ты возмёшь с собой?
возлюбленнная	1	возлюбленная	1	гьудул:senses[1].text:возлюбленный и возлюбленнная; милый и милая; любимый и любимая
возлас	1	возглас	1	ишу:senses[0].comment:возлас, которым отгоняют кур
возгневить	1	воз гневить	1	аллагь:senses[1].examples[17].ru:возгневить Аллаха
возгневит	1	воз гневит	1	аллагь:senses[1].examples[18].ru:да возгневит Аллах на тебя
водородги	1	водород	2	углевод:senses[0].comment:углеродги, кислородги, водородги жубараб вещество
внемлите	1	внемли те	1	жугьа:senses[0].examples[2].ru:Мелодия-мотив не так уж важны, Словам песни внемлите же вы
влажнеть	1	повлажнеть	2	биччизе:senses[0].text:(на)мокнуть, промокнуть, вымокнуть; становиться мокрым; (от)сыреть, отсыревать, становиться сырым; делаться влажным, влажнеть, увлажняться, становиться влажным, пропитываться влагой
вихорь	1	вихор	1	лепека:senses[0].text:вихорь (волос на голове); чёлка
вирепеть	1	свирепеть	1	балканахине:senses[0].text:приходить, прийти в ярость, бешенство, остервенение; доходить, дойти до остервенения, остервенеть; (рас)вирепеть, (о)звереть
вииночерпий	1	виночерпий	1	шербетчи:senses[0].text:вииночерпий
визыр	1	визы	1	хан:senses[0].examples[13].ru:послушно; как визыр вблизи хана
взмазнуть	1	взмахнуть	1	хьвагӏизе:senses[0].examples[0].ru:взмазнуть рукой
взгяд	1	взгляд	1	шовинистияб:senses[0].examples[0].ru:шовинистический взгяд
взаимоотношениие	1	взаимоотношении	1	гьоркьобакӏ:senses[0].text:отношение и отношения, взаимоотношениие; середина
весннней	1	весенней	1	цӏира:senses[0].text:шерсть весннней стрижки; шерсть-линька
верооступничество	1	вероотступничество	1	гӏасилъи:senses[2].text:верооступничество, богохульство; ослушание верующего, отступничество от веры
верооступником	1	вероотступником	1	гӏаси:senses[3].examples[3].ru:умереть неправедной смертью; испустить душу немусульманином, верооступником; наложить на себя руку
вероисповедование	1	вероисповедание	2	дин:senses[0].text:вера, религия, вероисповедование
вейник	1	веник	1	мурцӏи:senses[0].text:вейник
вдёжка	1	вдёржка	1	сасу:senses[0].text:крупная игла, цыганская игла; вдёжка
вдоветь	1	овдоветь	1	къороллъизе:senses[0].text:(о)вдоветь, остаться вдовцом или вдовой
вдобовок	1	вдобавок	1	тӏадеги:senses[0].text:ещё, к тому же, вдобовок
вахабисты	1	ваххабиты	2	вагьабиял:senses[0].text:вахабисты
вахабистского	1	ваххабитского	2	вагьабияв:senses[0].text:вахабист, сторонник вахабистского толка в исламе
вахабистский	1	ваххабитский	2	вагьабиязул:senses[1].text:вахабистский
вакуфный	1	вакуумный	2	вакъпуялул:senses[1].text:вакуфный
бытро	1	быстро	1	хех:senses[0].examples[10].ru:молниеносно, бытро как молния
быстрына	1	быстрина	1	зутӏараб:senses[1].examples[1].ru:быстрына реки
бумашка	1	букашка	1	гъурщил:senses[1].examples[0].ru:сторублёвая бумашка
буковица	1	буквица	1	тӏегь:senses[0].examples[25].ru:буковица
будунство	1	буянство	2	будунлъи:senses[0].text:должность будуна, будунство
бугрыстый	1	бугристый	1	гоноцӏ:senses[0].examples[1].ru:бугрыстый, весь в буграх
бугезе	1	бугеле	1	ортопедиялъул:senses[1].examples[0].comment:масала, хӏатӏазе сакъат бугезе хьитал гьарулеб
бугаеподобный	1	бугае подобный	1	бугъамахӏав:senses[0].text:верховодящий; бугаеподобный
брючины	1	бирючины	1	чӏедер:senses[0].examples[1].ru:сузить брючины
брючину	1	бирючину	1	чӏам-чӏамизе:senses[0].examples[0].ru:телёнок [зубами] порвал его брючину
брюзжай	1	брюзжа	1	нунудизе:senses[1].examples[0].ru:не брюзжай при мне!
ботиши	1	ботики	1	ботӏиш:senses[0].examples[0].ru:согратлинские ботиши
ботиш	1	ботик	1	ботӏиш:senses[0].text:ботиш (вид национального блюда); чуду
борьцы	1	борцы	1	гугарухъан:senses[0].examples[1].ru:дагестанские борьцы прославились на весь мир
бомбаби	1	бомбами	1	бомбардировщик:senses[0].comment:бомбаби рехулеб самолёт
большевисткий	1	большевистский	1	большевик:senses[1].text:большевисткий
больтовня	1	болтовня	1	гьобо:senses[0].examples[17].ru:больтовня, непроверенные слухи
болмац	1	боцман	2	болмацӏ:senses[0].text:болмац
богохулом	1	богохульном	2	сундухъ:senses[0].examples[0].ru:тот, кто скажет: “За что?”, в неверного превратится, а тот, кто скажет: “Откуда?”, богохулом станет
богатсва	1	богатства	1	рахазе:senses[1].examples[3].ru:закрытый сундук и молчаливый рот — оба два богатсва
блицнецы	1	близнецы	1	игизал:senses[0].text:блицнецы, двойняшки.
бисмила	1	бис мила	1	бисмила:senses[1].examples[0].ru:начинать, приступать к чему-либо; произнести “бисмила”
бестыжим	1	бесстыжим	1	гьумер:senses[5].examples[14].ru:бесстыжый, бессовестный, с бестыжим лицом; с лицом без кожи
бестыжий	1	бесстыжий	1	къед:senses[0].examples[10].ru:бестыжий; у стены нет стыда, и у него нет
бестыдник	1	бесстыдник	1	бодасур:senses[0].text:срамник и срамница; бестыдник и бестыдница
бессознании	1	бес сознании	1	лъай:senses[3].examples[2].ru:да окажешься ты в бессознании!
бессилным	1	бессильным	1	гӏажизлъизе:senses[0].text:(о)слабеть, ослабевать; (с)делаться нетрудоспособным, бессилным; становиться, стать слабым; (по)терять силу
беспрестаннный	1	беспрестанный	1	гьоркьоб:senses[0].examples[20].ru:беспрерывный, постоянный, беспрестаннный; неустанный
беспределе	1	беспределен	1	палахин:senses[0].examples[1].ru:быть в беспределе
беспокоющийся	1	беспокоящийся	1	кӏвар:senses[0].examples[1].ru:беззаботный, безалаберный, не беспокоющийся ни о ком, ни о чём
бесперывно	1	беспрерывно	1	кидаго:senses[0].text:всегда, постоянно, бесперывно, всё время, в любое время, когда бы то ни было
бесотановочно	1	безостановочно	2	чӏечӏого:senses[1].text:бесотановочно, беспрерывно; без простоев
беследно	1	бесследно	1	бухӏаризе:senses[0].examples[2].ru:отец горевал, думая о беследно исчезнувшем сыне
бескопой	1	беспокой	2	маххрекӏинабизе:senses[0].examples[1].ru:не бескопой шумом больную мать
бесзхозную	1	бесхозную	1	бетӏергьан:senses[0].examples[9].ru:бесзхозную скотину волк зарежет
береговушка	1	берегов ушка	1	кьугӏичӏро:senses[0].text:ласточка-береговушка
бепрерывно	1	беспрерывно	1	гьоркьоб:senses[0].examples[21].ru:бепрерывно, постоянно, беспрестанно, всё время; неустанно
белетристика	1	беллетристика	1	беллетристика:senses[0].text:белетристика
бекство	1	бегство	1	беглъи:senses[0].text:бекство
безурожайный	1	без урожайный	1	ражипорокъаб:senses[0].text:малоурожайный, безурожайный — о чесноке
безумолку	1	без умолку	1	бассаризабизе:senses[1].text:говорить безумолку; чесать, шпарить
безукорезненный	1	безукоризненный	1	абизе:senses[0].examples[15].ru:совершенный, безукорезненный, безупречный
безтворожный	1	без творожный	1	нисдакъаб:senses[0].text:безтворожный; малотворожный
безпощадно	1	беспощадно	1	гурхӏел:senses[0].examples[4].ru:безжалостно, безпощадно, жестоко; без всякого сострадания, сочувствия
безпечный	1	беспечный	1	агъазгьечӏеб:senses[0].examples[2].ru:безпечный [своё] тело губит, а обжора семью губит
безответсвенность	1	безответственность	1	кӏваргьечӏолъи:senses[0].text:безответсвенность, безалаберность, халатность
бездрожжевого	1	без дрожжевого	1	могьоргояб:senses[0].examples[0].ru:пресный хлеб, хлеб из бездрожжевого теста
безделник	1	бездельник	1	къватӏул:senses[2].examples[0].ru:бродяга; безделник, лодырь; уличный пёс
безделии	1	безделки	1	къо:senses[0].examples[9].comment:в безделии
бездейтствуешь	1	бездействуешь	1	кьижизе:senses[1].examples[0].ru:от того, что лежишь, не поправишься, и от того, что бездейтствуешь, не разбогатеешь
безволосье	1	безволосое	1	расукълъи:senses[0].text:безволосье, лысина, плешь
безвлажный	1	без влажный	1	рагьликъаб:senses[0].text:содержащий мало влаги, безвлажный
безвлажная	1	без влажная	1	рагьликъаб:senses[0].examples[0].ru:безвлажная почва
безаппетитно	1	без аппетитно	1	кваникъго:senses[0].text:безаппетитно
безавторитетный	1	без авторитетный	1	инжитаб:senses[3].text:безавторитетный, не имеющий авторитета
бежулев	1	булев	2	пекарь:senses[0].comment:чед бежулев чи
беессодержательный	1	бессодержательный	1	магӏникъаб:senses[2].text:пустой, беессодержательный
бахъи	1	бахчи	1	проекция:senses[0].text:проекция (1. геометрияб кӏагӏидаялъ сурат бахъи
бардавина	1	барда вина	1	бахьинхьоп:senses[0].text:бардавина
балхарец	1	балеарец	1	щегӏ:senses[0].examples[0].ru:балхарец приехал продавать гончарные изделия
бакринца	1	бакинца	1	бакине:senses[0].examples[1].ru:отлупить как сидорову козу; отлупить как бакринца
базалай	1	база лай	1	базалай:senses[0].text:базалай
ахира	1	аира	1	бокьизе:senses[2].examples[3].ru:Зухра полюбила Тахира || дунявияб:senses[0].examples[1].comment:коранический термин «ад-дунья» (ближний, земной мир); противоположность — «последняя жизнь» (о загробной жизни, «аль-ахира»)
аульчанин	1	нальчанин	2	гьабали:senses[0].examples[1].ru:этот-то наш аульчанин
атчи	1	матчи	1	автоматчи:senses[0].text:автоматчик || автоматчи:senses[0].examples[0].ru:отряд автоматчиков || взвод:senses[0].examples[0].ru:взвод автоматчиков
асаразул	1	аса разул	1	соната:senses[0].comment:музикалиял асаразул цо тайпа
арцул	1	ларцу	2	фунт:senses[0].examples[1].comment:Англиялъул гӏарцул цӏар
аробщица	1	рощица	2	гьокочӏужу:senses[0].text:аробщица, возница-женщина
аргъан	1	сарган	2	аккордеон:senses[0].comment:аргъан
апплодировать	1	аплодировать	1	кьабизе:senses[4].examples[1].ru:апплодировать
апплодировали	1	аплодировали	1	кьабизе:senses[4].examples[2].ru:все апплодировали певице
апиапочта	1	авиапочта	1	авиапочта:senses[0].text:апиапочта
антирелигизный	1	антирелигиозный	1	дин:senses[0].examples[7].ru:антирелигизный
анияв	1	мания	2	патриарх:senses[1].text:христиан диналъул бищун тӏадегӏанаб даражаялъул рухӏанияв хӏаким
аналочично	1	аналогично	1	гьединабго:senses[0].examples[0].ru:аналочично
аминтазу	1	амин тазу	1	аминтаза:senses[0].examples[0].ru:петь аминтазу
аминтаза	1	амин таза	1	аминтаза:senses[0].text:аминтаза
аманатство	1	магнатство	2	кьовидлъи:senses[1].text:заложничество, аманатство
аманате	1	амаранте	2	аманат:senses[1].examples[1].ru:нарушение условий договора об аманате; нарушение доверия, вероломство
аманат	1	анат	2	аманат:senses[1].text:аманат
алычевый	1	алычовый	1	алчаялъул:senses[1].text:алычевый
алейкум	1	аллейкам	2	вагӏалайкумсалам:senses[0].text:ва алейкум салам; здравствуй (ответное приветствие на
акклиматизировать	1	акклиматизироваться	2	ругьунлъизабизе:senses[2].text:приспосабливать, приучать, акклиматизировать, адаптировать
айш	1	ай	1	бищун:senses[0].text:самый, наи-, -айш-, -ейш- || бищун:senses[0].examples[3].ru:высочайший || дунявияб:senses[0].examples[1].ru:ближайшая жизнь
айсор	1	ай сор	1	айсорав:senses[0].text:айсор
аждаху	1	наждаку	2	чӏвазе:senses[0].examples[0].ru:убить аждаху
администию	1	амнистию	2	амнистия:senses[0].examples[1].ru:попасть под администию, освободиться по амнистии
аджам	1	раджам	1	гӏажам:senses[0].text:аджам
адег	1	аде	1	патриарх:senses[1].text:христиан диналъул бищун тӏадегӏанаб даражаялъул рухӏанияв хӏаким
адатов	1	агатов	1	жул:senses[0].examples[0].ru:Метла адатов
адамал	1	ада мал	1	пантеон:senses[0].text:пантеон (1. хӏурмат бугел машгьурал гӏадамал рукъарал хабзал
аггломерат	1	агломерат	1	бутӏуцӏин:senses[0].text:средоточие, аггломерат чего-либо; гуща чего-либо
автомащины	1	автомашины	1	радиатор:senses[0].examples[0].ru:радиатор автомащины
абураб	1	бура	2	кигӏан:senses[0].examples[4].comment:'абураб рагӏи' вымолвленное слово
абречеством	1	жречеством	2	гӏабурикӏлъи:senses[0].examples[0].ru:заниматься абречеством
абречество	1	жречество	2	гӏабурикӏлъи:senses[0].text:абречество
абиссины	1	абиссинцы	1	хӏабашиял:senses[0].text:эфиопы, абиссины, абиссинцы
абизе	1	абазе	1	аб-абизе:senses[0].text:от абизе
Юсуп	1	Суп	1	къаси:senses[0].examples[10].ru:Юсуп сказал, что с сегодняшнего вечера он бросит курить
Шагидав	1	Шаги дав	1	учуз:senses[0].examples[6].ru:Шагидав по дешевой цене достал шубу
Чухарай	1	Бухара	2	чӏухӏараб:senses[2].text:Чухарай
Чеэрай	1	Черпай	2	чӏегӏераб:senses[4].text:Чеэрай
Хирач	1	Хитра	2	хирач:senses[0].text:Хирач
Хатун	1	Шатун	1	хъатун:senses[2].text:Хатун
Харзин	1	Харбин	1	харзин:senses[1].text:Харзин
Хапиз	1	Папизм	2	хӏапиз:senses[1].text:Хапиз
Хамисур	1	Хами сур	1	хӏамисур:senses[1].text:Хамисур
Умалав	1	Умалив	1	гӏеблъизе:senses[0].examples[1].ru:Умалав раздался в плечах
Узден	1	Узде	1	узден:senses[1].text:Узден
Удурат	1	Удушат	1	хвел-гӏел:senses[0].examples[0].ru:Удурат всегда ходил на поминки и именины
Тируч	1	Тиру	1	тируч:senses[1].text:Тируч
Тахир	1	Тахин	1	ва#1:senses[0].examples[1].ru:Тахир да Зухра
Тарханчи	1	Тархан	2	хьондаллъизе:senses[0].examples[0].ru:Тарханчи со мной в натянутых отношениях
Сундус	1	Сундук	1	сундус:senses[2].text:Сундус
Сулейман	1	Сулема	2	гӏедегӏахъдизе:senses[0].examples[0].ru:Сулейман торопился отправиться в путь
Сиядат	1	Сия дат	1	гӏедерго:senses[0].examples[0].ru:Сиядат быстро поставила на стол вазу с цветами
Рисалат	1	Риса лат	1	рисалат:senses[1].text:Рисалат
Рашид	1	Рапид	1	инсухъачи:senses[0].examples[1].ru:Рашид его родственник по отцу
Рахмат	1	Шахмат	1	рахӏмат:senses[2].text:Рахмат
Разият	1	Разит	1	бохьаризе:senses[0].examples[0].ru:Разият занята обмазкой
Пазилат	1	Патлат	2	пазилат:senses[1].text:Пазилат
Олохан	1	Лохань	2	гӏолохъан:senses[1].text:Олохан
Нуцал	1	Нукал	1	нуцал:senses[1].text:Нуцал
Насир	1	Надир	1	насир:senses[1].text:Насир
Наиб	1	Наб	1	наиб:senses[2].text:Наиб
Назир	1	Назар	1	назир:senses[1].text:Назир
Муршид	1	Шурши	2	муршид:senses[1].text:Муршид
Мурид	1	Дурим	2	мурид:senses[2].text:Мурид
Меседу	1	Беседу	1	меседу:senses[2].text:Меседу
Махако	1	Махало	1	махӏакӏо:senses[1].text:Махако
Манарша	1	Марша	2	манарша:senses[1].text:Манарша
Мазгар	1	Разгар	1	мазгар:senses[1].text:Мазгар
Мажлис	1	Меджлис	2	мажлис:senses[3].text:Мажлис
Китилай	1	Китай	2	-гӏан:senses[0].examples[4].ru:Китилай не разговаривает столько, сколько сестра
Кикав	1	Кивка	2	кикаб:senses[1].text:Кикав
Кебед	1	Кебе	1	къебед:senses[1].text:Кебед
Квешав	1	Свешав	1	квешаб:senses[3].text:Квешав
Квача	1	Рвача	1	къвачӏа:senses[2].text:Квача
Кахав	1	Канав	1	хъахӏаб:senses[3].text:Кахав
Камиль	1	Ка миль	1	камил:senses[1].text:Камиль
Израилево	1	Израиле во	1	наслу:senses[2].examples[0].ru:Израилево колено
Игит	1	Гит	1	игит:senses[1].text:Игит
Жарадат	1	Жара дат	1	жарадат:senses[1].text:Жарадат
Дибирали	1	Добирали	1	дибир:senses[1].examples[0].ru:Дибирали
Дибир	1	Сибирь	2	дибир:senses[3].text:Дибир
Гитин	1	Гирин	1	гьитӏин:senses[1].text:Гитин
Гамид	1	Амид	1	тӏагӏине:senses[1].examples[3].ru:Гамид исчез с работы
Газияв	1	Газик	2	гъазияв:senses[0].text:Газияв
Гаджияв	1	Гадлив	2	хӏажияв:senses[0].text:Гаджияв
Влюбиласья	1	Влюбилась	1	ахир:senses[2].examples[2].ru:Влюбиласья в тебя ненадёжного
Булбул	1	Булл	2	булбул:senses[1].text:Булбул
Башир	1	Башкир	1	анкь:senses[0].examples[2].ru:Башир неделю провёл в городе
Бахарчи	1	Бах арчи	1	бахӏарчи:senses[2].text:Бахарчи
Базалай	1	База лай	1	базалай:senses[1].text:Базалай
Ахмеду	1	Ах меду	1	зачёт:senses[0].examples[2].ru:Ахмеду поставили зачет
Асхаб	1	Пасха	2	асхӏаб:senses[1].text:Асхаб
Асатин	1	Сатин	1	асатӏин:senses[1].text:Асатин
Апанди	1	Напади	2	апанди:senses[1].text:Апанди
Аминтаза	1	Амин таза	1	аминтаза:senses[1].text:Аминтаза
Алибегу	1	Али бегу	1	кӏал-бер:senses[0].examples[2].ru:Алибегу не нравилось, когда кто-нибудь обижал Зухру
Агарав	1	Гагара	2	гӏагараб:senses[3].text:Агарав
